STT,Tiêu Đề Bài Viết,Chuyên Mục,Ngày Đăng,Phase,Link Bài Gốc,Đường Dẫn File Word (.docx),Đường Dẫn File Markdown (.md)
1,"Khu du lịch Happy Land Bến Lức: hiện trạng, giá vé và địa chỉ mới","Điểm du lịch nổi tiếng",2026-08-12,Phase 1,"https://nucuoimekong.com/khu-du-lich-happy-land-ben-luc-long-an","/Users/huynhtronghieu/Documents/thericetour/nucuoimekong_blog_data/all_docx/001_khu-du-lich-happy-land-ben-luc-long-an.docx","/Users/huynhtronghieu/Documents/thericetour/nucuoimekong_blog_data/all_posts/001_khu-du-lich-happy-land-ben-luc-long-an.md"
2,"Kinh nghiệm du lịch Nam Du từ A đến Z (2026)","Khám phá và trải nghiệm",2026-08-12,Phase 1,"https://nucuoimekong.com/kinh-nghiem-du-lich-nam-du-kien-giang","/Users/huynhtronghieu/Documents/thericetour/nucuoimekong_blog_data/all_docx/002_kinh-nghiem-du-lich-nam-du-kien-giang.docx","/Users/huynhtronghieu/Documents/thericetour/nucuoimekong_blog_data/all_posts/002_kinh-nghiem-du-lich-nam-du-kien-giang.md"
3,"24 đặc sản trái cây miền Tây nổi tiếng nhất định phải thử","Toplist; Về miền Tây; Đặc sản địa phương",2026-08-12,Phase 1,"https://nucuoimekong.com/trai-cay-mien-tay-nam-bo","/Users/huynhtronghieu/Documents/thericetour/nucuoimekong_blog_data/all_docx/003_trai-cay-mien-tay-nam-bo.docx","/Users/huynhtronghieu/Documents/thericetour/nucuoimekong_blog_data/all_posts/003_trai-cay-mien-tay-nam-bo.md"
4,"Cầu Tràng Tiền Huế: Lịch sử, kiến trúc và cách tham quan","Điểm du lịch nổi tiếng",2026-08-12,Phase 1,"https://nucuoimekong.com/cau-trang-tien-hue","/Users/huynhtronghieu/Documents/thericetour/nucuoimekong_blog_data/all_docx/004_cau-trang-tien-hue.docx","/Users/huynhtronghieu/Documents/thericetour/nucuoimekong_blog_data/all_posts/004_cau-trang-tien-hue.md"
5,"Safari Mỹ Quỳnh: Giá vé, khu vui chơi và kinh nghiệm đi","Điểm du lịch nổi tiếng",2026-08-12,Phase 1,"https://nucuoimekong.com/safari-my-quynh-long-an","/Users/huynhtronghieu/Documents/thericetour/nucuoimekong_blog_data/all_docx/005_safari-my-quynh-long-an.docx","/Users/huynhtronghieu/Documents/thericetour/nucuoimekong_blog_data/all_posts/005_safari-my-quynh-long-an.md"
6,"Khăn rằn Nam Bộ: Biểu tượng văn hóa & lịch sử 300 năm của Miền Tây","Văn hóa và lễ hội",2026-08-05,Phase 1,"https://nucuoimekong.com/khan-ran-nam-bo","/Users/huynhtronghieu/Documents/thericetour/nucuoimekong_blog_data/all_docx/006_khan-ran-nam-bo.docx","/Users/huynhtronghieu/Documents/thericetour/nucuoimekong_blog_data/all_posts/006_khan-ran-nam-bo.md"
7,"Nhà cổ Huỳnh Thủy Lê – Nơi lưu giữ mối tình vượt biên giới","Điểm du lịch nổi tiếng",2026-08-04,Phase 1,"https://nucuoimekong.com/nha-co-huynh-thuy-le","/Users/huynhtronghieu/Documents/thericetour/nucuoimekong_blog_data/all_docx/007_nha-co-huynh-thuy-le.docx","/Users/huynhtronghieu/Documents/thericetour/nucuoimekong_blog_data/all_posts/007_nha-co-huynh-thuy-le.md"
8,"Khu du lịch Lan Vương: Kinh nghiệm vui chơi 2026","Điểm du lịch nổi tiếng",2026-08-04,Phase 1,"https://nucuoimekong.com/khu-du-lich-lan-vuong-ben-tre","/Users/huynhtronghieu/Documents/thericetour/nucuoimekong_blog_data/all_docx/008_khu-du-lich-lan-vuong-ben-tre.docx","/Users/huynhtronghieu/Documents/thericetour/nucuoimekong_blog_data/all_posts/008_khu-du-lich-lan-vuong-ben-tre.md"
9,"Top 20 homestay Hòn Sơn sống ảo cực “chất” 2026","Homestay; Toplist",2026-08-04,Phase 1,"https://nucuoimekong.com/homestay-hon-son","/Users/huynhtronghieu/Documents/thericetour/nucuoimekong_blog_data/all_docx/009_homestay-hon-son.docx","/Users/huynhtronghieu/Documents/thericetour/nucuoimekong_blog_data/all_posts/009_homestay-hon-son.md"
10,"Biển Cần Thơ – “Mini Beach” Cần Thơ có gì đặc biệt? (2026)","Điểm du lịch nổi tiếng",2026-08-03,Phase 1,"https://nucuoimekong.com/bien-can-tho","/Users/huynhtronghieu/Documents/thericetour/nucuoimekong_blog_data/all_docx/010_bien-can-tho.docx","/Users/huynhtronghieu/Documents/thericetour/nucuoimekong_blog_data/all_posts/010_bien-can-tho.md"
11,"Khu du lịch Bửu Long – “Vịnh Hạ Long thu nhỏ” ở Đồng Nai","Điểm du lịch nổi tiếng",2026-08-03,Phase 1,"https://nucuoimekong.com/khu-du-lich-buu-long","/Users/huynhtronghieu/Documents/thericetour/nucuoimekong_blog_data/all_docx/011_khu-du-lich-buu-long.docx","/Users/huynhtronghieu/Documents/thericetour/nucuoimekong_blog_data/all_posts/011_khu-du-lich-buu-long.md"
12,"Đặc sản Đà Lạt – Top 30 món ăn nổi tiếng mùa se lạnh","Review ẩm thực; Đặc sản địa phương",2026-08-02,Phase 1,"https://nucuoimekong.com/dac-san-da-lat","/Users/huynhtronghieu/Documents/thericetour/nucuoimekong_blog_data/all_docx/012_dac-san-da-lat.docx","/Users/huynhtronghieu/Documents/thericetour/nucuoimekong_blog_data/all_posts/012_dac-san-da-lat.md"
13,"Pizza hủ tiếu – Lò hủ tiếu truyền thống Sáu Hoài Cần Thơ (2026)","Điểm du lịch nổi tiếng",2026-07-29,Phase 1,"https://nucuoimekong.com/hu-tieu-sau-hoai","/Users/huynhtronghieu/Documents/thericetour/nucuoimekong_blog_data/all_docx/013_hu-tieu-sau-hoai.docx","/Users/huynhtronghieu/Documents/thericetour/nucuoimekong_blog_data/all_posts/013_hu-tieu-sau-hoai.md"
14,"Bánh mì Hội An | Danh sách 13 quán ăn ngon nức tiếng (2026)","Review ẩm thực; Toplist",2026-07-29,Phase 1,"https://nucuoimekong.com/banh-mi-hoi-an","/Users/huynhtronghieu/Documents/thericetour/nucuoimekong_blog_data/all_docx/014_banh-mi-hoi-an.docx","/Users/huynhtronghieu/Documents/thericetour/nucuoimekong_blog_data/all_posts/014_banh-mi-hoi-an.md"
15,"Cơm Tấm Long Xuyên –  7 quán cơm ngon nhất ở Long Xuyên","Review ẩm thực; Đặc sản địa phương",2026-07-28,Phase 1,"https://nucuoimekong.com/com-tam-long-xuyen","/Users/huynhtronghieu/Documents/thericetour/nucuoimekong_blog_data/all_docx/015_com-tam-long-xuyen.docx","/Users/huynhtronghieu/Documents/thericetour/nucuoimekong_blog_data/all_posts/015_com-tam-long-xuyen.md"
16,"Danh sách 13 Quán Lẩu Mắm Cần Thơ Ngon Mang Vị Quê Miền Tây","Toplist; Đặc sản địa phương",2026-07-28,Phase 1,"https://nucuoimekong.com/quan-lau-mam-can-tho-ngon","/Users/huynhtronghieu/Documents/thericetour/nucuoimekong_blog_data/all_docx/016_quan-lau-mam-can-tho-ngon.docx","/Users/huynhtronghieu/Documents/thericetour/nucuoimekong_blog_data/all_posts/016_quan-lau-mam-can-tho-ngon.md"
17,"Miếu Bà Chúa Xứ – Điểm du lịch tâm linh nổi tiếng ở An Giang","Văn hóa và lễ hội; Điểm du lịch nổi tiếng",2026-07-27,Phase 1,"https://nucuoimekong.com/mieu-ba-chua-xu","/Users/huynhtronghieu/Documents/thericetour/nucuoimekong_blog_data/all_docx/017_mieu-ba-chua-xu.docx","/Users/huynhtronghieu/Documents/thericetour/nucuoimekong_blog_data/all_posts/017_mieu-ba-chua-xu.md"
18,"Khách sạn Cần Thơ – Top 10 khách sạn “xịn sò” nhất 2026","Khách sạn; Toplist",2026-07-27,Phase 1,"https://nucuoimekong.com/khach-san-can-tho","/Users/huynhtronghieu/Documents/thericetour/nucuoimekong_blog_data/all_docx/018_khach-san-can-tho.docx","/Users/huynhtronghieu/Documents/thericetour/nucuoimekong_blog_data/all_posts/018_khach-san-can-tho.md"
19,"Làng hoa Sa Đéc – “Vương quốc hoa” sắc màu ở Đồng Tháp","Điểm du lịch nổi tiếng",2026-07-27,Phase 1,"https://nucuoimekong.com/lang-hoa-sa-dec","/Users/huynhtronghieu/Documents/thericetour/nucuoimekong_blog_data/all_docx/019_lang-hoa-sa-dec.docx","/Users/huynhtronghieu/Documents/thericetour/nucuoimekong_blog_data/all_posts/019_lang-hoa-sa-dec.md"
20,"Top 9 khu chợ Cần Thơ nổi tiếng không thể bỏ lỡ năm 2026","Toplist Cần Thơ",2026-07-26,Phase 1,"https://nucuoimekong.com/cho-can-tho","/Users/huynhtronghieu/Documents/thericetour/nucuoimekong_blog_data/all_docx/020_cho-can-tho.docx","/Users/huynhtronghieu/Documents/thericetour/nucuoimekong_blog_data/all_posts/020_cho-can-tho.md"
21,"Chùa Som Rong Sóc Trăng – Cẩm nang tham quan & chụp ảnh đẹp từ A–Z (2026)","Điểm du lịch nổi tiếng",2026-07-22,Phase 1,"https://nucuoimekong.com/chua-som-rong-soc-trang","/Users/huynhtronghieu/Documents/thericetour/nucuoimekong_blog_data/all_docx/021_chua-som-rong-soc-trang.docx","/Users/huynhtronghieu/Documents/thericetour/nucuoimekong_blog_data/all_posts/021_chua-som-rong-soc-trang.md"
22,"Nhà hát Cao Văn Lầu – Check-in “Nhà hát nón lá” lớn nhất Việt Nam","Điểm du lịch nổi tiếng",2026-07-22,Phase 1,"https://nucuoimekong.com/nha-hat-cao-van-lau","/Users/huynhtronghieu/Documents/thericetour/nucuoimekong_blog_data/all_docx/022_nha-hat-cao-van-lau.docx","/Users/huynhtronghieu/Documents/thericetour/nucuoimekong_blog_data/all_posts/022_nha-hat-cao-van-lau.md"
23,"Cẩm nang du lịch trải nghiệm Chợ nổi Cái Răng hoàn hảo nhất 2026","Điểm du lịch nổi tiếng",2026-07-22,Phase 1,"https://nucuoimekong.com/cho-noi-cai-rang-can-tho","/Users/huynhtronghieu/Documents/thericetour/nucuoimekong_blog_data/all_docx/023_cho-noi-cai-rang-can-tho.docx","/Users/huynhtronghieu/Documents/thericetour/nucuoimekong_blog_data/all_posts/023_cho-noi-cai-rang-can-tho.md"
24,"Mercury Phu Quoc Resort & Villas – đối tác lưu trú Phú Quốc","Đối tác",2026-07-21,Phase 1,"https://nucuoimekong.com/mercury-phu-quoc-resort-villas","/Users/huynhtronghieu/Documents/thericetour/nucuoimekong_blog_data/all_docx/024_mercury-phu-quoc-resort-villas.docx","/Users/huynhtronghieu/Documents/thericetour/nucuoimekong_blog_data/all_posts/024_mercury-phu-quoc-resort-villas.md"
25,"Tổng hợp toàn bộ dịch vụ tại Nụ Cười Mê Kông 2026","Dịch vụ; Tin tức",2026-07-21,Phase 1,"https://nucuoimekong.com/tong-hop-dich-vu-tai-nu-cuoi-me-kong","/Users/huynhtronghieu/Documents/thericetour/nucuoimekong_blog_data/all_docx/025_tong-hop-dich-vu-tai-nu-cuoi-me-kong.docx","/Users/huynhtronghieu/Documents/thericetour/nucuoimekong_blog_data/all_posts/025_tong-hop-dich-vu-tai-nu-cuoi-me-kong.md"
26,"Dinh Cậu Phú Quốc – Truyền thuyết ly kỳ và biểu tượng tâm linh nổi tiếng","Điểm du lịch nổi tiếng",2026-07-20,Phase 1,"https://nucuoimekong.com/dinh-cau-phu-quoc","/Users/huynhtronghieu/Documents/thericetour/nucuoimekong_blog_data/all_docx/026_dinh-cau-phu-quoc.docx","/Users/huynhtronghieu/Documents/thericetour/nucuoimekong_blog_data/all_posts/026_dinh-cau-phu-quoc.md"
27,"Bún nước lèo Sóc Trăng – Đặc sản trứ danh ở đất miền Tây (2026)","Review ẩm thực; Đặc sản địa phương",2026-07-19,Phase 1,"https://nucuoimekong.com/dac-san-bun-nuoc-leo-soc-trang","/Users/huynhtronghieu/Documents/thericetour/nucuoimekong_blog_data/all_docx/027_dac-san-bun-nuoc-leo-soc-trang.docx","/Users/huynhtronghieu/Documents/thericetour/nucuoimekong_blog_data/all_posts/027_dac-san-bun-nuoc-leo-soc-trang.md"
28,"Chùa Dơi Sóc Trăng-Ngôi chùa cổ với câu chuyện kì bí (2026)","Điểm du lịch nổi tiếng",2026-07-19,Phase 1,"https://nucuoimekong.com/chua-doi-soc-trang","/Users/huynhtronghieu/Documents/thericetour/nucuoimekong_blog_data/all_docx/028_chua-doi-soc-trang.docx","/Users/huynhtronghieu/Documents/thericetour/nucuoimekong_blog_data/all_posts/028_chua-doi-soc-trang.md"
29,"Cánh đồng Điện gió Bạc Liêu – Địa Điểm “Sống Ảo” Cực Chất","Điểm du lịch nổi tiếng",2026-07-19,Phase 1,"https://nucuoimekong.com/canh-dong-dien-gio-bac-lieu","/Users/huynhtronghieu/Documents/thericetour/nucuoimekong_blog_data/all_docx/029_canh-dong-dien-gio-bac-lieu.docx","/Users/huynhtronghieu/Documents/thericetour/nucuoimekong_blog_data/all_posts/029_canh-dong-dien-gio-bac-lieu.md"
30,"Tàu Trường Tuyền Cần Thơ – đối tác chiến lược của Nụ Cười Mê Kông","Đối tác",2026-07-16,Phase 1,"https://nucuoimekong.com/tau-truong-tuyen","/Users/huynhtronghieu/Documents/thericetour/nucuoimekong_blog_data/all_docx/030_tau-truong-tuyen.docx","/Users/huynhtronghieu/Documents/thericetour/nucuoimekong_blog_data/all_posts/030_tau-truong-tuyen.md"
31,"33 địa điểm du lịch Vĩnh Long sau sáp nhập đáng trải nghiệm","Khám phá và trải nghiệm",2026-07-15,Phase 1,"https://nucuoimekong.com/dia-diem-du-lich-vinh-long","/Users/huynhtronghieu/Documents/thericetour/nucuoimekong_blog_data/all_docx/031_dia-diem-du-lich-vinh-long.docx","/Users/huynhtronghieu/Documents/thericetour/nucuoimekong_blog_data/all_posts/031_dia-diem-du-lich-vinh-long.md"
32,"Nhà Công tử Bạc Liêu: Giá vé, giờ mở cửa và kinh nghiệm tham quan","Điểm du lịch nổi tiếng",2026-07-14,Phase 1,"https://nucuoimekong.com/nha-cong-tu-bac-lieu","/Users/huynhtronghieu/Documents/thericetour/nucuoimekong_blog_data/all_docx/032_nha-cong-tu-bac-lieu.docx","/Users/huynhtronghieu/Documents/thericetour/nucuoimekong_blog_data/all_posts/032_nha-cong-tu-bac-lieu.md"
33,"Công viên nước Đầm Sen – Đại dương trò chơi ở Sài Gòn 2026","Điểm du lịch nổi tiếng",2026-07-13,Phase 1,"https://nucuoimekong.com/cong-vien-nuoc-dam-sen","/Users/huynhtronghieu/Documents/thericetour/nucuoimekong_blog_data/all_docx/033_cong-vien-nuoc-dam-sen.docx","/Users/huynhtronghieu/Documents/thericetour/nucuoimekong_blog_data/all_posts/033_cong-vien-nuoc-dam-sen.md"
34,"Cù lao Tân Quy – Đặc sắc miệt vườn sông nước Vĩnh Long (2026)","Điểm du lịch nổi tiếng",2026-07-13,Phase 1,"https://nucuoimekong.com/cu-lao-tan-quy","/Users/huynhtronghieu/Documents/thericetour/nucuoimekong_blog_data/all_docx/034_cu-lao-tan-quy.docx","/Users/huynhtronghieu/Documents/thericetour/nucuoimekong_blog_data/all_posts/034_cu-lao-tan-quy.md"
35,"Số điện thoại taxi Cần Thơ cập nhật năm 2026 – Còn hoạt động","Tips du lịch hay",2026-07-13,Phase 1,"https://nucuoimekong.com/so-dien-thoai-taxi-can-tho","/Users/huynhtronghieu/Documents/thericetour/nucuoimekong_blog_data/all_docx/035_so-dien-thoai-taxi-can-tho.docx","/Users/huynhtronghieu/Documents/thericetour/nucuoimekong_blog_data/all_posts/035_so-dien-thoai-taxi-can-tho.md"
36,"Trại Rắn Đồng Tâm – Kinh nghiệm, địa chỉ, giá vé cập nhật 2026","Điểm du lịch nổi tiếng",2026-07-12,Phase 1,"https://nucuoimekong.com/trai-ran-dong-tam-tien-giang","/Users/huynhtronghieu/Documents/thericetour/nucuoimekong_blog_data/all_docx/036_trai-ran-dong-tam-tien-giang.docx","/Users/huynhtronghieu/Documents/thericetour/nucuoimekong_blog_data/all_posts/036_trai-ran-dong-tam-tien-giang.md"
37,"Làng nổi Tân Lập Long An – Kinh nghiệm du lịch tự túc (2026)","Điểm du lịch nổi tiếng",2026-07-09,Phase 1,"https://nucuoimekong.com/lang-noi-tan-lap-long-an","/Users/huynhtronghieu/Documents/thericetour/nucuoimekong_blog_data/all_docx/037_lang-noi-tan-lap-long-an.docx","/Users/huynhtronghieu/Documents/thericetour/nucuoimekong_blog_data/all_posts/037_lang-noi-tan-lap-long-an.md"
38,"Kinh nghiệm du lịch Long An – Top 7 điểm du lịch thơ mộng (2026)","Khám phá và trải nghiệm",2026-07-09,Phase 1,"https://nucuoimekong.com/kinh-nghiem-du-lich-long-an","/Users/huynhtronghieu/Documents/thericetour/nucuoimekong_blog_data/all_docx/038_kinh-nghiem-du-lich-long-an.docx","/Users/huynhtronghieu/Documents/thericetour/nucuoimekong_blog_data/all_posts/038_kinh-nghiem-du-lich-long-an.md"
39,"Top 15 món đặc sản Long An ngon nhất định phải thử (2026)","Toplist; Đặc sản địa phương",2026-07-09,Phase 1,"https://nucuoimekong.com/dac-san-long-an","/Users/huynhtronghieu/Documents/thericetour/nucuoimekong_blog_data/all_docx/039_dac-san-long-an.docx","/Users/huynhtronghieu/Documents/thericetour/nucuoimekong_blog_data/all_posts/039_dac-san-long-an.md"
40,"HTX du lịch Cồn Sơn – đối tác du lịch cộng đồng chiến lược| Nụ Cười Mê Kông","Đối tác",2026-07-08,Phase 1,"https://nucuoimekong.com/doi-tac-hop-tac-xa-du-lich-con-son","/Users/huynhtronghieu/Documents/thericetour/nucuoimekong_blog_data/all_docx/040_doi-tac-hop-tac-xa-du-lich-con-son.docx","/Users/huynhtronghieu/Documents/thericetour/nucuoimekong_blog_data/all_posts/040_doi-tac-hop-tac-xa-du-lich-con-son.md"
41,"Kinh nghiệm du lịch Tiền Giang 2026: Top 15+ địa điểm và đặc sản nổi tiếng","Toplist; Điểm du lịch nổi tiếng",2026-07-08,Phase 1,"https://nucuoimekong.com/dia-diem-du-lich-tien-giang","/Users/huynhtronghieu/Documents/thericetour/nucuoimekong_blog_data/all_docx/041_dia-diem-du-lich-tien-giang.docx","/Users/huynhtronghieu/Documents/thericetour/nucuoimekong_blog_data/all_posts/041_dia-diem-du-lich-tien-giang.md"
42,"Top 17+ địa điểm du lịch Đồng Tháp hấp dẫn không thể bỏ lỡ","Khám phá và trải nghiệm; Điểm du lịch nổi tiếng",2026-07-07,Phase 1,"https://nucuoimekong.com/du-lich-dong-thap-co-gi-choi","/Users/huynhtronghieu/Documents/thericetour/nucuoimekong_blog_data/all_docx/042_du-lich-dong-thap-co-gi-choi.docx","/Users/huynhtronghieu/Documents/thericetour/nucuoimekong_blog_data/all_posts/042_du-lich-dong-thap-co-gi-choi.md"
43,"Kinh nghiệm du lịch Cần Thơ 2026: Top 10 địa điểm du lịch hấp dẫn nhất","Khám phá và trải nghiệm",2026-07-07,Phase 1,"https://nucuoimekong.com/kinh-nghiem-du-lich-can-tho","/Users/huynhtronghieu/Documents/thericetour/nucuoimekong_blog_data/all_docx/043_kinh-nghiem-du-lich-can-tho.docx","/Users/huynhtronghieu/Documents/thericetour/nucuoimekong_blog_data/all_posts/043_kinh-nghiem-du-lich-can-tho.md"
44,"Xe Phạm Ngô Cần Thơ – đối tác cho thuê xe du lịch chiến lược của Nụ Cười Mê Kông","Đối tác",2026-07-06,Phase 1,"https://nucuoimekong.com/xe-pham-ngo-can-tho","/Users/huynhtronghieu/Documents/thericetour/nucuoimekong_blog_data/all_docx/044_xe-pham-ngo-can-tho.docx","/Users/huynhtronghieu/Documents/thericetour/nucuoimekong_blog_data/all_posts/044_xe-pham-ngo-can-tho.md"
45,"Đối tác Tân Đại Phong – bến tàu du lịch hiện đại tại Cần Thơ","Đối tác",2026-07-06,Phase 1,"https://nucuoimekong.com/doi-tac-tan-dai-phong","/Users/huynhtronghieu/Documents/thericetour/nucuoimekong_blog_data/all_docx/045_doi-tac-tan-dai-phong.docx","/Users/huynhtronghieu/Documents/thericetour/nucuoimekong_blog_data/all_posts/045_doi-tac-tan-dai-phong.md"
46,"Xe Phát Đạt Cần Thơ – Đối tác vận chuyển của Nụ Cười Mê Kông","Đối tác",2026-07-06,Phase 1,"https://nucuoimekong.com/xe-phat-dat-can-tho","/Users/huynhtronghieu/Documents/thericetour/nucuoimekong_blog_data/all_docx/046_xe-phat-dat-can-tho.docx","/Users/huynhtronghieu/Documents/thericetour/nucuoimekong_blog_data/all_posts/046_xe-phat-dat-can-tho.md"
47,"Du lịch Cà Mau – Điểm cuối cùng cực Nam của Tổ Quốc (2026)","Khám phá và trải nghiệm",2026-07-06,Phase 1,"https://nucuoimekong.com/kinh-nghiem-du-lich-ca-mau","/Users/huynhtronghieu/Documents/thericetour/nucuoimekong_blog_data/all_docx/047_kinh-nghiem-du-lich-ca-mau.docx","/Users/huynhtronghieu/Documents/thericetour/nucuoimekong_blog_data/all_posts/047_kinh-nghiem-du-lich-ca-mau.md"
48,"Bến Ninh Kiều Cần Thơ có gì ăn chơi? Cẩm Nang du lịch CHI TIẾT A-Z 2026","Điểm du lịch nổi tiếng",2026-06-29,Phase 1,"https://nucuoimekong.com/ben-ninh-kieu","/Users/huynhtronghieu/Documents/thericetour/nucuoimekong_blog_data/all_docx/048_ben-ninh-kieu.docx","/Users/huynhtronghieu/Documents/thericetour/nucuoimekong_blog_data/all_posts/048_ben-ninh-kieu.md"
49,"Tổng hợp 3 hành trình du lịch miền Tây 1 ngày giá rẻ","Toplist",2026-06-28,Phase 1,"https://nucuoimekong.com/tong-hop-tour-du-lich-mien-tay-1-ngay","/Users/huynhtronghieu/Documents/thericetour/nucuoimekong_blog_data/all_docx/049_tong-hop-tour-du-lich-mien-tay-1-ngay.docx","/Users/huynhtronghieu/Documents/thericetour/nucuoimekong_blog_data/all_posts/049_tong-hop-tour-du-lich-mien-tay-1-ngay.md"
50,"Tuần lễ văn hóa du lịch Cần Thơ 2026: lịch hoạt động","Tin tức",2026-06-17,Phase 1,"https://nucuoimekong.com/tuan-le-van-hoa-du-lich-can-tho-2026","/Users/huynhtronghieu/Documents/thericetour/nucuoimekong_blog_data/all_docx/050_tuan-le-van-hoa-du-lich-can-tho-2026.docx","/Users/huynhtronghieu/Documents/thericetour/nucuoimekong_blog_data/all_posts/050_tuan-le-van-hoa-du-lich-can-tho-2026.md"
51,"Chính sách phát triển bền vững của Nụ Cười Mê Kông","Phát triển bền vững",2026-06-05,Phase 1,"https://nucuoimekong.com/chinh-sach-phat-trien-ben-vung","/Users/huynhtronghieu/Documents/thericetour/nucuoimekong_blog_data/all_docx/051_chinh-sach-phat-trien-ben-vung.docx","/Users/huynhtronghieu/Documents/thericetour/nucuoimekong_blog_data/all_posts/051_chinh-sach-phat-trien-ben-vung.md"
52,"Giá thuê cano đi Đất Mũi hành trình 55km xuyên rừng đước Cà Mau","Thuê tàu, ghe",2026-06-02,Phase 1,"https://nucuoimekong.com/gia-ve-tau-cao-toc-di-dat-mui-nam-can-ca-mau","/Users/huynhtronghieu/Documents/thericetour/nucuoimekong_blog_data/all_docx/052_gia-ve-tau-cao-toc-di-dat-mui-nam-can-ca-mau.docx","/Users/huynhtronghieu/Documents/thericetour/nucuoimekong_blog_data/all_posts/052_gia-ve-tau-cao-toc-di-dat-mui-nam-can-ca-mau.md"
53,"Checklist trưởng đoàn tour đoàn doanh nghiệp đầy đủ nhất","Tips du lịch hay",2026-05-29,Phase 1,"https://nucuoimekong.com/checklist-truong-doan-tour-doan-doanh-nghiep","/Users/huynhtronghieu/Documents/thericetour/nucuoimekong_blog_data/all_docx/053_checklist-truong-doan-tour-doan-doanh-nghiep.docx","/Users/huynhtronghieu/Documents/thericetour/nucuoimekong_blog_data/all_posts/053_checklist-truong-doan-tour-doan-doanh-nghiep.md"
54,"Kinh nghiệm du lịch Đảo Nami – Gangwon Hàn Quốc 4 mùa trong năm","Điểm du lịch nổi tiếng",2026-05-26,Phase 1,"https://nucuoimekong.com/dao-nami-han-quoc","/Users/huynhtronghieu/Documents/thericetour/nucuoimekong_blog_data/all_docx/054_dao-nami-han-quoc.docx","/Users/huynhtronghieu/Documents/thericetour/nucuoimekong_blog_data/all_posts/054_dao-nami-han-quoc.md"
55,"Nụ Cười Mê Kông hợp tác Trung Sơn Clinic & Center Lab Việt Nam","Đối tác",2026-05-21,Phase 1,"https://nucuoimekong.com/trung-son-clinic-can-tho","/Users/huynhtronghieu/Documents/thericetour/nucuoimekong_blog_data/all_docx/055_trung-son-clinic-can-tho.docx","/Users/huynhtronghieu/Documents/thericetour/nucuoimekong_blog_data/all_posts/055_trung-son-clinic-can-tho.md"
56,"Trồng rừng ngập mặn Cù Lao Dung – Ngày Môi Trường Thế Giới","Phát triển bền vững",2026-05-21,Phase 1,"https://nucuoimekong.com/trong-rung-ngap-man-cu-lao-dung","/Users/huynhtronghieu/Documents/thericetour/nucuoimekong_blog_data/all_docx/056_trong-rung-ngap-man-cu-lao-dung.docx","/Users/huynhtronghieu/Documents/thericetour/nucuoimekong_blog_data/all_posts/056_trong-rung-ngap-man-cu-lao-dung.md"
57,"Phòng Khám Đa Khoa Hồng Đức – cùng nhau vươn ra biển lớn","Chưa phân loại; Tour đoàn",2026-05-15,Phase 1,"https://nucuoimekong.com/phong-kham-da-khoa-hong-duc","/Users/huynhtronghieu/Documents/thericetour/nucuoimekong_blog_data/all_docx/057_phong-kham-da-khoa-hong-duc.docx","/Users/huynhtronghieu/Documents/thericetour/nucuoimekong_blog_data/all_posts/057_phong-kham-da-khoa-hong-duc.md"
58,"Vui hè thả ga – Deal hời cực đã | Khuyến mãi tour hè 2026 Nụ Cười Mê Kông","Khuyến mãi - Mã giảm giá",2026-05-14,Phase 1,"https://nucuoimekong.com/khuyen-mai-tour-he","/Users/huynhtronghieu/Documents/thericetour/nucuoimekong_blog_data/all_docx/058_khuyen-mai-tour-he.docx","/Users/huynhtronghieu/Documents/thericetour/nucuoimekong_blog_data/all_posts/058_khuyen-mai-tour-he.md"
59,"Đại Gia Đình Nhựt Tùng cùng ra biển – Hành trình tri ân tại Phú Quốc","Tour đoàn",2026-05-12,Phase 1,"https://nucuoimekong.com/tour-doan-nha-phan-phoi-nhut-tung","/Users/huynhtronghieu/Documents/thericetour/nucuoimekong_blog_data/all_docx/059_tour-doan-nha-phan-phoi-nhut-tung.docx","/Users/huynhtronghieu/Documents/thericetour/nucuoimekong_blog_data/all_posts/059_tour-doan-nha-phan-phoi-nhut-tung.md"
60,"Tour Đoàn Công Ty ISC – Tập Đoàn TH khám phá Cần Thơ – An Giang 4N3D","Tour đoàn",2026-05-12,Phase 1,"https://nucuoimekong.com/tour-doan-cong-ty-isc-tap-doan-th-can-tho-an-giang","/Users/huynhtronghieu/Documents/thericetour/nucuoimekong_blog_data/all_docx/060_tour-doan-cong-ty-isc-tap-doan-th-can-tho-an-giang.docx","/Users/huynhtronghieu/Documents/thericetour/nucuoimekong_blog_data/all_posts/060_tour-doan-cong-ty-isc-tap-doan-th-can-tho-an-giang.md"
61,"Thuê xe Côn Đảo giá rẻ – Xe 7, 16, 29, 34, 39, 47 chỗ (2026)","Thuê xe",2026-05-12,Phase 1,"https://nucuoimekong.com/thue-xe-con-dao","/Users/huynhtronghieu/Documents/thericetour/nucuoimekong_blog_data/all_docx/061_thue-xe-con-dao.docx","/Users/huynhtronghieu/Documents/thericetour/nucuoimekong_blog_data/all_posts/061_thue-xe-con-dao.md"
62,"Bệnh Viện Quốc Tế Phương Châu – 4 năm đồng hành với hơn 3000 du khách","Tour đoàn",2026-05-12,Phase 1,"https://nucuoimekong.com/tour-doan-benh-vien-quoc-te-phuong-chau","/Users/huynhtronghieu/Documents/thericetour/nucuoimekong_blog_data/all_docx/062_tour-doan-benh-vien-quoc-te-phuong-chau.docx","/Users/huynhtronghieu/Documents/thericetour/nucuoimekong_blog_data/all_posts/062_tour-doan-benh-vien-quoc-te-phuong-chau.md"
63,"Tour đoàn Eximbank Cần Thơ tại Phan Thiết – Gắn kết niềm tin, vượt mọi hành trình","Tour đoàn",2026-05-07,Phase 1,"https://nucuoimekong.com/tour-doan-eximbank-can-tho-tai-phan-thiet","/Users/huynhtronghieu/Documents/thericetour/nucuoimekong_blog_data/all_docx/063_tour-doan-eximbank-can-tho-tai-phan-thiet.docx","/Users/huynhtronghieu/Documents/thericetour/nucuoimekong_blog_data/all_posts/063_tour-doan-eximbank-can-tho-tai-phan-thiet.md"
64,"Hành trình Vietbank tại Phan Thiết – 18 năm mạnh mẽ vươn cao","Tour đoàn",2026-05-07,Phase 1,"https://nucuoimekong.com/tour-doan-vietbank-tai-phan-thiet","/Users/huynhtronghieu/Documents/thericetour/nucuoimekong_blog_data/all_docx/064_tour-doan-vietbank-tai-phan-thiet.docx","/Users/huynhtronghieu/Documents/thericetour/nucuoimekong_blog_data/all_posts/064_tour-doan-vietbank-tai-phan-thiet.md"
65,"Thuê tàu Châu Đốc Làng Chăm Châu Giang- Nhà Dệt- Thánh Đường Hồi Giáo","Thuê tàu, ghe",2026-05-05,Phase 1,"https://nucuoimekong.com/thue-tau-chau-doc-lang-cham","/Users/huynhtronghieu/Documents/thericetour/nucuoimekong_blog_data/all_docx/065_thue-tau-chau-doc-lang-cham.docx","/Users/huynhtronghieu/Documents/thericetour/nucuoimekong_blog_data/all_posts/065_thue-tau-chau-doc-lang-cham.md"
66,"Du Lịch An Giang – Kinh nghiệm du lịch từ A đến Z (2026)","Khám phá và trải nghiệm",2026-05-05,Phase 1,"https://nucuoimekong.com/kinh-nghiem-du-lich-an-giang","/Users/huynhtronghieu/Documents/thericetour/nucuoimekong_blog_data/all_docx/066_kinh-nghiem-du-lich-an-giang.docx","/Users/huynhtronghieu/Documents/thericetour/nucuoimekong_blog_data/all_posts/066_kinh-nghiem-du-lich-an-giang.md"
67,"Rừng Tràm Trà Sư An Giang – Thiên Đường Xanh Giữa Miền Tây 2026","Điểm du lịch nổi tiếng",2026-04-28,Phase 1,"https://nucuoimekong.com/rung-tram-tra-su","/Users/huynhtronghieu/Documents/thericetour/nucuoimekong_blog_data/all_docx/067_rung-tram-tra-su.docx","/Users/huynhtronghieu/Documents/thericetour/nucuoimekong_blog_data/all_posts/067_rung-tram-tra-su.md"
68,"Kinh nghiệm du lịch Sóc Trăng chi tiết và cập nhật mới nhất","Khám phá và trải nghiệm",2026-04-27,Phase 1,"https://nucuoimekong.com/kinh-nghiem-du-lich-soc-trang","/Users/huynhtronghieu/Documents/thericetour/nucuoimekong_blog_data/all_docx/068_kinh-nghiem-du-lich-soc-trang.docx","/Users/huynhtronghieu/Documents/thericetour/nucuoimekong_blog_data/all_posts/068_kinh-nghiem-du-lich-soc-trang.md"
69,"Top 15 vườn trái cây Cần Thơ nổi tiếng nhất kèm giá vé 2026","Toplist; Điểm du lịch nổi tiếng",2026-04-27,Phase 1,"https://nucuoimekong.com/miet-vuon-trai-cay-can-tho","/Users/huynhtronghieu/Documents/thericetour/nucuoimekong_blog_data/all_docx/069_miet-vuon-trai-cay-can-tho.docx","/Users/huynhtronghieu/Documents/thericetour/nucuoimekong_blog_data/all_posts/069_miet-vuon-trai-cay-can-tho.md"
70,"CSE – Vietbank Study Tour 2026 tại Vũng Tàu: Từ giảng đường đến thực tế","Tour đoàn",2026-04-24,Phase 1,"https://nucuoimekong.com/vietbank-study-tour-2026","/Users/huynhtronghieu/Documents/thericetour/nucuoimekong_blog_data/all_docx/070_vietbank-study-tour-2026.docx","/Users/huynhtronghieu/Documents/thericetour/nucuoimekong_blog_data/all_posts/070_vietbank-study-tour-2026.md"
71,"Gieo nụ cười: Chuỗi hoạt động thiện nguyện vì cộng đồng của Nụ Cười Mê Kông","Phát triển bền vững",2026-04-22,Phase 1,"https://nucuoimekong.com/hanh-trinh-gieo-nu-cuoi","/Users/huynhtronghieu/Documents/thericetour/nucuoimekong_blog_data/all_docx/071_hanh-trinh-gieo-nu-cuoi.docx","/Users/huynhtronghieu/Documents/thericetour/nucuoimekong_blog_data/all_posts/071_hanh-trinh-gieo-nu-cuoi.md"
72,"Nụ Cười Mê Kông đồng hành diễn đàn “Xây dựng tình bạn đẹp – Nói không với bạo lực học đường”","Phát triển bền vững; Tin tức",2026-04-22,Phase 1,"https://nucuoimekong.com/nu-cuoi-me-kong-dong-hanh-dien-dan-xay-dung-tinh-ban-dep","/Users/huynhtronghieu/Documents/thericetour/nucuoimekong_blog_data/all_docx/072_nu-cuoi-me-kong-dong-hanh-dien-dan-xay-dung-tinh-ban-dep.docx","/Users/huynhtronghieu/Documents/thericetour/nucuoimekong_blog_data/all_posts/072_nu-cuoi-me-kong-dong-hanh-dien-dan-xay-dung-tinh-ban-dep.md"
73,"Giám đốc Nụ Cười Mê Kông được vinh danh Giám đốc lữ hành tiêu biểu 2025","Tin tức",2026-04-20,Phase 1,"https://nucuoimekong.com/giam-doc-lu-hanh-tieu-bieu-2025","/Users/huynhtronghieu/Documents/thericetour/nucuoimekong_blog_data/all_docx/073_giam-doc-lu-hanh-tieu-bieu-2025.docx","/Users/huynhtronghieu/Documents/thericetour/nucuoimekong_blog_data/all_posts/073_giam-doc-lu-hanh-tieu-bieu-2025.md"
74,"“Rụng tim” với Top 15 khu du lịch sinh thái Cần Thơ 2026","Toplist; Điểm du lịch nổi tiếng",2026-04-19,Phase 1,"https://nucuoimekong.com/khu-du-lich-sinh-thai-can-tho","/Users/huynhtronghieu/Documents/thericetour/nucuoimekong_blog_data/all_docx/074_khu-du-lich-sinh-thai-can-tho.docx","/Users/huynhtronghieu/Documents/thericetour/nucuoimekong_blog_data/all_posts/074_khu-du-lich-sinh-thai-can-tho.md"
75,"Review Hồ Thác Bà: Chèo thuyền, cắm trại & trải nghiệm văn hóa","Điểm du lịch nổi tiếng",2026-04-17,Phase 1,"https://nucuoimekong.com/ho-thac-ba","/Users/huynhtronghieu/Documents/thericetour/nucuoimekong_blog_data/all_docx/075_ho-thac-ba.docx","/Users/huynhtronghieu/Documents/thericetour/nucuoimekong_blog_data/all_posts/075_ho-thac-ba.md"
76,"Tuyên bố Sứ mệnh Du lịch Bền vững của Nụ Cười Mê Kông","Phát triển bền vững",2026-04-17,Phase 1,"https://nucuoimekong.com/su-menh-du-lich-ben-vung","/Users/huynhtronghieu/Documents/thericetour/nucuoimekong_blog_data/all_docx/076_su-menh-du-lich-ben-vung.docx","/Users/huynhtronghieu/Documents/thericetour/nucuoimekong_blog_data/all_posts/076_su-menh-du-lich-ben-vung.md"
77,"Mini App Nụ Cười Mê Kông: Đặt tour dễ dàng, nhận ngàn ưu đãi","Khuyến mãi - Mã giảm giá",2026-04-14,Phase 1,"https://nucuoimekong.com/mini-app-nu-cuoi-me-kong","/Users/huynhtronghieu/Documents/thericetour/nucuoimekong_blog_data/all_docx/077_mini-app-nu-cuoi-me-kong.docx","/Users/huynhtronghieu/Documents/thericetour/nucuoimekong_blog_data/all_posts/077_mini-app-nu-cuoi-me-kong.md"
78,"Đèo Khau Phạ – Tứ đại đỉnh đèo tại vùng cao Lào Cai","Điểm du lịch nổi tiếng",2026-04-13,Phase 1,"https://nucuoimekong.com/deo-khau-pha","/Users/huynhtronghieu/Documents/thericetour/nucuoimekong_blog_data/all_docx/078_deo-khau-pha.docx","/Users/huynhtronghieu/Documents/thericetour/nucuoimekong_blog_data/all_posts/078_deo-khau-pha.md"
79,"Đền thờ vua Hùng tại Cần Thơ – Điểm đến nổi bật năm 2026","Điểm du lịch nổi tiếng",2026-04-13,Phase 1,"https://nucuoimekong.com/den-tho-vua-hung-tai-can-tho","/Users/huynhtronghieu/Documents/thericetour/nucuoimekong_blog_data/all_docx/079_den-tho-vua-hung-tai-can-tho.docx","/Users/huynhtronghieu/Documents/thericetour/nucuoimekong_blog_data/all_posts/079_den-tho-vua-hung-tai-can-tho.md"
80,"Nhà hàng Cần Thơ – Top 12 nhà hàng nổi tiếng tại Cần Thơ (2026)","Review ẩm thực; Toplist",2026-04-12,Phase 1,"https://nucuoimekong.com/nha-hang-can-tho","/Users/huynhtronghieu/Documents/thericetour/nucuoimekong_blog_data/all_docx/080_nha-hang-can-tho.docx","/Users/huynhtronghieu/Documents/thericetour/nucuoimekong_blog_data/all_posts/080_nha-hang-can-tho.md"
81,"Top 10 phòng vé máy bay Cần Thơ – Săn vé máy bay giá rẻ (2026)","Toplist Cần Thơ; Vé máy bay",2026-04-12,Phase 1,"https://nucuoimekong.com/top-10-phong-ve-may-bay-can-tho","/Users/huynhtronghieu/Documents/thericetour/nucuoimekong_blog_data/all_docx/081_top-10-phong-ve-may-bay-can-tho.docx","/Users/huynhtronghieu/Documents/thericetour/nucuoimekong_blog_data/all_posts/081_top-10-phong-ve-may-bay-can-tho.md"
82,"Mộ Hàn Mặc Tử Quy Nhơn – Hành trình về với thi sĩ tài hoa yểu mệnh","Điểm du lịch nổi tiếng",2026-04-09,Phase 1,"https://nucuoimekong.com/mo-han-mac-tu","/Users/huynhtronghieu/Documents/thericetour/nucuoimekong_blog_data/all_docx/082_mo-han-mac-tu.docx","/Users/huynhtronghieu/Documents/thericetour/nucuoimekong_blog_data/all_posts/082_mo-han-mac-tu.md"
83,"Chùa Hộ Quốc Phú Quốc: Kinh nghiệm tham quan và kiến trúc độc đáo","Điểm du lịch nổi tiếng",2026-04-08,Phase 1,"https://nucuoimekong.com/chua-ho-quoc-phu-quoc","/Users/huynhtronghieu/Documents/thericetour/nucuoimekong_blog_data/all_docx/083_chua-ho-quoc-phu-quoc.docx","/Users/huynhtronghieu/Documents/thericetour/nucuoimekong_blog_data/all_posts/083_chua-ho-quoc-phu-quoc.md"
84,"Làng phong Quy Hòa – nơi lịch sử, đau thương và bình yên cùng tồn tại","Điểm du lịch nổi tiếng",2026-04-07,Phase 1,"https://nucuoimekong.com/lang-phong-quy-hoa","/Users/huynhtronghieu/Documents/thericetour/nucuoimekong_blog_data/all_docx/084_lang-phong-quy-hoa.docx","/Users/huynhtronghieu/Documents/thericetour/nucuoimekong_blog_data/all_posts/084_lang-phong-quy-hoa.md"
85,"Hoa Lư – Kinh đô lưu giữ dấu ấn lịch sử và văn hóa Việt Nam","Điểm du lịch nổi tiếng",2026-04-06,Phase 1,"https://nucuoimekong.com/hoa-lu","/Users/huynhtronghieu/Documents/thericetour/nucuoimekong_blog_data/all_docx/085_hoa-lu.docx","/Users/huynhtronghieu/Documents/thericetour/nucuoimekong_blog_data/all_posts/085_hoa-lu.md"
86,"Nụ Cười Mê Kông đắc cử Ban Thường vụ Hiệp hội Du lịch Cần Thơ","Tin tức",2026-04-03,Phase 1,"https://nucuoimekong.com/nu-cuoi-me-kong-hiep-hoi-du-lich-can-tho","/Users/huynhtronghieu/Documents/thericetour/nucuoimekong_blog_data/all_docx/086_nu-cuoi-me-kong-hiep-hoi-du-lich-can-tho.docx","/Users/huynhtronghieu/Documents/thericetour/nucuoimekong_blog_data/all_posts/086_nu-cuoi-me-kong-hiep-hoi-du-lich-can-tho.md"
87,"Gía dịch vụ tàu Mystic Cần Thơ: Chợ nổi Cái Răng, ngắm hoàng hôn, ăn tối","Thuê tàu, ghe",2026-04-02,Phase 1,"https://nucuoimekong.com/dich-vu-tau-mystic","/Users/huynhtronghieu/Documents/thericetour/nucuoimekong_blog_data/all_docx/087_dich-vu-tau-mystic.docx","/Users/huynhtronghieu/Documents/thericetour/nucuoimekong_blog_data/all_posts/087_dich-vu-tau-mystic.md"
88,"Bãi tắm Hoàng Hậu ở Quy Nhơn: Review chi tiết từ A–Z cho du khách","Điểm du lịch nổi tiếng",2026-04-01,Phase 1,"https://nucuoimekong.com/bai-tam-hoang-hau","/Users/huynhtronghieu/Documents/thericetour/nucuoimekong_blog_data/all_docx/088_bai-tam-hoang-hau.docx","/Users/huynhtronghieu/Documents/thericetour/nucuoimekong_blog_data/all_posts/088_bai-tam-hoang-hau.md"
89,"Kinh nghiệm du lịch Suối Giàng Văn Chấn gợi ý ẩm thực và điểm đến 2026","Điểm du lịch nổi tiếng",2026-03-31,Phase 1,"https://nucuoimekong.com/suoi-giang","/Users/huynhtronghieu/Documents/thericetour/nucuoimekong_blog_data/all_docx/089_suoi-giang.docx","/Users/huynhtronghieu/Documents/thericetour/nucuoimekong_blog_data/all_posts/089_suoi-giang.md"
90,"Du thuyền MV La Marguerite có gì đặc biệt? Review các dịch vụ trên tàu","Khám phá và trải nghiệm",2026-03-26,Phase 1,"https://nucuoimekong.com/du-thuyen-mv-la-marguerite","/Users/huynhtronghieu/Documents/thericetour/nucuoimekong_blog_data/all_docx/090_du-thuyen-mv-la-marguerite.docx","/Users/huynhtronghieu/Documents/thericetour/nucuoimekong_blog_data/all_posts/090_du-thuyen-mv-la-marguerite.md"
91,"Đèo Mẻ Pia – Hành trình chinh phục con đèo 14 tầng tại Cao Bằng","Điểm du lịch nổi tiếng",2026-03-26,Phase 1,"https://nucuoimekong.com/deo-me-pia","/Users/huynhtronghieu/Documents/thericetour/nucuoimekong_blog_data/all_docx/091_deo-me-pia.docx","/Users/huynhtronghieu/Documents/thericetour/nucuoimekong_blog_data/all_posts/091_deo-me-pia.md"
92,"Khám phá Đảo Bà Góa – Trải nghiệm du lịch cùng những câu chuyện thú vị","Điểm du lịch nổi tiếng",2026-03-25,Phase 1,"https://nucuoimekong.com/dao-ba-goa","/Users/huynhtronghieu/Documents/thericetour/nucuoimekong_blog_data/all_docx/092_dao-ba-goa.docx","/Users/huynhtronghieu/Documents/thericetour/nucuoimekong_blog_data/all_posts/092_dao-ba-goa.md"
93,"Thác Đầu Đẳng – Thắng cảnh thiên nhiễn vườn quốc gia Ba Bể","Điểm du lịch nổi tiếng",2026-03-23,Phase 1,"https://nucuoimekong.com/thac-dau-dang","/Users/huynhtronghieu/Documents/thericetour/nucuoimekong_blog_data/all_docx/093_thac-dau-dang.docx","/Users/huynhtronghieu/Documents/thericetour/nucuoimekong_blog_data/all_posts/093_thac-dau-dang.md"
94,"Nụ Cười Mê Kông vinh dự tham gia Hội thảo du lịch đường sông Cần Thơ","Tin tức",2026-03-23,Phase 1,"https://nucuoimekong.com/hoi-thao-du-lich-duong-song-can-tho","/Users/huynhtronghieu/Documents/thericetour/nucuoimekong_blog_data/all_docx/094_hoi-thao-du-lich-duong-song-can-tho.docx","/Users/huynhtronghieu/Documents/thericetour/nucuoimekong_blog_data/all_posts/094_hoi-thao-du-lich-duong-song-can-tho.md"
95,"Suối Lê Nin Pác Bó: Chạm tay vào dòng nước xanh ngọc huyền thoại","Điểm du lịch nổi tiếng",2026-03-20,Phase 1,"https://nucuoimekong.com/suoi-le-nin","/Users/huynhtronghieu/Documents/thericetour/nucuoimekong_blog_data/all_docx/095_suoi-le-nin.docx","/Users/huynhtronghieu/Documents/thericetour/nucuoimekong_blog_data/all_posts/095_suoi-le-nin.md"
96,"Khu di tích Pác Bó Cao Bằng: Dấu ấn lịch sử hào hùng giữa non nước","Điểm du lịch nổi tiếng",2026-03-19,Phase 1,"https://nucuoimekong.com/pac-bo","/Users/huynhtronghieu/Documents/thericetour/nucuoimekong_blog_data/all_docx/096_pac-bo.docx","/Users/huynhtronghieu/Documents/thericetour/nucuoimekong_blog_data/all_posts/096_pac-bo.md"
97,"Sông Nho Quế – Kinh nghiệm tham quan và giá dịch vụ","Điểm du lịch nổi tiếng",2026-03-18,Phase 1,"https://nucuoimekong.com/song-nho-que","/Users/huynhtronghieu/Documents/thericetour/nucuoimekong_blog_data/all_docx/097_song-nho-que.docx","/Users/huynhtronghieu/Documents/thericetour/nucuoimekong_blog_data/all_posts/097_song-nho-que.md"
98,"Hẻm Tu Sản – Điểm đến bí ẩn, trải nghiệm độc đáo của văn hóa Việt Nam","Điểm du lịch nổi tiếng",2026-03-17,Phase 1,"https://nucuoimekong.com/hem-tu-san","/Users/huynhtronghieu/Documents/thericetour/nucuoimekong_blog_data/all_docx/098_hem-tu-san.docx","/Users/huynhtronghieu/Documents/thericetour/nucuoimekong_blog_data/all_posts/098_hem-tu-san.md"
99,"Kinh nghiệm du lịch Sủng Là: Mùa đẹp, góc chụp và món ngon nên thử","Điểm du lịch nổi tiếng",2026-03-16,Phase 1,"https://nucuoimekong.com/sung-la","/Users/huynhtronghieu/Documents/thericetour/nucuoimekong_blog_data/all_docx/099_sung-la.docx","/Users/huynhtronghieu/Documents/thericetour/nucuoimekong_blog_data/all_posts/099_sung-la.md"
100,"Bảng giá thuê ghe đi chợ nổi Cái Răng Cần Thơ giá tốt","Thuê tàu, ghe",2026-03-15,Phase 1,"https://nucuoimekong.com/bang-gia-cho-thue-ghe-nho-di-cho-noi-can-tho","/Users/huynhtronghieu/Documents/thericetour/nucuoimekong_blog_data/all_docx/100_bang-gia-cho-thue-ghe-nho-di-cho-noi-can-tho.docx","/Users/huynhtronghieu/Documents/thericetour/nucuoimekong_blog_data/all_posts/100_bang-gia-cho-thue-ghe-nho-di-cho-noi-can-tho.md"
101,"Thuê Tàu Đi Chợ Nổi Long Xuyên: Sắc Màu Chợ Truyền Thống","Thuê tàu, ghe",2026-03-15,Phase 1,"https://nucuoimekong.com/thue-tau-di-cho-noi-long-xuyen","/Users/huynhtronghieu/Documents/thericetour/nucuoimekong_blog_data/all_docx/101_thue-tau-di-cho-noi-long-xuyen.docx","/Users/huynhtronghieu/Documents/thericetour/nucuoimekong_blog_data/all_posts/101_thue-tau-di-cho-noi-long-xuyen.md"
102,"Kinh nghiệm du lịch Phố Cáo Tuyên Quang – di chuyển, ăn uống","Điểm du lịch nổi tiếng",2026-03-13,Phase 1,"https://nucuoimekong.com/pho-cao","/Users/huynhtronghieu/Documents/thericetour/nucuoimekong_blog_data/all_docx/102_pho-cao.docx","/Users/huynhtronghieu/Documents/thericetour/nucuoimekong_blog_data/all_posts/102_pho-cao.md"
103,"Thông báo áp dụng phụ thu nhiên liệu do biến động giá xăng dầu","Thông báo",2026-03-11,Phase 1,"https://nucuoimekong.com/thong-bao-phu-thu-nhien-lieu","/Users/huynhtronghieu/Documents/thericetour/nucuoimekong_blog_data/all_docx/103_thong-bao-phu-thu-nhien-lieu.docx","/Users/huynhtronghieu/Documents/thericetour/nucuoimekong_blog_data/all_posts/103_thong-bao-phu-thu-nhien-lieu.md"
104,"Thuê xe Sài Gòn Miền Tây giá rẻ – Xe 7, 16, 29, 34, 45 chỗ (2026)","Thuê xe",2026-03-10,Phase 1,"https://nucuoimekong.com/thue-xe-sai-gon-mien-tay","/Users/huynhtronghieu/Documents/thericetour/nucuoimekong_blog_data/all_docx/104_thue-xe-sai-gon-mien-tay.docx","/Users/huynhtronghieu/Documents/thericetour/nucuoimekong_blog_data/all_posts/104_thue-xe-sai-gon-mien-tay.md"
105,"Thuê xe Cần Thơ Bạc Liêu: Xe 4-45 chỗ giá rẻ, VAT đầy đủ","Thuê xe",2026-03-10,Phase 1,"https://nucuoimekong.com/thue-xe-can-tho-bac-lieu","/Users/huynhtronghieu/Documents/thericetour/nucuoimekong_blog_data/all_docx/105_thue-xe-can-tho-bac-lieu.docx","/Users/huynhtronghieu/Documents/thericetour/nucuoimekong_blog_data/all_posts/105_thue-xe-can-tho-bac-lieu.md"
106,"Thuê xe Cần Thơ Đồng Tháp giá rẻ – Xe 4, 7, 16, 29, 34, 45 chỗ","Thuê xe",2026-03-10,Phase 1,"https://nucuoimekong.com/thue-xe-can-tho-dong-thap","/Users/huynhtronghieu/Documents/thericetour/nucuoimekong_blog_data/all_docx/106_thue-xe-can-tho-dong-thap.docx","/Users/huynhtronghieu/Documents/thericetour/nucuoimekong_blog_data/all_posts/106_thue-xe-can-tho-dong-thap.md"
107,"Bảng giá cho thuê xe Cà Mau – Xe 4, 7, 16, 29, 45 chỗ (cập nhật 2026)","Thuê xe",2026-03-10,Phase 1,"https://nucuoimekong.com/thue-xe-ca-mau","/Users/huynhtronghieu/Documents/thericetour/nucuoimekong_blog_data/all_docx/107_thue-xe-ca-mau.docx","/Users/huynhtronghieu/Documents/thericetour/nucuoimekong_blog_data/all_posts/107_thue-xe-ca-mau.md"
108,"Thuê xe Cần Thơ Tiền Giang giá rẻ – Xe 4, 7, 16, 22 chỗ (VAT đầy đủ)","Thuê xe",2026-03-10,Phase 1,"https://nucuoimekong.com/thue-xe-can-tho-tien-giang","/Users/huynhtronghieu/Documents/thericetour/nucuoimekong_blog_data/all_docx/108_thue-xe-can-tho-tien-giang.docx","/Users/huynhtronghieu/Documents/thericetour/nucuoimekong_blog_data/all_posts/108_thue-xe-can-tho-tien-giang.md"
109,"Thuê xe Cần Thơ đi Long An – Xe 4, 7, 16, 29, 45 chỗ (2026)","Thuê xe",2026-03-10,Phase 1,"https://nucuoimekong.com/thue-xe-can-tho-di-long-an","/Users/huynhtronghieu/Documents/thericetour/nucuoimekong_blog_data/all_docx/109_thue-xe-can-tho-di-long-an.docx","/Users/huynhtronghieu/Documents/thericetour/nucuoimekong_blog_data/all_posts/109_thue-xe-can-tho-di-long-an.md"
110,"Thuê xe Cần Thơ đi Sài Gòn giá rẻ – Xe 4, 7, 16, 29, 45 chỗ","Thuê xe",2026-03-10,Phase 1,"https://nucuoimekong.com/thue-xe-can-tho-di-sai-gon","/Users/huynhtronghieu/Documents/thericetour/nucuoimekong_blog_data/all_docx/110_thue-xe-can-tho-di-sai-gon.docx","/Users/huynhtronghieu/Documents/thericetour/nucuoimekong_blog_data/all_posts/110_thue-xe-can-tho-di-sai-gon.md"
111,"Thuê xe Cần Thơ đi Châu Đốc An Giang – Xe 4, 7, 16, 29, 45 chỗ","Thuê xe",2026-03-10,Phase 1,"https://nucuoimekong.com/thue-xe-can-tho-di-chau-doc-an-giang","/Users/huynhtronghieu/Documents/thericetour/nucuoimekong_blog_data/all_docx/111_thue-xe-can-tho-di-chau-doc-an-giang.docx","/Users/huynhtronghieu/Documents/thericetour/nucuoimekong_blog_data/all_posts/111_thue-xe-can-tho-di-chau-doc-an-giang.md"
112,"Thuê xe đưa đón sân bay Cần Thơ – Từ 4 đến 25 chỗ (2026)","Thuê xe",2026-03-10,Phase 1,"https://nucuoimekong.com/thue-xe-dua-don-san-bay-can-tho-gia-re","/Users/huynhtronghieu/Documents/thericetour/nucuoimekong_blog_data/all_docx/112_thue-xe-dua-don-san-bay-can-tho-gia-re.docx","/Users/huynhtronghieu/Documents/thericetour/nucuoimekong_blog_data/all_posts/112_thue-xe-dua-don-san-bay-can-tho-gia-re.md"
113,"Thuê xe Cần Thơ giá rẻ – Xe 4, 7, 16, 22, 29, 45 chỗ (2026)","Thuê xe",2026-03-10,Phase 1,"https://nucuoimekong.com/thue-xe-can-tho-gia-re","/Users/huynhtronghieu/Documents/thericetour/nucuoimekong_blog_data/all_docx/113_thue-xe-can-tho-gia-re.docx","/Users/huynhtronghieu/Documents/thericetour/nucuoimekong_blog_data/all_posts/113_thue-xe-can-tho-gia-re.md"
114,"Thuê Xe Cần Thơ đi Trần Đề Sóc Trăng – 4 đến 45 chỗ","Thuê xe",2026-03-10,Phase 1,"https://nucuoimekong.com/thue-xe-can-tho-di-tran-de-soc-trang","/Users/huynhtronghieu/Documents/thericetour/nucuoimekong_blog_data/all_docx/114_thue-xe-can-tho-di-tran-de-soc-trang.docx","/Users/huynhtronghieu/Documents/thericetour/nucuoimekong_blog_data/all_posts/114_thue-xe-can-tho-di-tran-de-soc-trang.md"
115,"Thuê xe Phú Quốc – Xe có tài xế, xe tự lái 7 – 45 chỗ","Thuê xe",2026-03-10,Phase 1,"https://nucuoimekong.com/thue-xe-du-lich-phu-quoc","/Users/huynhtronghieu/Documents/thericetour/nucuoimekong_blog_data/all_docx/115_thue-xe-du-lich-phu-quoc.docx","/Users/huynhtronghieu/Documents/thericetour/nucuoimekong_blog_data/all_posts/115_thue-xe-du-lich-phu-quoc.md"
116,"Thuê xe Cần Thơ đi Trà Vinh giá rẻ – Xe 4, 7, 16, 29, 45 chỗ","Thuê xe",2026-03-10,Phase 1,"https://nucuoimekong.com/thue-xe-can-tho-di-tra-vinh","/Users/huynhtronghieu/Documents/thericetour/nucuoimekong_blog_data/all_docx/116_thue-xe-can-tho-di-tra-vinh.docx","/Users/huynhtronghieu/Documents/thericetour/nucuoimekong_blog_data/all_posts/116_thue-xe-can-tho-di-tra-vinh.md"
117,"Thuê xe đi An Giang từ Sài Gòn – Xe 7, 16, 22, 33, 45 chỗ","Thuê xe",2026-03-10,Phase 1,"https://nucuoimekong.com/thue-xe-di-an-giang-tu-sai-gon","/Users/huynhtronghieu/Documents/thericetour/nucuoimekong_blog_data/all_docx/117_thue-xe-di-an-giang-tu-sai-gon.docx","/Users/huynhtronghieu/Documents/thericetour/nucuoimekong_blog_data/all_posts/117_thue-xe-di-an-giang-tu-sai-gon.md"
118,"Thuê xe Cần Thơ đi Vũng Tàu giá rẻ – Xe 4, 7, 16, 29, 45 chỗ","Thuê xe",2026-03-10,Phase 1,"https://nucuoimekong.com/thue-xe-can-tho-di-vung-tau","/Users/huynhtronghieu/Documents/thericetour/nucuoimekong_blog_data/all_docx/118_thue-xe-can-tho-di-vung-tau.docx","/Users/huynhtronghieu/Documents/thericetour/nucuoimekong_blog_data/all_posts/118_thue-xe-can-tho-di-vung-tau.md"
119,"Thuê xe Cần Thơ đi Bến Tre giá rẻ – Xe 4, 7, 16, 29, 34, 45 chỗ","Thuê xe",2026-03-10,Phase 1,"https://nucuoimekong.com/thue-xe-can-tho-di-ben-tre","/Users/huynhtronghieu/Documents/thericetour/nucuoimekong_blog_data/all_docx/119_thue-xe-can-tho-di-ben-tre.docx","/Users/huynhtronghieu/Documents/thericetour/nucuoimekong_blog_data/all_posts/119_thue-xe-can-tho-di-ben-tre.md"
120,"Thuê xe Cần Thơ đi Rạch Giá – Xe 4, 7, 16, 29, 45 chỗ (2026)","Thuê xe",2026-03-10,Phase 1,"https://nucuoimekong.com/thue-xe-can-tho-di-rach-gia","/Users/huynhtronghieu/Documents/thericetour/nucuoimekong_blog_data/all_docx/120_thue-xe-can-tho-di-rach-gia.docx","/Users/huynhtronghieu/Documents/thericetour/nucuoimekong_blog_data/all_posts/120_thue-xe-can-tho-di-rach-gia.md"
121,"Thuê xe Cần Thơ đi Đà Lạt: Dịch vụ uy tín, giá tốt 2026","Thuê xe",2026-03-10,Phase 1,"https://nucuoimekong.com/thue-xe-can-tho-di-da-lat","/Users/huynhtronghieu/Documents/thericetour/nucuoimekong_blog_data/all_docx/121_thue-xe-can-tho-di-da-lat.docx","/Users/huynhtronghieu/Documents/thericetour/nucuoimekong_blog_data/all_posts/121_thue-xe-can-tho-di-da-lat.md"
122,"Tự do khám phá Côn Đảo bằng xe máy – Trải nghiệm đích thực","Thuê xe",2026-03-10,Phase 1,"https://nucuoimekong.com/thue-xe-may-con-dao","/Users/huynhtronghieu/Documents/thericetour/nucuoimekong_blog_data/all_docx/122_thue-xe-may-con-dao.docx","/Users/huynhtronghieu/Documents/thericetour/nucuoimekong_blog_data/all_posts/122_thue-xe-may-con-dao.md"
123,"Du lịch Đà Lạt – Check-in thành phố Mộng Mơ","Khám phá và trải nghiệm",2026-03-09,Phase 1,"https://nucuoimekong.com/du-lich-da-lat","/Users/huynhtronghieu/Documents/thericetour/nucuoimekong_blog_data/all_docx/123_du-lich-da-lat.docx","/Users/huynhtronghieu/Documents/thericetour/nucuoimekong_blog_data/all_posts/123_du-lich-da-lat.md"
124,"Top 13 địa điểm săn mây Đà Lạt “hót hòn họt” (2026)","Toplist; Điểm du lịch nổi tiếng",2026-03-09,Phase 1,"https://nucuoimekong.com/dia-diem-san-may-da-lat","/Users/huynhtronghieu/Documents/thericetour/nucuoimekong_blog_data/all_docx/124_dia-diem-san-may-da-lat.docx","/Users/huynhtronghieu/Documents/thericetour/nucuoimekong_blog_data/all_posts/124_dia-diem-san-may-da-lat.md"
125,"Ưu đãi Quốc tế Phụ nữ 8/3: Voucher yêu thương, tôn vinh phái đẹp","Khuyến mãi - Mã giảm giá",2026-03-09,Phase 1,"https://nucuoimekong.com/khuyen-mai-voucher-yeu-thuong-8-3","/Users/huynhtronghieu/Documents/thericetour/nucuoimekong_blog_data/all_docx/125_khuyen-mai-voucher-yeu-thuong-8-3.docx","/Users/huynhtronghieu/Documents/thericetour/nucuoimekong_blog_data/all_posts/125_khuyen-mai-voucher-yeu-thuong-8-3.md"
126,"Phố Cổ Đồng Văn – Trải nghiệm nét đẹp cổ kính vùng cao","Điểm du lịch nổi tiếng",2026-03-06,Phase 1,"https://nucuoimekong.com/pho-co-dong-van","/Users/huynhtronghieu/Documents/thericetour/nucuoimekong_blog_data/all_docx/126_pho-co-dong-van.docx","/Users/huynhtronghieu/Documents/thericetour/nucuoimekong_blog_data/all_posts/126_pho-co-dong-van.md"
127,"Làng văn hoá du lịch Lũng Cẩm – Điểm đến đậm bản sắc ở cao nguyên","Điểm du lịch nổi tiếng",2026-03-05,Phase 1,"https://nucuoimekong.com/lang-van-hoa-du-lich-lung-cam","/Users/huynhtronghieu/Documents/thericetour/nucuoimekong_blog_data/all_docx/127_lang-van-hoa-du-lich-lung-cam.docx","/Users/huynhtronghieu/Documents/thericetour/nucuoimekong_blog_data/all_posts/127_lang-van-hoa-du-lich-lung-cam.md"
128,"Nụ Cười Mê Kông tổ chức tham gia Lễ hội Tống Phong Cần Thơ 2026","Tin tức",2026-03-05,Phase 1,"https://nucuoimekong.com/to-chuc-tham-gia-le-hoi-tong-phong-can-tho-2026","/Users/huynhtronghieu/Documents/thericetour/nucuoimekong_blog_data/all_docx/128_to-chuc-tham-gia-le-hoi-tong-phong-can-tho-2026.docx","/Users/huynhtronghieu/Documents/thericetour/nucuoimekong_blog_data/all_posts/128_to-chuc-tham-gia-le-hoi-tong-phong-can-tho-2026.md"
129,"Ra Mắt Phòng R&D: Tiên phong đổi mới, Nâng tầm trải nghiệm du lịch","Phát triển bền vững; Tin tức; Văn hoá doanh nghiệp",2026-03-05,Phase 1,"https://nucuoimekong.com/ra-mat-phong-rd","/Users/huynhtronghieu/Documents/thericetour/nucuoimekong_blog_data/all_docx/129_ra-mat-phong-rd.docx","/Users/huynhtronghieu/Documents/thericetour/nucuoimekong_blog_data/all_posts/129_ra-mat-phong-rd.md"
130,"Hồ Ba Bể – Hồ nước ngọt tự nhiên lớn bậc nhất Việt Nam","Điểm du lịch nổi tiếng",2026-03-04,Phase 1,"https://nucuoimekong.com/ho-ba-be","/Users/huynhtronghieu/Documents/thericetour/nucuoimekong_blog_data/all_docx/130_ho-ba-be.docx","/Users/huynhtronghieu/Documents/thericetour/nucuoimekong_blog_data/all_posts/130_ho-ba-be.md"
131,"Bãi Sao Phú Quốc-Check in bãi biển đẹp nhất Phú Quốc (2026)","Điểm du lịch nổi tiếng",2026-03-03,Phase 1,"https://nucuoimekong.com/bai-sao-phu-quoc","/Users/huynhtronghieu/Documents/thericetour/nucuoimekong_blog_data/all_docx/131_bai-sao-phu-quoc.docx","/Users/huynhtronghieu/Documents/thericetour/nucuoimekong_blog_data/all_posts/131_bai-sao-phu-quoc.md"
132,"Mang xuân về Chợ Nổi: Hành trình tri ân những người “giữ hồn” di sản","Tin tức",2026-02-23,Phase 1,"https://nucuoimekong.com/mang-xuan-ve-cho-noi-2026","/Users/huynhtronghieu/Documents/thericetour/nucuoimekong_blog_data/all_docx/132_mang-xuan-ve-cho-noi-2026.docx","/Users/huynhtronghieu/Documents/thericetour/nucuoimekong_blog_data/all_posts/132_mang-xuan-ve-cho-noi-2026.md"
133,"Nụ Cười Mê Kông và hành trình “Tết yêu thương 2026” tại Sóc Trăng","Phát triển bền vững; Văn hoá doanh nghiệp",2026-02-09,Phase 1,"https://nucuoimekong.com/tet-yeu-thuong-2026","/Users/huynhtronghieu/Documents/thericetour/nucuoimekong_blog_data/all_docx/133_tet-yeu-thuong-2026.docx","/Users/huynhtronghieu/Documents/thericetour/nucuoimekong_blog_data/all_posts/133_tet-yeu-thuong-2026.md"
134,"Động Ngườm Ngao: Khám phá vẻ đẹp thạch nhũ độc đáo","Điểm du lịch nổi tiếng",2026-02-06,Phase 1,"https://nucuoimekong.com/dong-nguom-ngao","/Users/huynhtronghieu/Documents/thericetour/nucuoimekong_blog_data/all_docx/134_dong-nguom-ngao.docx","/Users/huynhtronghieu/Documents/thericetour/nucuoimekong_blog_data/all_posts/134_dong-nguom-ngao.md"
135,"Vé tàu Rạch Giá Nam Du – Đặt vé nhanh chóng 2026","Vé tàu",2026-02-03,Phase 1,"https://nucuoimekong.com/ve-tau-rach-gia-nam-du","/Users/huynhtronghieu/Documents/thericetour/nucuoimekong_blog_data/all_docx/135_ve-tau-rach-gia-nam-du.docx","/Users/huynhtronghieu/Documents/thericetour/nucuoimekong_blog_data/all_posts/135_ve-tau-rach-gia-nam-du.md"
136,"Động Thiên Cung: Kỳ quan nhũ đá huyền ảo giữa di sản Vịnh Hạ Long","Điểm du lịch nổi tiếng",2026-02-02,Phase 1,"https://nucuoimekong.com/dong-thien-cung","/Users/huynhtronghieu/Documents/thericetour/nucuoimekong_blog_data/all_docx/136_dong-thien-cung.docx","/Users/huynhtronghieu/Documents/thericetour/nucuoimekong_blog_data/all_posts/136_dong-thien-cung.md"
137,"Vé tàu Rạch Giá Phú Quốc – Lịch tàu giá vé của 3 hãng tàu","Vé tàu",2026-02-02,Phase 1,"https://nucuoimekong.com/ve-tau-rach-gia-phu-quoc","/Users/huynhtronghieu/Documents/thericetour/nucuoimekong_blog_data/all_docx/137_ve-tau-rach-gia-phu-quoc.docx","/Users/huynhtronghieu/Documents/thericetour/nucuoimekong_blog_data/all_posts/137_ve-tau-rach-gia-phu-quoc.md"
138,"Vé tàu cao tốc Sài Gòn Côn Đảo – Phú Quý Express 2026","Vé tàu",2026-02-02,Phase 1,"https://nucuoimekong.com/ve-tau-cao-toc-sai-gon-con-dao","/Users/huynhtronghieu/Documents/thericetour/nucuoimekong_blog_data/all_docx/138_ve-tau-cao-toc-sai-gon-con-dao.docx","/Users/huynhtronghieu/Documents/thericetour/nucuoimekong_blog_data/all_posts/138_ve-tau-cao-toc-sai-gon-con-dao.md"
139,"Vé Tàu Sài Gòn Vũng Tàu – Tàu cao tốc Greenlines","Vé tàu",2026-02-02,Phase 1,"https://nucuoimekong.com/ve-tau-sai-gon-vung-tau-tau-cao-toc-greenlines","/Users/huynhtronghieu/Documents/thericetour/nucuoimekong_blog_data/all_docx/139_ve-tau-sai-gon-vung-tau-tau-cao-toc-greenlines.docx","/Users/huynhtronghieu/Documents/thericetour/nucuoimekong_blog_data/all_posts/139_ve-tau-sai-gon-vung-tau-tau-cao-toc-greenlines.md"
140,"Vé tàu Sóc Trăng Côn Đảo – Cập nhật thông tin mới nhất 2026","Vé tàu",2026-02-02,Phase 1,"https://nucuoimekong.com/ve-tau-soc-trang-con-dao","/Users/huynhtronghieu/Documents/thericetour/nucuoimekong_blog_data/all_docx/140_ve-tau-soc-trang-con-dao.docx","/Users/huynhtronghieu/Documents/thericetour/nucuoimekong_blog_data/all_posts/140_ve-tau-soc-trang-con-dao.md"
141,"Vé tàu Phan Thiết Phú Quý: Cập nhật lịch tàu, giá vé mới 2026","Vé tàu",2026-02-01,Phase 1,"https://nucuoimekong.com/ve-tau-phan-thiet-phu-quy","/Users/huynhtronghieu/Documents/thericetour/nucuoimekong_blog_data/all_docx/141_ve-tau-phan-thiet-phu-quy.docx","/Users/huynhtronghieu/Documents/thericetour/nucuoimekong_blog_data/all_posts/141_ve-tau-phan-thiet-phu-quy.md"
142,"Đặt vé tàu Sa Kỳ đi Lý Sơn: Lịch tàu, giá vé 2026","Vé tàu",2026-02-01,Phase 1,"https://nucuoimekong.com/ve-tau-sa-ky-di-ly-son","/Users/huynhtronghieu/Documents/thericetour/nucuoimekong_blog_data/all_docx/142_ve-tau-sa-ky-di-ly-son.docx","/Users/huynhtronghieu/Documents/thericetour/nucuoimekong_blog_data/all_posts/142_ve-tau-sa-ky-di-ly-son.md"
143,"Vé tàu Trần Đề Côn Đảo: Cập nhật lịch chạy, giá vé mới nhất 2026","Vé tàu",2026-02-01,Phase 1,"https://nucuoimekong.com/ve-tau-tran-de-con-dao","/Users/huynhtronghieu/Documents/thericetour/nucuoimekong_blog_data/all_docx/143_ve-tau-tran-de-con-dao.docx","/Users/huynhtronghieu/Documents/thericetour/nucuoimekong_blog_data/all_posts/143_ve-tau-tran-de-con-dao.md"
144,"Cà phê Lặng Art Đà Lạt: Quán cà phê của những người nhân viên đặc biệt","Điểm du lịch nổi tiếng",2026-02-01,Phase 1,"https://nucuoimekong.com/ca-phe-lang-art","/Users/huynhtronghieu/Documents/thericetour/nucuoimekong_blog_data/all_docx/144_ca-phe-lang-art.docx","/Users/huynhtronghieu/Documents/thericetour/nucuoimekong_blog_data/all_posts/144_ca-phe-lang-art.md"
145,"Fantasy Park Bà Nà Hills: Trải nghiệm giải trí đẳng cấp thế giới","Điểm du lịch nổi tiếng",2026-01-31,Phase 1,"https://nucuoimekong.com/fantasy-park","/Users/huynhtronghieu/Documents/thericetour/nucuoimekong_blog_data/all_docx/145_fantasy-park.docx","/Users/huynhtronghieu/Documents/thericetour/nucuoimekong_blog_data/all_posts/145_fantasy-park.md"
146,"Đặt vé tàu đi Hòn Ngang Nam Du: Lịch tàu, giá vé 2026","Vé tàu",2026-01-30,Phase 1,"https://nucuoimekong.com/ve-tau-di-hon-ngang-nam-du","/Users/huynhtronghieu/Documents/thericetour/nucuoimekong_blog_data/all_docx/146_ve-tau-di-hon-ngang-nam-du.docx","/Users/huynhtronghieu/Documents/thericetour/nucuoimekong_blog_data/all_posts/146_ve-tau-di-hon-ngang-nam-du.md"
147,"Mongo Land Đà Lạt: Mông Cổ thu nhỏ giữa núi rừng Tây Nguyên","Điểm du lịch nổi tiếng",2026-01-30,Phase 1,"https://nucuoimekong.com/mongo-land","/Users/huynhtronghieu/Documents/thericetour/nucuoimekong_blog_data/all_docx/147_mongo-land.docx","/Users/huynhtronghieu/Documents/thericetour/nucuoimekong_blog_data/all_posts/147_mongo-land.md"
148,"Cà phê Mê Linh: Không gian tôn vinh hương vị đặc sản Đà Lạt","Điểm du lịch nổi tiếng",2026-01-29,Phase 1,"https://nucuoimekong.com/ca-phe-me-linh","/Users/huynhtronghieu/Documents/thericetour/nucuoimekong_blog_data/all_docx/148_ca-phe-me-linh.docx","/Users/huynhtronghieu/Documents/thericetour/nucuoimekong_blog_data/all_posts/148_ca-phe-me-linh.md"
149,"Thác Bản Giốc Cao Bằng – Top 4 thác xuyên quốc gia lớn nhất thế giới","Điểm du lịch nổi tiếng",2026-01-28,Phase 1,"https://nucuoimekong.com/thac-ban-gioc","/Users/huynhtronghieu/Documents/thericetour/nucuoimekong_blog_data/all_docx/149_thac-ban-gioc.docx","/Users/huynhtronghieu/Documents/thericetour/nucuoimekong_blog_data/all_posts/149_thac-ban-gioc.md"
150,"Thác Voi Đà Lạt: Vẻ đẹp hùng vĩ giữa đại ngàn Tây Nguyên","Điểm du lịch nổi tiếng",2026-01-28,Phase 1,"https://nucuoimekong.com/thac-voi","/Users/huynhtronghieu/Documents/thericetour/nucuoimekong_blog_data/all_docx/150_thac-voi.docx","/Users/huynhtronghieu/Documents/thericetour/nucuoimekong_blog_data/all_posts/150_thac-voi.md"
151,"Bảng giá vé tàu Rạch Giá Hòn Tre 2026 tàu cao tốc Superdong chỉ 74K","Vé tàu",2026-01-27,Phase 1,"https://nucuoimekong.com/ve-tau-rach-gia-hon-tre","/Users/huynhtronghieu/Documents/thericetour/nucuoimekong_blog_data/all_docx/151_ve-tau-rach-gia-hon-tre.docx","/Users/huynhtronghieu/Documents/thericetour/nucuoimekong_blog_data/all_posts/151_ve-tau-rach-gia-hon-tre.md"
152,"Ga Đà Lạt: Dấu ấn vượt thời gian giữa lòng phố núi","Điểm du lịch nổi tiếng",2026-01-27,Phase 1,"https://nucuoimekong.com/ga-da-lat","/Users/huynhtronghieu/Documents/thericetour/nucuoimekong_blog_data/all_docx/152_ga-da-lat.docx","/Users/huynhtronghieu/Documents/thericetour/nucuoimekong_blog_data/all_posts/152_ga-da-lat.md"
153,"Đặt vé tàu Phú Quốc Thổ Châu (Thổ Chu) nhanh chóng, giá vé 2026 chỉ 334k","Vé tàu",2026-01-26,Phase 1,"https://nucuoimekong.com/ve-tau-phu-quoc-tho-chau","/Users/huynhtronghieu/Documents/thericetour/nucuoimekong_blog_data/all_docx/153_ve-tau-phu-quoc-tho-chau.docx","/Users/huynhtronghieu/Documents/thericetour/nucuoimekong_blog_data/all_posts/153_ve-tau-phu-quoc-tho-chau.md"
154,"LangBiang Land: Tổ hợp vui chơi sống ảo quên lối về ở Đà Lạt","Điểm du lịch nổi tiếng",2026-01-26,Phase 1,"https://nucuoimekong.com/langbiang-land","/Users/huynhtronghieu/Documents/thericetour/nucuoimekong_blog_data/all_docx/154_langbiang-land.docx","/Users/huynhtronghieu/Documents/thericetour/nucuoimekong_blog_data/all_posts/154_langbiang-land.md"
155,"Văn hóa cồng chiêng Đà Lạt: Huyền thoại giữa đại ngàn Tây Nguyên","Văn hóa và lễ hội",2026-01-24,Phase 1,"https://nucuoimekong.com/cong-chieng-da-lat","/Users/huynhtronghieu/Documents/thericetour/nucuoimekong_blog_data/all_docx/155_cong-chieng-da-lat.docx","/Users/huynhtronghieu/Documents/thericetour/nucuoimekong_blog_data/all_posts/155_cong-chieng-da-lat.md"
156,"Hang Pác Bó – Di tích lịch sử và danh thắng nổi tiếng Cao Bằng","Điểm du lịch nổi tiếng",2026-01-23,Phase 1,"https://nucuoimekong.com/hang-pac-bo","/Users/huynhtronghieu/Documents/thericetour/nucuoimekong_blog_data/all_docx/156_hang-pac-bo.docx","/Users/huynhtronghieu/Documents/thericetour/nucuoimekong_blog_data/all_posts/156_hang-pac-bo.md"
157,"Núi LangBiang: Chinh phục “nóc nhà” của Đà Lạt","Điểm du lịch nổi tiếng",2026-01-23,Phase 1,"https://nucuoimekong.com/nui-langbiang","/Users/huynhtronghieu/Documents/thericetour/nucuoimekong_blog_data/all_docx/157_nui-langbiang.docx","/Users/huynhtronghieu/Documents/thericetour/nucuoimekong_blog_data/all_posts/157_nui-langbiang.md"
158,"Vé tàu Vũng Tàu Côn Đảo – Tàu Thăng Long (PQE): Lịch tàu, Giá vé 2026","Vé tàu",2026-01-22,Phase 1,"https://nucuoimekong.com/ve-tau-vung-tau-con-dao-phu-quoc-express","/Users/huynhtronghieu/Documents/thericetour/nucuoimekong_blog_data/all_docx/158_ve-tau-vung-tau-con-dao-phu-quoc-express.docx","/Users/huynhtronghieu/Documents/thericetour/nucuoimekong_blog_data/all_posts/158_ve-tau-vung-tau-con-dao-phu-quoc-express.md"
159,"Bãi Dài Nha Trang: Bãi biển đẹp mê hồn vươn tầm quốc tế","Điểm du lịch nổi tiếng",2026-01-22,Phase 1,"https://nucuoimekong.com/bai-dai-nha-trang","/Users/huynhtronghieu/Documents/thericetour/nucuoimekong_blog_data/all_docx/159_bai-dai-nha-trang.docx","/Users/huynhtronghieu/Documents/thericetour/nucuoimekong_blog_data/all_posts/159_bai-dai-nha-trang.md"
160,"Kinh nghiệm du lịch Cột cờ Lũng Cú: Lưu ý di chuyển và chi phí","Điểm du lịch nổi tiếng",2026-01-21,Phase 1,"https://nucuoimekong.com/cot-co-lung-cu","/Users/huynhtronghieu/Documents/thericetour/nucuoimekong_blog_data/all_docx/160_cot-co-lung-cu.docx","/Users/huynhtronghieu/Documents/thericetour/nucuoimekong_blog_data/all_posts/160_cot-co-lung-cu.md"
161,"Nhà Yến Nha Trang: Ngôi nhà của dòng Yến sào thượng hạng","Điểm du lịch nổi tiếng",2026-01-21,Phase 1,"https://nucuoimekong.com/nha-yen-nha-trang","/Users/huynhtronghieu/Documents/thericetour/nucuoimekong_blog_data/all_docx/161_nha-yen-nha-trang.docx","/Users/huynhtronghieu/Documents/thericetour/nucuoimekong_blog_data/all_posts/161_nha-yen-nha-trang.md"
162,"Vé tàu Hà Tiên Phú Quốc : Giá vé, lịch trình 2 hãng tàu cập nhật 2026","Vé tàu",2026-01-20,Phase 1,"https://nucuoimekong.com/ve-tau-ha-tien-phu-quoc","/Users/huynhtronghieu/Documents/thericetour/nucuoimekong_blog_data/all_docx/162_ve-tau-ha-tien-phu-quoc.docx","/Users/huynhtronghieu/Documents/thericetour/nucuoimekong_blog_data/all_posts/162_ve-tau-ha-tien-phu-quoc.md"
163,"Hòn Chồng Nha Trang: “Kỳ quan” đá xếp chồng độc nhất vô nhị","Điểm du lịch nổi tiếng",2026-01-20,Phase 1,"https://nucuoimekong.com/hon-chong","/Users/huynhtronghieu/Documents/thericetour/nucuoimekong_blog_data/all_docx/163_hon-chong.docx","/Users/huynhtronghieu/Documents/thericetour/nucuoimekong_blog_data/all_posts/163_hon-chong.md"
164,"Megalive Tết Bính Ngọ 2026: Săn deal khủng, du xuân trọn vị","Khuyến mãi - Mã giảm giá",2026-01-19,Phase 1,"https://nucuoimekong.com/megalive-tet-binh-ngo-2026","/Users/huynhtronghieu/Documents/thericetour/nucuoimekong_blog_data/all_docx/164_megalive-tet-binh-ngo-2026.docx","/Users/huynhtronghieu/Documents/thericetour/nucuoimekong_blog_data/all_posts/164_megalive-tet-binh-ngo-2026.md"
165,"Vịnh San Hô Nha Trang: “Tọa độ vàng” cho những tín đồ yêu biển","Điểm du lịch nổi tiếng",2026-01-19,Phase 1,"https://nucuoimekong.com/vinh-san-ho","/Users/huynhtronghieu/Documents/thericetour/nucuoimekong_blog_data/all_docx/165_vinh-san-ho.docx","/Users/huynhtronghieu/Documents/thericetour/nucuoimekong_blog_data/all_posts/165_vinh-san-ho.md"
166,"Ý nghĩa Đèo Mã Pí Lèng – Một trong “Tứ đại đỉnh đèo” miền Bắc","Điểm du lịch nổi tiếng",2026-01-18,Phase 1,"https://nucuoimekong.com/deo-ma-pi-leng","/Users/huynhtronghieu/Documents/thericetour/nucuoimekong_blog_data/all_docx/166_deo-ma-pi-leng.docx","/Users/huynhtronghieu/Documents/thericetour/nucuoimekong_blog_data/all_posts/166_deo-ma-pi-leng.md"
167,"Đảo Con Sẻ Tre: Ngôi làng “thuần tre” độc bản giữa Vịnh Nha Trang","Điểm du lịch nổi tiếng",2026-01-18,Phase 1,"https://nucuoimekong.com/con-se-tre","/Users/huynhtronghieu/Documents/thericetour/nucuoimekong_blog_data/all_docx/167_con-se-tre.docx","/Users/huynhtronghieu/Documents/thericetour/nucuoimekong_blog_data/all_posts/167_con-se-tre.md"
168,"Chùa Long Sơn: Tượng Phật nhập niết bàn giữa phố biển Nha Trang","Điểm du lịch nổi tiếng",2026-01-16,Phase 1,"https://nucuoimekong.com/chua-long-son","/Users/huynhtronghieu/Documents/thericetour/nucuoimekong_blog_data/all_docx/168_chua-long-son.docx","/Users/huynhtronghieu/Documents/thericetour/nucuoimekong_blog_data/all_posts/168_chua-long-son.md"
169,"Nhà Thờ Núi Nha Trang: Tuyệt tác Gothic Châu Âu giữa lòng phố biển","Điểm du lịch nổi tiếng",2026-01-15,Phase 1,"https://nucuoimekong.com/nha-tho-nui-nha-trang","/Users/huynhtronghieu/Documents/thericetour/nucuoimekong_blog_data/all_docx/169_nha-tho-nui-nha-trang.docx","/Users/huynhtronghieu/Documents/thericetour/nucuoimekong_blog_data/all_posts/169_nha-tho-nui-nha-trang.md"
170,"TATA Show: Siêu phẩm 10 triệu USD tại VinWonders Nha Trang","Điểm du lịch nổi tiếng",2026-01-14,Phase 1,"https://nucuoimekong.com/tata-show","/Users/huynhtronghieu/Documents/thericetour/nucuoimekong_blog_data/all_docx/170_tata-show.docx","/Users/huynhtronghieu/Documents/thericetour/nucuoimekong_blog_data/all_posts/170_tata-show.md"
171,"Cuộc thi Design Thinking 2026: Nụ Cười Mê Kông cùng sinh viên “đánh thức” Chợ nổi","Tin tức",2026-01-13,Phase 1,"https://nucuoimekong.com/nu-cuoi-me-kong-tai-tro-cuoc-thi-design-thinking","/Users/huynhtronghieu/Documents/thericetour/nucuoimekong_blog_data/all_docx/171_nu-cuoi-me-kong-tai-tro-cuoc-thi-design-thinking.docx","/Users/huynhtronghieu/Documents/thericetour/nucuoimekong_blog_data/all_posts/171_nu-cuoi-me-kong-tai-tro-cuoc-thi-design-thinking.md"
172,"Thủy cung Vinpearl Nha Trang: “Đại dương thu nhỏ” đẹp tựa cổ tích","Điểm du lịch nổi tiếng",2026-01-13,Phase 1,"https://nucuoimekong.com/thuy-cung-vinpearl-nha-trang","/Users/huynhtronghieu/Documents/thericetour/nucuoimekong_blog_data/all_docx/172_thuy-cung-vinpearl-nha-trang.docx","/Users/huynhtronghieu/Documents/thericetour/nucuoimekong_blog_data/all_posts/172_thuy-cung-vinpearl-nha-trang.md"
173,"VinWonders Nha Trang: Thiên đường giải trí đẳng cấp trên đảo Hòn Tre","Điểm du lịch nổi tiếng",2026-01-12,Phase 1,"https://nucuoimekong.com/vinwonders-nha-trang","/Users/huynhtronghieu/Documents/thericetour/nucuoimekong_blog_data/all_docx/173_vinwonders-nha-trang.docx","/Users/huynhtronghieu/Documents/thericetour/nucuoimekong_blog_data/all_posts/173_vinwonders-nha-trang.md"
174,"Thuê xe Cần Thơ đi Cà Mau – Xe 4, 7, 16, 29, 45 chỗ (2026)","Thuê xe",2026-01-11,Phase 1,"https://nucuoimekong.com/thue-xe-can-tho-di-ca-mau","/Users/huynhtronghieu/Documents/thericetour/nucuoimekong_blog_data/all_docx/174_thue-xe-can-tho-di-ca-mau.docx","/Users/huynhtronghieu/Documents/thericetour/nucuoimekong_blog_data/all_posts/174_thue-xe-can-tho-di-ca-mau.md"
175,"Chùa Thiên Hưng: Nơi lưu giữ Ngọc Xá Lợi linh thiêng đất Võ","Điểm du lịch nổi tiếng",2026-01-11,Phase 1,"https://nucuoimekong.com/chua-thien-hung","/Users/huynhtronghieu/Documents/thericetour/nucuoimekong_blog_data/all_docx/175_chua-thien-hung.docx","/Users/huynhtronghieu/Documents/thericetour/nucuoimekong_blog_data/all_posts/175_chua-thien-hung.md"
176,"Tịnh xá Ngọc Hòa Quy Nhơn: Điểm dừng chân linh thiêng giữa biển trời","Điểm du lịch nổi tiếng",2026-01-10,Phase 1,"https://nucuoimekong.com/tinh-xa-ngoc-hoa","/Users/huynhtronghieu/Documents/thericetour/nucuoimekong_blog_data/all_docx/176_tinh-xa-ngoc-hoa.docx","/Users/huynhtronghieu/Documents/thericetour/nucuoimekong_blog_data/all_posts/176_tinh-xa-ngoc-hoa.md"
177,"Thuê tàu Tân Đại Phong Cần Thơ – Giá tốt, hỗ trợ trọn hành trình","Thuê tàu, ghe",2026-01-09,Phase 1,"https://nucuoimekong.com/thue-tau-tan-dai-phong-can-tho","/Users/huynhtronghieu/Documents/thericetour/nucuoimekong_blog_data/all_docx/177_thue-tau-tan-dai-phong-can-tho.docx","/Users/huynhtronghieu/Documents/thericetour/nucuoimekong_blog_data/all_posts/177_thue-tau-tan-dai-phong-can-tho.md"
178,"Bãi Dứa Quy Nhơn: Thiên đường san hô dưới chân núi Nhơn Lý","Điểm du lịch nổi tiếng",2026-01-09,Phase 1,"https://nucuoimekong.com/bai-dua-quy-nhon","/Users/huynhtronghieu/Documents/thericetour/nucuoimekong_blog_data/all_docx/178_bai-dua-quy-nhon.docx","/Users/huynhtronghieu/Documents/thericetour/nucuoimekong_blog_data/all_posts/178_bai-dua-quy-nhon.md"
179,"Tháp Nghinh Phong: Biểu tượng mới đầy kiêu hãnh của Phú Yên","Điểm du lịch nổi tiếng",2026-01-08,Phase 1,"https://nucuoimekong.com/thap-nghinh-phong","/Users/huynhtronghieu/Documents/thericetour/nucuoimekong_blog_data/all_docx/179_thap-nghinh-phong.docx","/Users/huynhtronghieu/Documents/thericetour/nucuoimekong_blog_data/all_posts/179_thap-nghinh-phong.md"
180,"Chùa Thanh Lương: Ngôi chùa san hô độc đáo ở Phú Yên","Chưa phân loại; Điểm du lịch nổi tiếng",2026-01-07,Phase 1,"https://nucuoimekong.com/chua-thanh-luong","/Users/huynhtronghieu/Documents/thericetour/nucuoimekong_blog_data/all_docx/180_chua-thanh-luong.docx","/Users/huynhtronghieu/Documents/thericetour/nucuoimekong_blog_data/all_posts/180_chua-thanh-luong.md"
181,"Khuyến mãi Vòng quay may mắn: Vi vu chơi xa, quà tặng bao la","Khuyến mãi - Mã giảm giá",2026-01-06,Phase 1,"https://nucuoimekong.com/khuyen-mai-vong-quay-may-man","/Users/huynhtronghieu/Documents/thericetour/nucuoimekong_blog_data/all_docx/181_khuyen-mai-vong-quay-may-man.docx","/Users/huynhtronghieu/Documents/thericetour/nucuoimekong_blog_data/all_posts/181_khuyen-mai-vong-quay-may-man.md"
182,"Bãi Xếp Quy Nhơn: Thiên đường biển đẹp tựa phim Hàn","Điểm du lịch nổi tiếng",2026-01-06,Phase 1,"https://nucuoimekong.com/bai-xep-quy-nhon","/Users/huynhtronghieu/Documents/thericetour/nucuoimekong_blog_data/all_docx/182_bai-xep-quy-nhon.docx","/Users/huynhtronghieu/Documents/thericetour/nucuoimekong_blog_data/all_posts/182_bai-xep-quy-nhon.md"
183,"Đầm Ô Loan Phú Yên: Tuyệt tác hoàng hôn dưới chân đèo","Điểm du lịch nổi tiếng",2026-01-05,Phase 1,"https://nucuoimekong.com/dam-o-loan","/Users/huynhtronghieu/Documents/thericetour/nucuoimekong_blog_data/all_docx/183_dam-o-loan.docx","/Users/huynhtronghieu/Documents/thericetour/nucuoimekong_blog_data/all_posts/183_dam-o-loan.md"
184,"Khám phá Ghềnh Đá Đĩa Phú Yên: Kỳ quan đá bazan độc đáo ven biển","Chưa phân loại; Điểm du lịch nổi tiếng",2026-01-04,Phase 1,"https://nucuoimekong.com/ghenh-da-dia","/Users/huynhtronghieu/Documents/thericetour/nucuoimekong_blog_data/all_docx/184_ghenh-da-dia.docx","/Users/huynhtronghieu/Documents/thericetour/nucuoimekong_blog_data/all_posts/184_ghenh-da-dia.md"
185,"Khám phá Nhà Thờ Mằng Lăng Phú Yên: Kiến trúc cổ và giá trị lịch sử","Chưa phân loại; Điểm du lịch nổi tiếng",2026-01-03,Phase 1,"https://nucuoimekong.com/nha-tho-mang-lang","/Users/huynhtronghieu/Documents/thericetour/nucuoimekong_blog_data/all_docx/185_nha-tho-mang-lang.docx","/Users/huynhtronghieu/Documents/thericetour/nucuoimekong_blog_data/all_posts/185_nha-tho-mang-lang.md"
186,"Khám phá ẩm thực Bình Định: Top món ngon đặc trưng vùng đất Võ","Đặc sản địa phương",2026-01-02,Phase 1,"https://nucuoimekong.com/mon-an-binh-dinh","/Users/huynhtronghieu/Documents/thericetour/nucuoimekong_blog_data/all_docx/186_mon-an-binh-dinh.docx","/Users/huynhtronghieu/Documents/thericetour/nucuoimekong_blog_data/all_posts/186_mon-an-binh-dinh.md"
187,"Khám phá Quảng Trường Quy Nhơn: Trái tim sôi động của thành phố biển","Điểm du lịch nổi tiếng",2026-01-01,Phase 1,"https://nucuoimekong.com/kham-pha-quang-truong-quy-nhon-trai-tim-soi-dong-cua-thanh-pho-bien","/Users/huynhtronghieu/Documents/thericetour/nucuoimekong_blog_data/all_docx/187_kham-pha-quang-truong-quy-nhon-trai-tim-soi-dong-cua-thanh-pho-bien.docx","/Users/huynhtronghieu/Documents/thericetour/nucuoimekong_blog_data/all_posts/187_kham-pha-quang-truong-quy-nhon-trai-tim-soi-dong-cua-thanh-pho-bien.md"
188,"Tháp Đôi Quy Nhơn: Khám Phá Kiến Trúc Cổ Và Giá Trị Lịch Sử","Điểm du lịch nổi tiếng",2025-12-31,Phase 1,"https://nucuoimekong.com/thap-doi-quy-nhon","/Users/huynhtronghieu/Documents/thericetour/nucuoimekong_blog_data/all_docx/188_thap-doi-quy-nhon.docx","/Users/huynhtronghieu/Documents/thericetour/nucuoimekong_blog_data/all_posts/188_thap-doi-quy-nhon.md"
189,"Ghềnh Ráng Tiên Sa: viên ngọc quý của biển núi Quy Nhơn","Điểm du lịch nổi tiếng",2025-12-28,Phase 1,"https://nucuoimekong.com/ghenh-rang-tien-sa","/Users/huynhtronghieu/Documents/thericetour/nucuoimekong_blog_data/all_docx/189_ghenh-rang-tien-sa.docx","/Users/huynhtronghieu/Documents/thericetour/nucuoimekong_blog_data/all_posts/189_ghenh-rang-tien-sa.md"
190,"Cầu Sông Hàn Đà Nẵng: Cầu quay độc đáo có một không hai","Điểm du lịch nổi tiếng",2025-12-27,Phase 1,"https://nucuoimekong.com/cau-song-han","/Users/huynhtronghieu/Documents/thericetour/nucuoimekong_blog_data/all_docx/190_cau-song-han.docx","/Users/huynhtronghieu/Documents/thericetour/nucuoimekong_blog_data/all_posts/190_cau-song-han.md"
191,"Bảo tàng Điêu khắc Chăm: Lưu giữ tinh hoa nghệ thuật Chăm Pa xưa","Điểm du lịch nổi tiếng",2025-12-26,Phase 1,"https://nucuoimekong.com/bao-tang-dieu-khac-cham","/Users/huynhtronghieu/Documents/thericetour/nucuoimekong_blog_data/all_docx/191_bao-tang-dieu-khac-cham.docx","/Users/huynhtronghieu/Documents/thericetour/nucuoimekong_blog_data/all_posts/191_bao-tang-dieu-khac-cham.md"
192,"Khuyến mãi Tour Tết 2026: Du xuân Bính Ngọ, Tết thêm gắn kết","Khuyến mãi - Mã giảm giá",2025-12-25,Phase 1,"https://nucuoimekong.com/khuyen-mai-tour-tet-2026","/Users/huynhtronghieu/Documents/thericetour/nucuoimekong_blog_data/all_docx/192_khuyen-mai-tour-tet-2026.docx","/Users/huynhtronghieu/Documents/thericetour/nucuoimekong_blog_data/all_posts/192_khuyen-mai-tour-tet-2026.md"
193,"Công viên APEC Đà Nẵng: Nghệ thuật hiện đại giữa trung tâm thành phố","Điểm du lịch nổi tiếng",2025-12-25,Phase 1,"https://nucuoimekong.com/cong-vien-apec","/Users/huynhtronghieu/Documents/thericetour/nucuoimekong_blog_data/all_docx/193_cong-vien-apec.docx","/Users/huynhtronghieu/Documents/thericetour/nucuoimekong_blog_data/all_posts/193_cong-vien-apec.md"
194,"Công viên Kỳ Quan Đà Nẵng: Điểm mô phỏng kỳ quan thế giới đầy ấn tượng","Điểm du lịch nổi tiếng",2025-12-24,Phase 1,"https://nucuoimekong.com/cong-vien-ky-quan-da-nang","/Users/huynhtronghieu/Documents/thericetour/nucuoimekong_blog_data/all_docx/194_cong-vien-ky-quan-da-nang.docx","/Users/huynhtronghieu/Documents/thericetour/nucuoimekong_blog_data/all_posts/194_cong-vien-ky-quan-da-nang.md"
195,"Vịnh Lăng Cô: Thiên đường biển xanh giữa đèo Hải Vân","Điểm du lịch nổi tiếng",2025-12-23,Phase 1,"https://nucuoimekong.com/vinh-lang-co","/Users/huynhtronghieu/Documents/thericetour/nucuoimekong_blog_data/all_docx/195_vinh-lang-co.docx","/Users/huynhtronghieu/Documents/thericetour/nucuoimekong_blog_data/all_posts/195_vinh-lang-co.md"
196,"Nụ Cười Mê Kông đồng hành cùng Giải Marathon quốc tế di sản Cần Thơ 2026","Khuyến mãi - Mã giảm giá; Tin tức",2025-12-18,Phase 1,"https://nucuoimekong.com/giai-marathon-quoc-te-di-san-can-tho-2025","/Users/huynhtronghieu/Documents/thericetour/nucuoimekong_blog_data/all_docx/196_giai-marathon-quoc-te-di-san-can-tho-2025.docx","/Users/huynhtronghieu/Documents/thericetour/nucuoimekong_blog_data/all_posts/196_giai-marathon-quoc-te-di-san-can-tho-2025.md"
197,"Festival Hoa – Kiểng Sa Đéc lần II năm 2026: Sắc hoa ngày mới","Tin tức",2025-12-18,Phase 1,"https://nucuoimekong.com/festival-hoa-kieng-sa-dec","/Users/huynhtronghieu/Documents/thericetour/nucuoimekong_blog_data/all_docx/197_festival-hoa-kieng-sa-dec.docx","/Users/huynhtronghieu/Documents/thericetour/nucuoimekong_blog_data/all_posts/197_festival-hoa-kieng-sa-dec.md"
198,"Đồng Văn – Vùng cao nguyên đá đậm bản sắc Tuyên Quang","Điểm du lịch nổi tiếng",2025-12-17,Phase 1,"https://nucuoimekong.com/dong-van","/Users/huynhtronghieu/Documents/thericetour/nucuoimekong_blog_data/all_docx/198_dong-van.docx","/Users/huynhtronghieu/Documents/thericetour/nucuoimekong_blog_data/all_posts/198_dong-van.md"
199,"Nụ Cười Mê Kông tham gia famtrip Quý Châu cùng 100 doanh nghiệp lữ hành Việt Nam","Tin tức",2025-12-16,Phase 1,"https://nucuoimekong.com/nu-cuoi-me-kong-tham-gia-famtrip-quy-chau-2025","/Users/huynhtronghieu/Documents/thericetour/nucuoimekong_blog_data/all_docx/199_nu-cuoi-me-kong-tham-gia-famtrip-quy-chau-2025.docx","/Users/huynhtronghieu/Documents/thericetour/nucuoimekong_blog_data/all_posts/199_nu-cuoi-me-kong-tham-gia-famtrip-quy-chau-2025.md"
200,"Cao lầu Hội An: Tinh hoa ẩm thực xứ Quảng","Review ẩm thực",2025-12-15,Phase 1,"https://nucuoimekong.com/cao-lau-hoi-an","/Users/huynhtronghieu/Documents/thericetour/nucuoimekong_blog_data/all_docx/200_cao-lau-hoi-an.docx","/Users/huynhtronghieu/Documents/thericetour/nucuoimekong_blog_data/all_posts/200_cao-lau-hoi-an.md"
201,"Cột mốc số 0 Hà Giang – Lịch trình kết hợp tham quan cao nguyên đá","Điểm du lịch nổi tiếng",2025-12-15,Phase 2,"https://nucuoimekong.com/cot-moc-so-0-ha-giang","/Users/huynhtronghieu/Documents/thericetour/nucuoimekong_blog_data/all_docx/201_cot-moc-so-0-ha-giang.docx","/Users/huynhtronghieu/Documents/thericetour/nucuoimekong_blog_data/all_posts/201_cot-moc-so-0-ha-giang.md"
202,"Nước Mót Hội An: Biểu tượng vỉa hè nơi phố Hội","Review ẩm thực",2025-12-12,Phase 2,"https://nucuoimekong.com/nuoc-mot-hoi-an","/Users/huynhtronghieu/Documents/thericetour/nucuoimekong_blog_data/all_docx/202_nuoc-mot-hoi-an.docx","/Users/huynhtronghieu/Documents/thericetour/nucuoimekong_blog_data/all_posts/202_nuoc-mot-hoi-an.md"
203,"Núi Đôi Cô Tiên Quản Bạ – Kỳ quan đôi núi huyền thoại giữa cao nguyên","Điểm du lịch nổi tiếng",2025-12-11,Phase 2,"https://nucuoimekong.com/nui-doi-co-tien-quan-ba","/Users/huynhtronghieu/Documents/thericetour/nucuoimekong_blog_data/all_docx/203_nui-doi-co-tien-quan-ba.docx","/Users/huynhtronghieu/Documents/thericetour/nucuoimekong_blog_data/all_posts/203_nui-doi-co-tien-quan-ba.md"
204,"Chùa Hoa Yên – Nét linh thiêng và vẻ đẹp bao la trên núi Yên Tử","Điểm du lịch nổi tiếng",2025-12-11,Phase 2,"https://nucuoimekong.com/chua-hoa-yen","/Users/huynhtronghieu/Documents/thericetour/nucuoimekong_blog_data/all_docx/204_chua-hoa-yen.docx","/Users/huynhtronghieu/Documents/thericetour/nucuoimekong_blog_data/all_posts/204_chua-hoa-yen.md"
205,"Chùa Đồng Yên Tử – Biểu tượng linh thiêng trên đỉnh thiêng Yên Tử","Điểm du lịch nổi tiếng",2025-12-11,Phase 2,"https://nucuoimekong.com/chua-dong-yen-tu","/Users/huynhtronghieu/Documents/thericetour/nucuoimekong_blog_data/all_docx/205_chua-dong-yen-tu.docx","/Users/huynhtronghieu/Documents/thericetour/nucuoimekong_blog_data/all_posts/205_chua-dong-yen-tu.md"
206,"Khám phá Hòn Gà Chọi – Biểu tượng nổi bật của kỳ quan Vịnh Hạ Long","Điểm du lịch nổi tiếng",2025-12-11,Phase 2,"https://nucuoimekong.com/hon-ga-choi","/Users/huynhtronghieu/Documents/thericetour/nucuoimekong_blog_data/all_docx/206_hon-ga-choi.docx","/Users/huynhtronghieu/Documents/thericetour/nucuoimekong_blog_data/all_posts/206_hon-ga-choi.md"
207,"Hòn Chó Đá – Dấu ấn độc đáo giữa quần thể kỳ quan Vịnh Hạ Long","Điểm du lịch nổi tiếng",2025-12-11,Phase 2,"https://nucuoimekong.com/hon-cho-da","/Users/huynhtronghieu/Documents/thericetour/nucuoimekong_blog_data/all_docx/207_hon-cho-da.docx","/Users/huynhtronghieu/Documents/thericetour/nucuoimekong_blog_data/all_posts/207_hon-cho-da.md"
208,"Khám phá Hòn Đỉnh Hương – Biểu tượng đặc sắc của Di sản Vịnh Hạ Long","Điểm du lịch nổi tiếng",2025-12-11,Phase 2,"https://nucuoimekong.com/hon-dinh-huong","/Users/huynhtronghieu/Documents/thericetour/nucuoimekong_blog_data/all_docx/208_hon-dinh-huong.docx","/Users/huynhtronghieu/Documents/thericetour/nucuoimekong_blog_data/all_posts/208_hon-dinh-huong.md"
209,"Hòn Rùa – Biểu tượng thiên nhiên độc đáo giữa biển trời Khánh Hoà","Điểm du lịch nổi tiếng",2025-12-11,Phase 2,"https://nucuoimekong.com/hon-rua","/Users/huynhtronghieu/Documents/thericetour/nucuoimekong_blog_data/all_docx/209_hon-rua.docx","/Users/huynhtronghieu/Documents/thericetour/nucuoimekong_blog_data/all_posts/209_hon-rua.md"
210,"Chợ Phiên Bắc Hà – Nét văn hoá độc đáo giữa núi rừng Tây Bắc","Điểm du lịch nổi tiếng",2025-12-11,Phase 2,"https://nucuoimekong.com/cho-phien-bac-ha","/Users/huynhtronghieu/Documents/thericetour/nucuoimekong_blog_data/all_docx/210_cho-phien-bac-ha.docx","/Users/huynhtronghieu/Documents/thericetour/nucuoimekong_blog_data/all_posts/210_cho-phien-bac-ha.md"
211,"Nhà sàn Bác Hồ: Không gian sống giản dị và những ký ức còn mãi","Điểm du lịch nổi tiếng",2025-12-10,Phase 2,"https://nucuoimekong.com/nha-san-bac-ho","/Users/huynhtronghieu/Documents/thericetour/nucuoimekong_blog_data/all_docx/211_nha-san-bac-ho.docx","/Users/huynhtronghieu/Documents/thericetour/nucuoimekong_blog_data/all_posts/211_nha-san-bac-ho.md"
212,"Quảng trường Ba Đình: Biểu tượng lịch sử của Thủ đô Hà Nội","Điểm du lịch nổi tiếng",2025-12-09,Phase 2,"https://nucuoimekong.com/quang-truong-ba-dinh","/Users/huynhtronghieu/Documents/thericetour/nucuoimekong_blog_data/all_docx/212_quang-truong-ba-dinh.docx","/Users/huynhtronghieu/Documents/thericetour/nucuoimekong_blog_data/all_posts/212_quang-truong-ba-dinh.md"
213,"Bánh cốm Hàng Than: Hương vị truyền thống và nét đẹp văn hóa Hà Nội","Đặc sản địa phương",2025-12-09,Phase 2,"https://nucuoimekong.com/banh-com-hang-than","/Users/huynhtronghieu/Documents/thericetour/nucuoimekong_blog_data/all_docx/213_banh-com-hang-than.docx","/Users/huynhtronghieu/Documents/thericetour/nucuoimekong_blog_data/all_posts/213_banh-com-hang-than.md"
214,"Vé xe bus 2 tầng Sài Gòn – Lộ trình, lịch chạy & giá vé chi tiết","Thuê xe",2025-12-09,Phase 2,"https://nucuoimekong.com/xe-bus-2-tang-hop-on-hop-off-sai-gon","/Users/huynhtronghieu/Documents/thericetour/nucuoimekong_blog_data/all_docx/214_xe-bus-2-tang-hop-on-hop-off-sai-gon.docx","/Users/huynhtronghieu/Documents/thericetour/nucuoimekong_blog_data/all_posts/214_xe-bus-2-tang-hop-on-hop-off-sai-gon.md"
215,"Cầu Thê Húc: Dải lụa đỏ quyến rũ giữa lòng Hồ Hoàn Kiếm","Điểm du lịch nổi tiếng",2025-12-07,Phase 2,"https://nucuoimekong.com/cau-the-huc","/Users/huynhtronghieu/Documents/thericetour/nucuoimekong_blog_data/all_docx/215_cau-the-huc.docx","/Users/huynhtronghieu/Documents/thericetour/nucuoimekong_blog_data/all_posts/215_cau-the-huc.md"
216,"Kem Tràng Tiền: Ký ức ngọt ngào của người Hà Nội","Review ẩm thực",2025-12-07,Phase 2,"https://nucuoimekong.com/kem-trang-tien","/Users/huynhtronghieu/Documents/thericetour/nucuoimekong_blog_data/all_docx/216_kem-trang-tien.docx","/Users/huynhtronghieu/Documents/thericetour/nucuoimekong_blog_data/all_posts/216_kem-trang-tien.md"
217,"Đền Ngọc Sơn: Biểu tượng không thể tách rời của Hà Nội","Điểm du lịch nổi tiếng",2025-12-06,Phase 2,"https://nucuoimekong.com/den-ngoc-son","/Users/huynhtronghieu/Documents/thericetour/nucuoimekong_blog_data/all_docx/217_den-ngoc-son.docx","/Users/huynhtronghieu/Documents/thericetour/nucuoimekong_blog_data/all_posts/217_den-ngoc-son.md"
218,"Chợ đêm Sapa: Trung tâm ẩm thực sôi động của thị trấn mờ sương","Điểm du lịch nổi tiếng",2025-12-06,Phase 2,"https://nucuoimekong.com/cho-dem-sapa","/Users/huynhtronghieu/Documents/thericetour/nucuoimekong_blog_data/all_docx/218_cho-dem-sapa.docx","/Users/huynhtronghieu/Documents/thericetour/nucuoimekong_blog_data/all_posts/218_cho-dem-sapa.md"
219,"Nụ Cười Mê Kông đón đoàn Famtrip quốc tế cùng lan toả bản sắc Miền Tây","Tin tức",2025-12-06,Phase 2,"https://nucuoimekong.com/nu-cuoi-me-kong-don-doan-famtrip-quoc-te","/Users/huynhtronghieu/Documents/thericetour/nucuoimekong_blog_data/all_docx/219_nu-cuoi-me-kong-don-doan-famtrip-quoc-te.docx","/Users/huynhtronghieu/Documents/thericetour/nucuoimekong_blog_data/all_posts/219_nu-cuoi-me-kong-don-doan-famtrip-quoc-te.md"
220,"Hoàng thành Thăng Long: Nơi lưu giữ dấu ấn các triều đại Việt Nam","Điểm du lịch nổi tiếng",2025-12-05,Phase 2,"https://nucuoimekong.com/hoang-thanh-thang-long","/Users/huynhtronghieu/Documents/thericetour/nucuoimekong_blog_data/all_docx/220_hoang-thanh-thang-long.docx","/Users/huynhtronghieu/Documents/thericetour/nucuoimekong_blog_data/all_posts/220_hoang-thanh-thang-long.md"
221,"Chùa Trấn Quốc: Dấu ấn tâm linh nghìn năm của Hà Nội","Điểm du lịch nổi tiếng",2025-12-05,Phase 2,"https://nucuoimekong.com/chua-tran-quoc","/Users/huynhtronghieu/Documents/thericetour/nucuoimekong_blog_data/all_docx/221_chua-tran-quoc.docx","/Users/huynhtronghieu/Documents/thericetour/nucuoimekong_blog_data/all_posts/221_chua-tran-quoc.md"
222,"Y Tý: Khám phá thiên đường mua sắm bất tận tại vùng núi Tây Bắc","Điểm du lịch nổi tiếng",2025-12-05,Phase 2,"https://nucuoimekong.com/y-ty","/Users/huynhtronghieu/Documents/thericetour/nucuoimekong_blog_data/all_docx/222_y-ty.docx","/Users/huynhtronghieu/Documents/thericetour/nucuoimekong_blog_data/all_posts/222_y-ty.md"
223,"Thánh địa La Vang: Điểm hành hương nổi tiếng nhất Quảng Trị","Điểm du lịch nổi tiếng",2025-12-04,Phase 2,"https://nucuoimekong.com/thanh-dia-la-vang","/Users/huynhtronghieu/Documents/thericetour/nucuoimekong_blog_data/all_docx/223_thanh-dia-la-vang.docx","/Users/huynhtronghieu/Documents/thericetour/nucuoimekong_blog_data/all_posts/223_thanh-dia-la-vang.md"
224,"Vĩ tuyến 17: Ranh giới lịch sử và điểm đến nổi tiếng Quảng Trị","Điểm du lịch nổi tiếng",2025-12-04,Phase 2,"https://nucuoimekong.com/vi-tuyen-17","/Users/huynhtronghieu/Documents/thericetour/nucuoimekong_blog_data/all_docx/224_vi-tuyen-17.docx","/Users/huynhtronghieu/Documents/thericetour/nucuoimekong_blog_data/all_posts/224_vi-tuyen-17.md"
225,"Đường Trường Sơn: huyền thoại con đường máu và hoa","Khám phá và trải nghiệm",2025-12-04,Phase 2,"https://nucuoimekong.com/duong-truong-son","/Users/huynhtronghieu/Documents/thericetour/nucuoimekong_blog_data/all_docx/225_duong-truong-son.docx","/Users/huynhtronghieu/Documents/thericetour/nucuoimekong_blog_data/all_posts/225_duong-truong-son.md"
226,"Động Thiên Đường Quảng Bình: Tuyệt tác hang khô dài nhất châu Á","Điểm du lịch nổi tiếng",2025-12-04,Phase 2,"https://nucuoimekong.com/dong-thien-duong","/Users/huynhtronghieu/Documents/thericetour/nucuoimekong_blog_data/all_docx/226_dong-thien-duong.docx","/Users/huynhtronghieu/Documents/thericetour/nucuoimekong_blog_data/all_posts/226_dong-thien-duong.md"
227,"Trải Nghiệm Đèo Ô Quy Hồ: Cảnh Đẹp, Check-in, ăn uống & gợi ý lịch trình","Khám phá và trải nghiệm",2025-12-03,Phase 2,"https://nucuoimekong.com/deo-o-quy-ho","/Users/huynhtronghieu/Documents/thericetour/nucuoimekong_blog_data/all_docx/227_deo-o-quy-ho.docx","/Users/huynhtronghieu/Documents/thericetour/nucuoimekong_blog_data/all_posts/227_deo-o-quy-ho.md"
228,"Khám phá Lăng Khải Định: Kiến trúc hoàng gia & di sản văn hóa Việt Nam","Điểm du lịch nổi tiếng",2025-12-03,Phase 2,"https://nucuoimekong.com/lang-khai-dinh","/Users/huynhtronghieu/Documents/thericetour/nucuoimekong_blog_data/all_docx/228_lang-khai-dinh.docx","/Users/huynhtronghieu/Documents/thericetour/nucuoimekong_blog_data/all_posts/228_lang-khai-dinh.md"
229,"Làng Chài Lăng Cô: Nét bình yên hoài cổ giữa vịnh biển Miền Trung","Khám phá và trải nghiệm; Điểm du lịch nổi tiếng",2025-12-03,Phase 2,"https://nucuoimekong.com/lang-chai-lang-co","/Users/huynhtronghieu/Documents/thericetour/nucuoimekong_blog_data/all_docx/229_lang-chai-lang-co.docx","/Users/huynhtronghieu/Documents/thericetour/nucuoimekong_blog_data/all_posts/229_lang-chai-lang-co.md"
230,"Làng Pháp Bà Nà Hills: Ngôi làng Châu Âu giữa mây núi Đà Nẵng","Điểm du lịch nổi tiếng",2025-12-03,Phase 2,"https://nucuoimekong.com/lang-phap","/Users/huynhtronghieu/Documents/thericetour/nucuoimekong_blog_data/all_docx/230_lang-phap.docx","/Users/huynhtronghieu/Documents/thericetour/nucuoimekong_blog_data/all_posts/230_lang-phap.md"
231,"Khu phố cổ Hà Nội: Khám phá văn hóa và ẩm thực 36 phố phường","Điểm du lịch nổi tiếng",2025-12-03,Phase 2,"https://nucuoimekong.com/khu-pho-co-ha-noi","/Users/huynhtronghieu/Documents/thericetour/nucuoimekong_blog_data/all_docx/231_khu-pho-co-ha-noi.docx","/Users/huynhtronghieu/Documents/thericetour/nucuoimekong_blog_data/all_posts/231_khu-pho-co-ha-noi.md"
232,"Chùa Cầu Nhật Bản: Nét giao thoa độc đáo giữa lòng phố cổ Hội An","Điểm du lịch nổi tiếng",2025-12-03,Phase 2,"https://nucuoimekong.com/chua-cau-nhat-ban","/Users/huynhtronghieu/Documents/thericetour/nucuoimekong_blog_data/all_docx/232_chua-cau-nhat-ban.docx","/Users/huynhtronghieu/Documents/thericetour/nucuoimekong_blog_data/all_posts/232_chua-cau-nhat-ban.md"
233,"Phủ Chủ Tịch: Nơi lưu giữ di sản Chủ tịch Hồ Chí Minh giữa lòng thủ đô","Điểm du lịch nổi tiếng",2025-12-02,Phase 2,"https://nucuoimekong.com/phu-chu-tich","/Users/huynhtronghieu/Documents/thericetour/nucuoimekong_blog_data/all_docx/233_phu-chu-tich.docx","/Users/huynhtronghieu/Documents/thericetour/nucuoimekong_blog_data/all_posts/233_phu-chu-tich.md"
234,"Thắng Cố: Món đặc sản huyền thoại của vùng Tây Bắc","Review ẩm thực",2025-12-02,Phase 2,"https://nucuoimekong.com/thang-co","/Users/huynhtronghieu/Documents/thericetour/nucuoimekong_blog_data/all_docx/234_thang-co.docx","/Users/huynhtronghieu/Documents/thericetour/nucuoimekong_blog_data/all_posts/234_thang-co.md"
235,"Thủy điện Thác Bà: Kỳ quan nhân tạo giữa lòng Tây Bắc","Điểm du lịch nổi tiếng",2025-12-02,Phase 2,"https://nucuoimekong.com/thuy-dien-thac-ba","/Users/huynhtronghieu/Documents/thericetour/nucuoimekong_blog_data/all_docx/235_thuy-dien-thac-ba.docx","/Users/huynhtronghieu/Documents/thericetour/nucuoimekong_blog_data/all_posts/235_thuy-dien-thac-ba.md"
236,"Chợ Cốc Lếu: Thiên đường mua sắm sầm uất của Lào Cai","Điểm du lịch nổi tiếng",2025-12-02,Phase 2,"https://nucuoimekong.com/cho-coc-leu","/Users/huynhtronghieu/Documents/thericetour/nucuoimekong_blog_data/all_docx/236_cho-coc-leu.docx","/Users/huynhtronghieu/Documents/thericetour/nucuoimekong_blog_data/all_posts/236_cho-coc-leu.md"
237,"Cổng Trời Sapa: Khám phá thiên đường săn mây bất tận","Điểm du lịch nổi tiếng",2025-12-02,Phase 2,"https://nucuoimekong.com/cong-troi-sapa","/Users/huynhtronghieu/Documents/thericetour/nucuoimekong_blog_data/all_docx/237_cong-troi-sapa.docx","/Users/huynhtronghieu/Documents/thericetour/nucuoimekong_blog_data/all_posts/237_cong-troi-sapa.md"
238,"Nụ Cười Mê Kông đón Đoàn SEAEF đại biểu Liên đoàn Thể thao Điện tử ĐNA tham quan Chợ Nổi Cái Răng","Tin tức",2025-11-25,Phase 2,"https://nucuoimekong.com/nu-cuoi-me-kong-don-doan-seaef","/Users/huynhtronghieu/Documents/thericetour/nucuoimekong_blog_data/all_docx/238_nu-cuoi-me-kong-don-doan-seaef.docx","/Users/huynhtronghieu/Documents/thericetour/nucuoimekong_blog_data/all_posts/238_nu-cuoi-me-kong-don-doan-seaef.md"
239,"Cần Thơ đăng cai Giải eSports châu Á ECA 2026","Tin tức",2025-11-22,Phase 2,"https://nucuoimekong.com/eca-2025","/Users/huynhtronghieu/Documents/thericetour/nucuoimekong_blog_data/all_docx/239_eca-2025.docx","/Users/huynhtronghieu/Documents/thericetour/nucuoimekong_blog_data/all_posts/239_eca-2025.md"
240,"Lễ hội Văn hoá Sông Nước Cần Thơ 2026: Sắc Màu Miền Tây","Tin tức",2025-11-19,Phase 2,"https://nucuoimekong.com/le-hoi-van-hoa-song-nuoc-can-tho-2025","/Users/huynhtronghieu/Documents/thericetour/nucuoimekong_blog_data/all_docx/240_le-hoi-van-hoa-song-nuoc-can-tho-2025.docx","/Users/huynhtronghieu/Documents/thericetour/nucuoimekong_blog_data/all_posts/240_le-hoi-van-hoa-song-nuoc-can-tho-2025.md"
241,"Đặt tour signature, nhận ngay giỏ lục bình thủ công","Khuyến mãi - Mã giảm giá",2025-11-14,Phase 2,"https://nucuoimekong.com/dat-tour-nhan-gio-luc-binh-thu-cong","/Users/huynhtronghieu/Documents/thericetour/nucuoimekong_blog_data/all_docx/241_dat-tour-nhan-gio-luc-binh-thu-cong.docx","/Users/huynhtronghieu/Documents/thericetour/nucuoimekong_blog_data/all_posts/241_dat-tour-nhan-gio-luc-binh-thu-cong.md"
242,"Nụ Cười Mê Kông kí hợp tác cùng Tatinta mở rộng giới hạn trải nghiệm du lịch","Tin tức",2025-11-13,Phase 2,"https://nucuoimekong.com/nu-cuoi-me-kong-ki-hop-tac-cung-tatinta","/Users/huynhtronghieu/Documents/thericetour/nucuoimekong_blog_data/all_docx/242_nu-cuoi-me-kong-ki-hop-tac-cung-tatinta.docx","/Users/huynhtronghieu/Documents/thericetour/nucuoimekong_blog_data/all_posts/242_nu-cuoi-me-kong-ki-hop-tac-cung-tatinta.md"
243,"Nụ Cười Mê Kông khảo sát Sóc Trăng & tham dự Khai mạc Lễ hội Ok Om Bok 2026","Tin tức",2025-11-13,Phase 2,"https://nucuoimekong.com/tham-du-khai-mac-le-hoi-ok-om-bok-2025","/Users/huynhtronghieu/Documents/thericetour/nucuoimekong_blog_data/all_docx/243_tham-du-khai-mac-le-hoi-ok-om-bok-2025.docx","/Users/huynhtronghieu/Documents/thericetour/nucuoimekong_blog_data/all_posts/243_tham-du-khai-mac-le-hoi-ok-om-bok-2025.md"
244,"Vé Tàu Cần Thơ Côn Đảo – Mai Linh Express","Vé tàu",2025-11-12,Phase 2,"https://nucuoimekong.com/ve-tau-can-tho-con-dao","/Users/huynhtronghieu/Documents/thericetour/nucuoimekong_blog_data/all_docx/244_ve-tau-can-tho-con-dao.docx","/Users/huynhtronghieu/Documents/thericetour/nucuoimekong_blog_data/all_posts/244_ve-tau-can-tho-con-dao.md"
245,"Mộc Châu Sơn La – “Mê đắm” cao nguyên Tây Bắc (2026)","Điểm du lịch nổi tiếng",2025-11-12,Phase 2,"https://nucuoimekong.com/du-lich-moc-chau-son-la","/Users/huynhtronghieu/Documents/thericetour/nucuoimekong_blog_data/all_docx/245_du-lich-moc-chau-son-la.docx","/Users/huynhtronghieu/Documents/thericetour/nucuoimekong_blog_data/all_posts/245_du-lich-moc-chau-son-la.md"
246,"Đèo Hải Vân – Tuyệt tác “cung đường đệ nhất” Việt Nam 2026","Khám phá và trải nghiệm",2025-11-12,Phase 2,"https://nucuoimekong.com/deo-hai-van","/Users/huynhtronghieu/Documents/thericetour/nucuoimekong_blog_data/all_docx/246_deo-hai-van.docx","/Users/huynhtronghieu/Documents/thericetour/nucuoimekong_blog_data/all_posts/246_deo-hai-van.md"
247,"Chùa Vĩnh Tràng – Viếng ngôi chùa cổ lớn nhất tại Tiền Giang","Điểm du lịch nổi tiếng",2025-11-12,Phase 2,"https://nucuoimekong.com/chua-vinh-trang","/Users/huynhtronghieu/Documents/thericetour/nucuoimekong_blog_data/all_docx/247_chua-vinh-trang.docx","/Users/huynhtronghieu/Documents/thericetour/nucuoimekong_blog_data/all_posts/247_chua-vinh-trang.md"
248,"Suối tiên Mũi Né – Khám phá dòng suối có 1-0-2 ở Việt Nam 2026","Điểm du lịch nổi tiếng",2025-11-12,Phase 2,"https://nucuoimekong.com/suoi-tien-mui-ne","/Users/huynhtronghieu/Documents/thericetour/nucuoimekong_blog_data/all_docx/248_suoi-tien-mui-ne.docx","/Users/huynhtronghieu/Documents/thericetour/nucuoimekong_blog_data/all_posts/248_suoi-tien-mui-ne.md"
249,"Tháp chàm Poshanư Mũi Né – Kiến trúc cổ Vương Quốc Chăm Pa","Điểm du lịch nổi tiếng",2025-11-12,Phase 2,"https://nucuoimekong.com/thap-cham-poshanu-mui-ne","/Users/huynhtronghieu/Documents/thericetour/nucuoimekong_blog_data/all_docx/249_thap-cham-poshanu-mui-ne.docx","/Users/huynhtronghieu/Documents/thericetour/nucuoimekong_blog_data/all_posts/249_thap-cham-poshanu-mui-ne.md"
250,"Top 15 khách sạn Côn Đảo giá tốt, được yêu thích nhất 2026","Khách sạn",2025-11-12,Phase 2,"https://nucuoimekong.com/khach-san-con-dao","/Users/huynhtronghieu/Documents/thericetour/nucuoimekong_blog_data/all_docx/250_khach-san-con-dao.docx","/Users/huynhtronghieu/Documents/thericetour/nucuoimekong_blog_data/all_posts/250_khach-san-con-dao.md"
251,"Chị Võ Thị Sáu – Viếng thăm mộ chị Võ Thị Sáu ở Côn Đảo (2026)","Điểm du lịch nổi tiếng",2025-11-12,Phase 2,"https://nucuoimekong.com/con-dao-vo-thi-sau","/Users/huynhtronghieu/Documents/thericetour/nucuoimekong_blog_data/all_docx/251_con-dao-vo-thi-sau.docx","/Users/huynhtronghieu/Documents/thericetour/nucuoimekong_blog_data/all_posts/251_con-dao-vo-thi-sau.md"
252,"Đặc sản Đà Nẵng – Top 25+ món ngon nhất định phải thử (2026)","Toplist; Đặc sản địa phương",2025-11-12,Phase 2,"https://nucuoimekong.com/dac-san-da-nang","/Users/huynhtronghieu/Documents/thericetour/nucuoimekong_blog_data/all_docx/252_dac-san-da-nang.docx","/Users/huynhtronghieu/Documents/thericetour/nucuoimekong_blog_data/all_posts/252_dac-san-da-nang.md"
253,"Lễ hội vía Bà Chúa Xứ Núi Sam – Đặc sắc vùng đất Thất Sơn An Giang","Văn hóa và lễ hội",2025-11-12,Phase 2,"https://nucuoimekong.com/le-hoi-via-ba-chua-xu","/Users/huynhtronghieu/Documents/thericetour/nucuoimekong_blog_data/all_docx/253_le-hoi-via-ba-chua-xu.docx","/Users/huynhtronghieu/Documents/thericetour/nucuoimekong_blog_data/all_posts/253_le-hoi-via-ba-chua-xu.md"
254,"Núi Tà Cú – Thánh địa du lịch tâm linh ở Bình Thuận (2026)","Điểm du lịch nổi tiếng",2025-11-12,Phase 2,"https://nucuoimekong.com/nui-ta-cu","/Users/huynhtronghieu/Documents/thericetour/nucuoimekong_blog_data/all_docx/254_nui-ta-cu.docx","/Users/huynhtronghieu/Documents/thericetour/nucuoimekong_blog_data/all_posts/254_nui-ta-cu.md"
255,"Khám phá Top 10 khách sạn 5 sao đẳng cấp tại TP. Hồ Chí Minh","Khách sạn",2025-11-12,Phase 2,"https://nucuoimekong.com/khach-san-sai-gon","/Users/huynhtronghieu/Documents/thericetour/nucuoimekong_blog_data/all_docx/255_khach-san-sai-gon.docx","/Users/huynhtronghieu/Documents/thericetour/nucuoimekong_blog_data/all_posts/255_khach-san-sai-gon.md"
256,"Cầu Rồng Đà Nẵng – Kinh nghiệm ngắm cầu rồng phun lửa","Khám phá và trải nghiệm; Điểm du lịch nổi tiếng",2025-11-12,Phase 2,"https://nucuoimekong.com/cau-rong-da-nang","/Users/huynhtronghieu/Documents/thericetour/nucuoimekong_blog_data/all_docx/256_cau-rong-da-nang.docx","/Users/huynhtronghieu/Documents/thericetour/nucuoimekong_blog_data/all_posts/256_cau-rong-da-nang.md"
257,"Top 13 Homestay view đẹp tại Sài Gòn với mức giá bình dân 2026","Homestay",2025-11-12,Phase 2,"https://nucuoimekong.com/homestay-sai-gon","/Users/huynhtronghieu/Documents/thericetour/nucuoimekong_blog_data/all_docx/257_homestay-sai-gon.docx","/Users/huynhtronghieu/Documents/thericetour/nucuoimekong_blog_data/all_posts/257_homestay-sai-gon.md"
258,"Du lịch Rạch Giá – Cẩm nang du lịch từ A đến Z năm 2026","Khám phá và trải nghiệm",2025-11-12,Phase 2,"https://nucuoimekong.com/du-lich-rach-gia-kien-giang","/Users/huynhtronghieu/Documents/thericetour/nucuoimekong_blog_data/all_docx/258_du-lich-rach-gia-kien-giang.docx","/Users/huynhtronghieu/Documents/thericetour/nucuoimekong_blog_data/all_posts/258_du-lich-rach-gia-kien-giang.md"
259,"Biển Mỹ Khê – Kinh nghiệm du lịch Biển Mỹ Khê Đà Nẵng (2026)","Điểm du lịch nổi tiếng",2025-11-12,Phase 2,"https://nucuoimekong.com/bai-bien-my-khe-da-nang","/Users/huynhtronghieu/Documents/thericetour/nucuoimekong_blog_data/all_docx/259_bai-bien-my-khe-da-nang.docx","/Users/huynhtronghieu/Documents/thericetour/nucuoimekong_blog_data/all_posts/259_bai-bien-my-khe-da-nang.md"
260,"Cá chép hóa rồng Đà Nẵng – Mãn nhãn bức tượng hot nhất 2026","Điểm du lịch nổi tiếng",2025-11-12,Phase 2,"https://nucuoimekong.com/tuong-ca-chep-hoa-rong-da-nang","/Users/huynhtronghieu/Documents/thericetour/nucuoimekong_blog_data/all_docx/260_tuong-ca-chep-hoa-rong-da-nang.docx","/Users/huynhtronghieu/Documents/thericetour/nucuoimekong_blog_data/all_posts/260_tuong-ca-chep-hoa-rong-da-nang.md"
261,"Kinh nghiệm đặt vé tàu Sài Gòn Côn Đảo từ A – Z","Vé tàu",2025-11-12,Phase 2,"https://nucuoimekong.com/kinh-nghiem-dat-ve-tau-sai-gon-con-dao","/Users/huynhtronghieu/Documents/thericetour/nucuoimekong_blog_data/all_docx/261_kinh-nghiem-dat-ve-tau-sai-gon-con-dao.docx","/Users/huynhtronghieu/Documents/thericetour/nucuoimekong_blog_data/all_posts/261_kinh-nghiem-dat-ve-tau-sai-gon-con-dao.md"
262,"Lagi Bình Thuận – Tất tần tật kinh nghiệm du lịch Biển Lagi (2026)","Khám phá và trải nghiệm",2025-11-12,Phase 2,"https://nucuoimekong.com/bien-lagi-binh-thuan","/Users/huynhtronghieu/Documents/thericetour/nucuoimekong_blog_data/all_docx/262_bien-lagi-binh-thuan.docx","/Users/huynhtronghieu/Documents/thericetour/nucuoimekong_blog_data/all_posts/262_bien-lagi-binh-thuan.md"
263,"Cầu tình yêu Đà Nẵng – Địa điểm check-in lãng mạn (2026)","Điểm du lịch nổi tiếng",2025-11-12,Phase 2,"https://nucuoimekong.com/cau-tinh-yeu-da-nang","/Users/huynhtronghieu/Documents/thericetour/nucuoimekong_blog_data/all_docx/263_cau-tinh-yeu-da-nang.docx","/Users/huynhtronghieu/Documents/thericetour/nucuoimekong_blog_data/all_posts/263_cau-tinh-yeu-da-nang.md"
264,"Bà Nà Hills – “Châu Âu thu nhỏ trong lòng thành phố”","Điểm du lịch nổi tiếng",2025-11-12,Phase 2,"https://nucuoimekong.com/ba-na-hills-da-nang","/Users/huynhtronghieu/Documents/thericetour/nucuoimekong_blog_data/all_docx/264_ba-na-hills-da-nang.docx","/Users/huynhtronghieu/Documents/thericetour/nucuoimekong_blog_data/all_posts/264_ba-na-hills-da-nang.md"
265,"Ngũ Hành Sơn Đà Nẵng – Danh thắng hùng vĩ tại Việt Nam","Điểm du lịch nổi tiếng",2025-11-12,Phase 2,"https://nucuoimekong.com/ngu-hanh-son-da-nang","/Users/huynhtronghieu/Documents/thericetour/nucuoimekong_blog_data/all_docx/265_ngu-hanh-son-da-nang.docx","/Users/huynhtronghieu/Documents/thericetour/nucuoimekong_blog_data/all_posts/265_ngu-hanh-son-da-nang.md"
266,"Du lịch Cát Bà – Khám phá “viên ngọc xanh” cực đẹp gần vịnh Hạ Long","Điểm du lịch nổi tiếng",2025-11-11,Phase 2,"https://nucuoimekong.com/kinh-nghiem-du-lich-dao-cat-ba","/Users/huynhtronghieu/Documents/thericetour/nucuoimekong_blog_data/all_docx/266_kinh-nghiem-du-lich-dao-cat-ba.docx","/Users/huynhtronghieu/Documents/thericetour/nucuoimekong_blog_data/all_posts/266_kinh-nghiem-du-lich-dao-cat-ba.md"
267,"Chùa Tam Chúc Hà Nam – Một trong những ngôi chùa lớn tại Việt Nam","Điểm du lịch nổi tiếng",2025-11-11,Phase 2,"https://nucuoimekong.com/chua-tam-chuc-ha-nam","/Users/huynhtronghieu/Documents/thericetour/nucuoimekong_blog_data/all_docx/267_chua-tam-chuc-ha-nam.docx","/Users/huynhtronghieu/Documents/thericetour/nucuoimekong_blog_data/all_posts/267_chua-tam-chuc-ha-nam.md"
268,"Biển Hòn Rơm – Kinh nghiệm vi vu ăn chơi xứ biển từ A – Z (2026)","Điểm du lịch nổi tiếng",2025-11-11,Phase 2,"https://nucuoimekong.com/bien-hon-rom-mui-ne","/Users/huynhtronghieu/Documents/thericetour/nucuoimekong_blog_data/all_docx/268_bien-hon-rom-mui-ne.docx","/Users/huynhtronghieu/Documents/thericetour/nucuoimekong_blog_data/all_posts/268_bien-hon-rom-mui-ne.md"
269,"Nhà hàng Côn Đảo-Top 15 nhà hàng với nhiều món ngon hấp dẫn","Review ẩm thực; Toplist",2025-11-11,Phase 2,"https://nucuoimekong.com/nha-hang-con-dao","/Users/huynhtronghieu/Documents/thericetour/nucuoimekong_blog_data/all_docx/269_nha-hang-con-dao.docx","/Users/huynhtronghieu/Documents/thericetour/nucuoimekong_blog_data/all_posts/269_nha-hang-con-dao.md"
270,"Cù lao Câu – Thiên đường hoang sơ giữa lòng Bình Thuận (2026)","Điểm du lịch nổi tiếng",2025-11-11,Phase 2,"https://nucuoimekong.com/cu-lao-cau-binh-thuan","/Users/huynhtronghieu/Documents/thericetour/nucuoimekong_blog_data/all_docx/270_cu-lao-cau-binh-thuan.docx","/Users/huynhtronghieu/Documents/thericetour/nucuoimekong_blog_data/all_posts/270_cu-lao-cau-binh-thuan.md"
271,"Chùa Linh Thứu – Check in ngôi chùa lâu đời tại Tiền Giang (2026)","Điểm du lịch nổi tiếng",2025-11-11,Phase 2,"https://nucuoimekong.com/chua-linh-thuu-tien-giang","/Users/huynhtronghieu/Documents/thericetour/nucuoimekong_blog_data/all_docx/271_chua-linh-thuu-tien-giang.docx","/Users/huynhtronghieu/Documents/thericetour/nucuoimekong_blog_data/all_posts/271_chua-linh-thuu-tien-giang.md"
272,"Chùa Hang Châu Đốc An Giang – Cẩm nang du lịch & bí ẩn ít người biết (2026)","Điểm du lịch nổi tiếng",2025-11-11,Phase 2,"https://nucuoimekong.com/chua-hang-chau-doc-an-giang","/Users/huynhtronghieu/Documents/thericetour/nucuoimekong_blog_data/all_docx/272_chua-hang-chau-doc-an-giang.docx","/Users/huynhtronghieu/Documents/thericetour/nucuoimekong_blog_data/all_posts/272_chua-hang-chau-doc-an-giang.md"
273,"Lâu đài rượu vang Mũi Né – “Thành Âu” nguy nga cổ kính","Điểm du lịch nổi tiếng",2025-11-11,Phase 2,"https://nucuoimekong.com/lau-dai-ruou-vang","/Users/huynhtronghieu/Documents/thericetour/nucuoimekong_blog_data/all_docx/273_lau-dai-ruou-vang.docx","/Users/huynhtronghieu/Documents/thericetour/nucuoimekong_blog_data/all_posts/273_lau-dai-ruou-vang.md"
274,"Khu du lịch văn hóa Phương Nam – Cẩm nang du lịch từ A-Z","Điểm du lịch nổi tiếng",2025-11-11,Phase 2,"https://nucuoimekong.com/khu-du-lich-van-hoa-phuong-nam","/Users/huynhtronghieu/Documents/thericetour/nucuoimekong_blog_data/all_docx/274_khu-du-lich-van-hoa-phuong-nam.docx","/Users/huynhtronghieu/Documents/thericetour/nucuoimekong_blog_data/all_posts/274_khu-du-lich-van-hoa-phuong-nam.md"
275,"Quán hủ tiếu ngon ở Sa Đéc – Top 9 địa điểm “giữ chân” khách","Review ẩm thực",2025-11-11,Phase 2,"https://nucuoimekong.com/quan-hu-tieu-ngon-o-sa-dec","/Users/huynhtronghieu/Documents/thericetour/nucuoimekong_blog_data/all_docx/275_quan-hu-tieu-ngon-o-sa-dec.docx","/Users/huynhtronghieu/Documents/thericetour/nucuoimekong_blog_data/all_posts/275_quan-hu-tieu-ngon-o-sa-dec.md"
276,"Cánh đồng Tà Pạ – Chiêm ngưỡng “bức họa đồng quê” An Giang","Điểm du lịch nổi tiếng",2025-11-11,Phase 2,"https://nucuoimekong.com/canh-dong-ta-pa-an-giang","/Users/huynhtronghieu/Documents/thericetour/nucuoimekong_blog_data/all_docx/276_canh-dong-ta-pa-an-giang.docx","/Users/huynhtronghieu/Documents/thericetour/nucuoimekong_blog_data/all_posts/276_canh-dong-ta-pa-an-giang.md"
277,"Làng chài Mũi Né – Điểm du lịch ngập tràn hải sản cực kì tươi ngon","Điểm du lịch nổi tiếng",2025-11-11,Phase 2,"https://nucuoimekong.com/lang-chai-mui-ne","/Users/huynhtronghieu/Documents/thericetour/nucuoimekong_blog_data/all_docx/277_lang-chai-mui-ne.docx","/Users/huynhtronghieu/Documents/thericetour/nucuoimekong_blog_data/all_posts/277_lang-chai-mui-ne.md"
278,"Đặc sản Đồng Tháp – Top 17 món nổi tiếng tại “Xử Sở Sen Hồng”","Đặc sản địa phương",2025-11-11,Phase 2,"https://nucuoimekong.com/dac-san-dong-thap","/Users/huynhtronghieu/Documents/thericetour/nucuoimekong_blog_data/all_docx/278_dac-san-dong-thap.docx","/Users/huynhtronghieu/Documents/thericetour/nucuoimekong_blog_data/all_posts/278_dac-san-dong-thap.md"
279,"Kinh nghiệm thực tế đi tour Côn Đảo 2 ngày 1 đêm từ Sài Gòn","Khám phá và trải nghiệm",2025-11-11,Phase 2,"https://nucuoimekong.com/kinh-nghiem-di-tour-con-dao-2-ngay-1-dem","/Users/huynhtronghieu/Documents/thericetour/nucuoimekong_blog_data/all_docx/279_kinh-nghiem-di-tour-con-dao-2-ngay-1-dem.docx","/Users/huynhtronghieu/Documents/thericetour/nucuoimekong_blog_data/all_posts/279_kinh-nghiem-di-tour-con-dao-2-ngay-1-dem.md"
280,"Đảo Thổ Chu – Khám phá “Viên ngọc thô” của miền Nam Tổ Quốc","Điểm du lịch nổi tiếng",2025-11-11,Phase 2,"https://nucuoimekong.com/dao-tho-chu-kien-giang","/Users/huynhtronghieu/Documents/thericetour/nucuoimekong_blog_data/all_docx/280_dao-tho-chu-kien-giang.docx","/Users/huynhtronghieu/Documents/thericetour/nucuoimekong_blog_data/all_posts/280_dao-tho-chu-kien-giang.md"
281,"Cầu Vàng Đà Nẵng – Check-in biểu tượng du lịch Việt Nam (2026)","Điểm du lịch nổi tiếng",2025-11-11,Phase 2,"https://nucuoimekong.com/cau-vang-da-nang","/Users/huynhtronghieu/Documents/thericetour/nucuoimekong_blog_data/all_docx/281_cau-vang-da-nang.docx","/Users/huynhtronghieu/Documents/thericetour/nucuoimekong_blog_data/all_posts/281_cau-vang-da-nang.md"
282,"Chùa Linh Ứng Đà Nẵng – Nơi du lịch tâm linh ấn tượng năm 2026","Điểm du lịch nổi tiếng",2025-11-11,Phase 2,"https://nucuoimekong.com/chua-linh-ung-da-nang","/Users/huynhtronghieu/Documents/thericetour/nucuoimekong_blog_data/all_docx/282_chua-linh-ung-da-nang.docx","/Users/huynhtronghieu/Documents/thericetour/nucuoimekong_blog_data/all_posts/282_chua-linh-ung-da-nang.md"
283,"Homestay Tiền Giang – Top 13 homestay miệt vườn (2026)","Homestay; Toplist",2025-11-11,Phase 2,"https://nucuoimekong.com/homestay-tien-giang","/Users/huynhtronghieu/Documents/thericetour/nucuoimekong_blog_data/all_docx/283_homestay-tien-giang.docx","/Users/huynhtronghieu/Documents/thericetour/nucuoimekong_blog_data/all_posts/283_homestay-tien-giang.md"
284,"Thánh địa Mỹ Sơn – Tuyệt tác của nền văn hóa Chăm Pa","Điểm du lịch nổi tiếng",2025-11-11,Phase 2,"https://nucuoimekong.com/thanh-dia-my-son","/Users/huynhtronghieu/Documents/thericetour/nucuoimekong_blog_data/all_docx/284_thanh-dia-my-son.docx","/Users/huynhtronghieu/Documents/thericetour/nucuoimekong_blog_data/all_posts/284_thanh-dia-my-son.md"
285,"Nụ Cười Mê Kông tham dự Hội nghị Doanh nghiệp Du lịch Cần Thơ 2026","Tin tức",2025-10-31,Phase 2,"https://nucuoimekong.com/hoi-nghi-doanh-nghiep-du-lich-can-tho-2025","/Users/huynhtronghieu/Documents/thericetour/nucuoimekong_blog_data/all_docx/285_hoi-nghi-doanh-nghiep-du-lich-can-tho-2025.docx","/Users/huynhtronghieu/Documents/thericetour/nucuoimekong_blog_data/all_posts/285_hoi-nghi-doanh-nghiep-du-lich-can-tho-2025.md"
286,"Khách sạn Charmant Suites Cần Thơ| Dịch vụ 5 sao cao cấp với hồ bơi vô cực","Khách sạn",2025-10-30,Phase 2,"https://nucuoimekong.com/khach-san-charmant-suites-can-tho","/Users/huynhtronghieu/Documents/thericetour/nucuoimekong_blog_data/all_docx/286_khach-san-charmant-suites-can-tho.docx","/Users/huynhtronghieu/Documents/thericetour/nucuoimekong_blog_data/all_posts/286_khach-san-charmant-suites-can-tho.md"
287,"The Journey of Smile: Hành trình khó quên của Nụ Cười Mê Kông tại Nha Trang","Văn hoá doanh nghiệp",2025-10-30,Phase 2,"https://nucuoimekong.com/company-trip-nha-trang-2025","/Users/huynhtronghieu/Documents/thericetour/nucuoimekong_blog_data/all_docx/287_company-trip-nha-trang-2025.docx","/Users/huynhtronghieu/Documents/thericetour/nucuoimekong_blog_data/all_posts/287_company-trip-nha-trang-2025.md"
288,"Nụ Cười Mê Kông tổ chức Ngày hội hướng dẫn viên Miền Tây: Smile Guide Day 10/2025","Văn hoá doanh nghiệp",2025-10-29,Phase 2,"https://nucuoimekong.com/smile-guide-day-2025","/Users/huynhtronghieu/Documents/thericetour/nucuoimekong_blog_data/all_docx/288_smile-guide-day-2025.docx","/Users/huynhtronghieu/Documents/thericetour/nucuoimekong_blog_data/all_posts/288_smile-guide-day-2025.md"
289,"Khám phá Gành Dầu Phú Quốc với cảnh biển đẹp và hải sản tươi ngon","Điểm du lịch nổi tiếng",2025-10-29,Phase 2,"https://nucuoimekong.com/ganh-dau-phu-quoc","/Users/huynhtronghieu/Documents/thericetour/nucuoimekong_blog_data/all_docx/289_ganh-dau-phu-quoc.docx","/Users/huynhtronghieu/Documents/thericetour/nucuoimekong_blog_data/all_posts/289_ganh-dau-phu-quoc.md"
290,"Marriott tiếp quản vận hành Legacy Mekong: Bước đột phá du lịch cao cấp Miền Tây","Tin tức",2025-10-29,Phase 2,"https://nucuoimekong.com/marriott-tiep-quan-van-hanh-legacy-mekong","/Users/huynhtronghieu/Documents/thericetour/nucuoimekong_blog_data/all_docx/290_marriott-tiep-quan-van-hanh-legacy-mekong.docx","/Users/huynhtronghieu/Documents/thericetour/nucuoimekong_blog_data/all_posts/290_marriott-tiep-quan-van-hanh-legacy-mekong.md"
291,"Công viên San Hô Phú Quốc Namaste| Trải nghiệm trò chơi dưới đáy biển","Điểm du lịch nổi tiếng",2025-10-29,Phase 2,"https://nucuoimekong.com/cong-vien-san-ho-phu-quoc-namaste","/Users/huynhtronghieu/Documents/thericetour/nucuoimekong_blog_data/all_docx/291_cong-vien-san-ho-phu-quoc-namaste.docx","/Users/huynhtronghieu/Documents/thericetour/nucuoimekong_blog_data/all_posts/291_cong-vien-san-ho-phu-quoc-namaste.md"
292,"Chùa Sư Muôn Phú Quốc – Cổ tự trăm năm bên triền núi Điện Tiên","Điểm du lịch nổi tiếng",2025-10-28,Phase 2,"https://nucuoimekong.com/chua-su-muon","/Users/huynhtronghieu/Documents/thericetour/nucuoimekong_blog_data/all_docx/292_chua-su-muon.docx","/Users/huynhtronghieu/Documents/thericetour/nucuoimekong_blog_data/all_posts/292_chua-su-muon.md"
293,"Đền Thần Nguyễn Trung Trực – Di tích anh hùng giữa biển trời Phú Quốc","Điểm du lịch nổi tiếng",2025-10-28,Phase 2,"https://nucuoimekong.com/dinh-than-nguyen-trung-truc-phu-quoc","/Users/huynhtronghieu/Documents/thericetour/nucuoimekong_blog_data/all_docx/293_dinh-than-nguyen-trung-truc-phu-quoc.docx","/Users/huynhtronghieu/Documents/thericetour/nucuoimekong_blog_data/all_posts/293_dinh-than-nguyen-trung-truc-phu-quoc.md"
294,"Aquatopia Hòn Thơm – Thiên đường công viên nước đẳng cấp tại Phú Quốc","Điểm du lịch nổi tiếng",2025-10-28,Phase 2,"https://nucuoimekong.com/aquatopia-hon-thom","/Users/huynhtronghieu/Documents/thericetour/nucuoimekong_blog_data/all_docx/294_aquatopia-hon-thom.docx","/Users/huynhtronghieu/Documents/thericetour/nucuoimekong_blog_data/all_posts/294_aquatopia-hon-thom.md"
295,"Hòn Mây Rút – Viên ngọc hoang sơ quyến rũ giữa biển trời Phú Quốc","Điểm du lịch nổi tiếng",2025-10-24,Phase 2,"https://nucuoimekong.com/hon-may-rut","/Users/huynhtronghieu/Documents/thericetour/nucuoimekong_blog_data/all_docx/295_hon-may-rut.docx","/Users/huynhtronghieu/Documents/thericetour/nucuoimekong_blog_data/all_posts/295_hon-may-rut.md"
296,"Show Sắc Màu Venice – Bữa tiệc ánh sáng và âm nhạc tại Grand World","Văn hóa và lễ hội",2025-10-24,Phase 2,"https://nucuoimekong.com/show-sac-mau-venice-phu-quoc","/Users/huynhtronghieu/Documents/thericetour/nucuoimekong_blog_data/all_docx/296_show-sac-mau-venice-phu-quoc.docx","/Users/huynhtronghieu/Documents/thericetour/nucuoimekong_blog_data/all_posts/296_show-sac-mau-venice-phu-quoc.md"
297,"Bảo tàng gấu Teddy Phú Quốc| Thế giới gấu bông kỳ diệu tại Grand World","Điểm du lịch nổi tiếng",2025-10-23,Phase 2,"https://nucuoimekong.com/bao-tang-gau-teddy-phu-quoc","/Users/huynhtronghieu/Documents/thericetour/nucuoimekong_blog_data/all_docx/297_bao-tang-gau-teddy-phu-quoc.docx","/Users/huynhtronghieu/Documents/thericetour/nucuoimekong_blog_data/all_posts/297_bao-tang-gau-teddy-phu-quoc.md"
298,"Đặc Quyền Mekong Smile Club: Chữa lành toàn diện tại Em’s Healing Spa","Khuyến mãi - Mã giảm giá",2025-10-09,Phase 2,"https://nucuoimekong.com/ems-healing-spa","/Users/huynhtronghieu/Documents/thericetour/nucuoimekong_blog_data/all_docx/298_ems-healing-spa.docx","/Users/huynhtronghieu/Documents/thericetour/nucuoimekong_blog_data/all_posts/298_ems-healing-spa.md"
299,"Nụ Cười Mê Kông vinh dự trở thành đại lý Sun PhuQuoc Airways","Tin tức",2025-09-29,Phase 2,"https://nucuoimekong.com/nu-cuoi-me-kong-dai-ly-sun-phuquoc-airways","/Users/huynhtronghieu/Documents/thericetour/nucuoimekong_blog_data/all_docx/299_nu-cuoi-me-kong-dai-ly-sun-phuquoc-airways.docx","/Users/huynhtronghieu/Documents/thericetour/nucuoimekong_blog_data/all_posts/299_nu-cuoi-me-kong-dai-ly-sun-phuquoc-airways.md"
300,"Hòn Hai Bờ Đập – Chạm vào thiên nhiên hoang sơ giữa biển trời Nam Du","Điểm du lịch nổi tiếng",2025-09-17,Phase 2,"https://nucuoimekong.com/hon-hai-bo-dap-nam-du","/Users/huynhtronghieu/Documents/thericetour/nucuoimekong_blog_data/all_docx/300_hon-hai-bo-dap-nam-du.docx","/Users/huynhtronghieu/Documents/thericetour/nucuoimekong_blog_data/all_posts/300_hon-hai-bo-dap-nam-du.md"
301,"Tour Chuyên Đề – Brainstorm Chiến Lược: Retreat sáng tạo cùng Nụ Cười Mê Kông","Tour thiết kế riêng",2025-09-15,Phase 2,"https://nucuoimekong.com/tour-chuyen-de","/Users/huynhtronghieu/Documents/thericetour/nucuoimekong_blog_data/all_docx/301_tour-chuyen-de.docx","/Users/huynhtronghieu/Documents/thericetour/nucuoimekong_blog_data/all_posts/301_tour-chuyen-de.md"
302,"Tour Giao Lưu Văn Hóa – Du Lịch Cộng Đồng: Trải nghiệm chân thực và bền vững","Tour thiết kế riêng",2025-09-15,Phase 2,"https://nucuoimekong.com/tour-giao-luu-van-hoa","/Users/huynhtronghieu/Documents/thericetour/nucuoimekong_blog_data/all_docx/302_tour-giao-luu-van-hoa.docx","/Users/huynhtronghieu/Documents/thericetour/nucuoimekong_blog_data/all_posts/302_tour-giao-luu-van-hoa.md"
303,"Tour không điện thoại: Detox số – Sống chậm – Reset tinh thần","Tour thiết kế riêng",2025-09-15,Phase 2,"https://nucuoimekong.com/tour-khong-dien-thoai","/Users/huynhtronghieu/Documents/thericetour/nucuoimekong_blog_data/all_docx/303_tour-khong-dien-thoai.docx","/Users/huynhtronghieu/Documents/thericetour/nucuoimekong_blog_data/all_posts/303_tour-khong-dien-thoai.md"
304,"Hủ tiếu Mỹ Tho – Tinh hoa ẩm thực trứ danh miền tây (2026)","Đặc sản địa phương",2025-09-11,Phase 2,"https://nucuoimekong.com/hu-tieu-my-tho","/Users/huynhtronghieu/Documents/thericetour/nucuoimekong_blog_data/all_docx/304_hu-tieu-my-tho.docx","/Users/huynhtronghieu/Documents/thericetour/nucuoimekong_blog_data/all_posts/304_hu-tieu-my-tho.md"
305,"Nụ Cười Mê Kông góp mặt tại Hội chợ ITE HCMC 2026","Tin tức",2025-09-05,Phase 2,"https://nucuoimekong.com/nu-cuoi-me-kong-tai-hoi-cho-ite-hcmc-2025","/Users/huynhtronghieu/Documents/thericetour/nucuoimekong_blog_data/all_docx/305_nu-cuoi-me-kong-tai-hoi-cho-ite-hcmc-2025.docx","/Users/huynhtronghieu/Documents/thericetour/nucuoimekong_blog_data/all_posts/305_nu-cuoi-me-kong-tai-hoi-cho-ite-hcmc-2025.md"
306,"Ưu đãi mua vé máy bay quốc tế: Hộ chiếu nằm chờ – Vé đã có chưa?","Khuyến mãi - Mã giảm giá",2025-09-04,Phase 2,"https://nucuoimekong.com/uu-dai-ve-may-bay-quoc-te-ho-chieu","/Users/huynhtronghieu/Documents/thericetour/nucuoimekong_blog_data/all_docx/306_uu-dai-ve-may-bay-quoc-te-ho-chieu.docx","/Users/huynhtronghieu/Documents/thericetour/nucuoimekong_blog_data/all_posts/306_uu-dai-ve-may-bay-quoc-te-ho-chieu.md"
307,"Khách sạn Phú Quốc – Top 34 khách sạn view đẹp lung linh","Khách sạn; Toplist",2025-08-28,Phase 2,"https://nucuoimekong.com/khach-san-phu-quoc-gia-re","/Users/huynhtronghieu/Documents/thericetour/nucuoimekong_blog_data/all_docx/307_khach-san-phu-quoc-gia-re.docx","/Users/huynhtronghieu/Documents/thericetour/nucuoimekong_blog_data/all_posts/307_khach-san-phu-quoc-gia-re.md"
308,"Top 14 homestay Cần Thơ có view đẹp lung linh “triệu like” 2026","Homestay",2025-08-28,Phase 2,"https://nucuoimekong.com/homestay-can-tho","/Users/huynhtronghieu/Documents/thericetour/nucuoimekong_blog_data/all_docx/308_homestay-can-tho.docx","/Users/huynhtronghieu/Documents/thericetour/nucuoimekong_blog_data/all_posts/308_homestay-can-tho.md"
309,"Khách sạn Cà Mau – Top 20 địa chỉ uy tín, giá tốt nhất 2026","Khách sạn; Toplist",2025-08-28,Phase 2,"https://nucuoimekong.com/khach-san-ca-mau","/Users/huynhtronghieu/Documents/thericetour/nucuoimekong_blog_data/all_docx/309_khach-san-ca-mau.docx","/Users/huynhtronghieu/Documents/thericetour/nucuoimekong_blog_data/all_posts/309_khach-san-ca-mau.md"
310,"Homestay Nam Du – Top 8 resort, homestay đẹp “hút hồn” 2026","Homestay; Toplist",2025-08-28,Phase 2,"https://nucuoimekong.com/homestay-nam-du","/Users/huynhtronghieu/Documents/thericetour/nucuoimekong_blog_data/all_docx/310_homestay-nam-du.docx","/Users/huynhtronghieu/Documents/thericetour/nucuoimekong_blog_data/all_posts/310_homestay-nam-du.md"
311,"Legacy Mekong – Resort 5 sao giữa thiên đường sông nước Cần Thơ","Khách sạn",2025-08-28,Phase 2,"https://nucuoimekong.com/legacy-mekong-resort-can-tho","/Users/huynhtronghieu/Documents/thericetour/nucuoimekong_blog_data/all_docx/311_legacy-mekong-resort-can-tho.docx","/Users/huynhtronghieu/Documents/thericetour/nucuoimekong_blog_data/all_posts/311_legacy-mekong-resort-can-tho.md"
312,"Khuyến mãi Tour lễ 2/9: Vui lễ chơi xa, ưu đãi bao la","Khuyến mãi - Mã giảm giá",2025-08-27,Phase 2,"https://nucuoimekong.com/khuyen-mai-tour-le-2-9","/Users/huynhtronghieu/Documents/thericetour/nucuoimekong_blog_data/all_docx/312_khuyen-mai-tour-le-2-9.docx","/Users/huynhtronghieu/Documents/thericetour/nucuoimekong_blog_data/all_posts/312_khuyen-mai-tour-le-2-9.md"
313,"Khuyến mãi vé tàu Phú Quốc Express – Vi vu biển đảo với giá tiết kiệm","Khuyến mãi - Mã giảm giá",2025-08-27,Phase 2,"https://nucuoimekong.com/khuyen-mai-ve-tau-phu-quoc-express","/Users/huynhtronghieu/Documents/thericetour/nucuoimekong_blog_data/all_docx/313_khuyen-mai-ve-tau-phu-quoc-express.docx","/Users/huynhtronghieu/Documents/thericetour/nucuoimekong_blog_data/all_posts/313_khuyen-mai-ve-tau-phu-quoc-express.md"
314,"Xanh SM hợp tác cùng Nụ Cười Mê Kông: Ưu đãi độc quyền trong Xanh Thổ Địa","Khuyến mãi - Mã giảm giá",2025-08-26,Phase 2,"https://nucuoimekong.com/xanh-sm-hop-tac-nu-cuoi-me-kong-xanh-tho-dia","/Users/huynhtronghieu/Documents/thericetour/nucuoimekong_blog_data/all_docx/314_xanh-sm-hop-tac-nu-cuoi-me-kong-xanh-tho-dia.docx","/Users/huynhtronghieu/Documents/thericetour/nucuoimekong_blog_data/all_posts/314_xanh-sm-hop-tac-nu-cuoi-me-kong-xanh-tho-dia.md"
315,"Du lịch Cà Mau 2026 – Khám phá khu du lịch cộng đồng Tư Nhuần","Điểm du lịch nổi tiếng",2025-08-22,Phase 2,"https://nucuoimekong.com/khu-du-lich-cong-dong-tu-nhuan","/Users/huynhtronghieu/Documents/thericetour/nucuoimekong_blog_data/all_docx/315_khu-du-lich-cong-dong-tu-nhuan.docx","/Users/huynhtronghieu/Documents/thericetour/nucuoimekong_blog_data/all_posts/315_khu-du-lich-cong-dong-tu-nhuan.md"
316,"Top 18 công ty cho thuê xe ở Cần Thơ – giá rẻ, chất lượng, uy tín","Thuê xe; Toplist Cần Thơ",2025-08-19,Phase 2,"https://nucuoimekong.com/top-cong-ty-cho-thue-xe-can-tho","/Users/huynhtronghieu/Documents/thericetour/nucuoimekong_blog_data/all_docx/316_top-cong-ty-cho-thue-xe-can-tho.docx","/Users/huynhtronghieu/Documents/thericetour/nucuoimekong_blog_data/all_posts/316_top-cong-ty-cho-thue-xe-can-tho.md"
317,"Kinh nghiệm du lịch miền Tây – Top 45 địa điểm hấp dẫn nhất năm 2026","Khám phá và trải nghiệm",2025-08-15,Phase 2,"https://nucuoimekong.com/kinh-nghiem-du-lich-mien-tay","/Users/huynhtronghieu/Documents/thericetour/nucuoimekong_blog_data/all_docx/317_kinh-nghiem-du-lich-mien-tay.docx","/Users/huynhtronghieu/Documents/thericetour/nucuoimekong_blog_data/all_posts/317_kinh-nghiem-du-lich-mien-tay.md"
318,"Nhà cổ Bình Thủy: Chứng nhân lịch sử của vùng đất Tây Đô","Điểm du lịch nổi tiếng",2025-08-14,Phase 2,"https://nucuoimekong.com/nha-co-binh-thuy","/Users/huynhtronghieu/Documents/thericetour/nucuoimekong_blog_data/all_docx/318_nha-co-binh-thuy.docx","/Users/huynhtronghieu/Documents/thericetour/nucuoimekong_blog_data/all_posts/318_nha-co-binh-thuy.md"
319,"Lăng Thoại Ngọc Hầu – Ghi nhớ công ơn công thần khai hoang mở cõi","Điểm du lịch nổi tiếng",2025-08-14,Phase 2,"https://nucuoimekong.com/lang-thoai-ngoc-hau","/Users/huynhtronghieu/Documents/thericetour/nucuoimekong_blog_data/all_docx/319_lang-thoai-ngoc-hau.docx","/Users/huynhtronghieu/Documents/thericetour/nucuoimekong_blog_data/all_posts/319_lang-thoai-ngoc-hau.md"
320,"Thiền Viện Trúc Lâm Phương Nam: Lịch sử, Kiến trúc & Du lịch","Điểm du lịch nổi tiếng",2025-08-14,Phase 2,"https://nucuoimekong.com/thien-vien-truc-lam-phuong-nam","/Users/huynhtronghieu/Documents/thericetour/nucuoimekong_blog_data/all_docx/320_thien-vien-truc-lam-phuong-nam.docx","/Users/huynhtronghieu/Documents/thericetour/nucuoimekong_blog_data/all_posts/320_thien-vien-truc-lam-phuong-nam.md"
321,"Khu du lịch Mỹ Khánh: Kinh nghiệm du lịch miệt vườn 2026","Điểm du lịch nổi tiếng",2025-08-13,Phase 2,"https://nucuoimekong.com/khu-du-lich-my-khanh-can-tho","/Users/huynhtronghieu/Documents/thericetour/nucuoimekong_blog_data/all_docx/321_khu-du-lich-my-khanh-can-tho.docx","/Users/huynhtronghieu/Documents/thericetour/nucuoimekong_blog_data/all_posts/321_khu-du-lich-my-khanh-can-tho.md"
322,"Ông Đạo Dừa: Sự thật về vị tu sĩ kỳ lạ gắn liền với Cồn Phụng Bến Tre","Văn hóa và lễ hội",2025-08-13,Phase 2,"https://nucuoimekong.com/ong-dao-dua","/Users/huynhtronghieu/Documents/thericetour/nucuoimekong_blog_data/all_docx/322_ong-dao-dua.docx","/Users/huynhtronghieu/Documents/thericetour/nucuoimekong_blog_data/all_posts/322_ong-dao-dua.md"
323,"Cánh đồng thốt nốt An Giang – Điểm check-in giữa thiên nhiên biên giới 2026","Điểm du lịch nổi tiếng",2025-08-12,Phase 2,"https://nucuoimekong.com/canh-dong-thot-not-an-giang","/Users/huynhtronghieu/Documents/thericetour/nucuoimekong_blog_data/all_docx/323_canh-dong-thot-not-an-giang.docx","/Users/huynhtronghieu/Documents/thericetour/nucuoimekong_blog_data/all_posts/323_canh-dong-thot-not-an-giang.md"
324,"Chùa Tây An Cổ Tự – Về chốn linh thiêng ở An Giang (2026)","Điểm du lịch nổi tiếng",2025-08-12,Phase 2,"https://nucuoimekong.com/chua-tay-an-co-tu","/Users/huynhtronghieu/Documents/thericetour/nucuoimekong_blog_data/all_docx/324_chua-tay-an-co-tu.docx","/Users/huynhtronghieu/Documents/thericetour/nucuoimekong_blog_data/all_posts/324_chua-tay-an-co-tu.md"
325,"Cồn Sơn Cần Thơ – Du lịch cộng đồng đậm chất miền Tây","Điểm du lịch nổi tiếng",2025-08-11,Phase 2,"https://nucuoimekong.com/con-son-can-tho","/Users/huynhtronghieu/Documents/thericetour/nucuoimekong_blog_data/all_docx/325_con-son-can-tho.docx","/Users/huynhtronghieu/Documents/thericetour/nucuoimekong_blog_data/all_posts/325_con-son-can-tho.md"
326,"Khu tưởng niệm nhạc sĩ Cao Văn Lầu và câu chuyện Dạ cổ hoài lang","Điểm du lịch nổi tiếng",2025-08-11,Phase 2,"https://nucuoimekong.com/khu-tuong-niem-nhac-si-cao-van-lau","/Users/huynhtronghieu/Documents/thericetour/nucuoimekong_blog_data/all_docx/326_khu-tuong-niem-nhac-si-cao-van-lau.docx","/Users/huynhtronghieu/Documents/thericetour/nucuoimekong_blog_data/all_posts/326_khu-tuong-niem-nhac-si-cao-van-lau.md"
327,"Căn nhà màu tím Cần Thơ: Coffee – phim trường Cần Thơ","Điểm du lịch nổi tiếng",2025-08-10,Phase 2,"https://nucuoimekong.com/can-nha-mau-tim-can-tho","/Users/huynhtronghieu/Documents/thericetour/nucuoimekong_blog_data/all_docx/327_can-nha-mau-tim-can-tho.docx","/Users/huynhtronghieu/Documents/thericetour/nucuoimekong_blog_data/all_posts/327_can-nha-mau-tim-can-tho.md"
328,"Đi tìm Linh hồn của vùng đất Miền Tây?","Phát triển bền vững",2025-08-09,Phase 2,"https://nucuoimekong.com/di-tim-linh-hon-cua-vung-dat-mien-tay","/Users/huynhtronghieu/Documents/thericetour/nucuoimekong_blog_data/all_docx/328_di-tim-linh-hon-cua-vung-dat-mien-tay.docx","/Users/huynhtronghieu/Documents/thericetour/nucuoimekong_blog_data/all_posts/328_di-tim-linh-hon-cua-vung-dat-mien-tay.md"
329,"Làng rừng Vồ Dơi: lịch sử, ý nghĩa & kinh nghiệm du lịch chi tiết","Điểm du lịch nổi tiếng",2025-08-05,Phase 2,"https://nucuoimekong.com/lang-rung-vo-doi-ca-mau","/Users/huynhtronghieu/Documents/thericetour/nucuoimekong_blog_data/all_docx/329_lang-rung-vo-doi-ca-mau.docx","/Users/huynhtronghieu/Documents/thericetour/nucuoimekong_blog_data/all_posts/329_lang-rung-vo-doi-ca-mau.md"
330,"Trần Thanh Thái – Nhà sáng lập Công ty Nụ Cười Mê Kông","Văn hoá doanh nghiệp",2025-08-05,Phase 2,"https://nucuoimekong.com/tran-thanh-thai","/Users/huynhtronghieu/Documents/thericetour/nucuoimekong_blog_data/all_docx/330_tran-thanh-thai.docx","/Users/huynhtronghieu/Documents/thericetour/nucuoimekong_blog_data/all_posts/330_tran-thanh-thai.md"
331,"Cây bẹo: biểu tượng văn hóa độc đáo của Chợ nổi Miền Tây","Văn hóa và lễ hội",2025-08-05,Phase 2,"https://nucuoimekong.com/cay-beo-cho-noi-mien-tay","/Users/huynhtronghieu/Documents/thericetour/nucuoimekong_blog_data/all_docx/331_cay-beo-cho-noi-mien-tay.docx","/Users/huynhtronghieu/Documents/thericetour/nucuoimekong_blog_data/all_posts/331_cay-beo-cho-noi-mien-tay.md"
332,"Tour đoàn trường – Tri ân đội ngũ, tiếp lửa nghề giáo","Tour thiết kế riêng",2025-08-05,Phase 2,"https://nucuoimekong.com/tour-doan-truong","/Users/huynhtronghieu/Documents/thericetour/nucuoimekong_blog_data/all_docx/332_tour-doan-truong.docx","/Users/huynhtronghieu/Documents/thericetour/nucuoimekong_blog_data/all_posts/332_tour-doan-truong.md"
333,"Tour Học sinh Sinh viên: giáo dục toàn diện, trải nghiệm an toàn","Tour thiết kế riêng",2025-07-31,Phase 2,"https://nucuoimekong.com/tour-hoc-sinh-sinh-vien-giao-duc-trai-nghiem","/Users/huynhtronghieu/Documents/thericetour/nucuoimekong_blog_data/all_docx/333_tour-hoc-sinh-sinh-vien-giao-duc-trai-nghiem.docx","/Users/huynhtronghieu/Documents/thericetour/nucuoimekong_blog_data/all_posts/333_tour-hoc-sinh-sinh-vien-giao-duc-trai-nghiem.md"
334,"Nụ Cười Mê Kông nhận giấy khen nhân dịp kỷ niệm 65 năm ngày Du lịch Việt Nam","Tin tức",2025-07-30,Phase 2,"https://nucuoimekong.com/nu-cuoi-me-kong-nhan-giay-khen-so-vhtt-dl-can-tho","/Users/huynhtronghieu/Documents/thericetour/nucuoimekong_blog_data/all_docx/334_nu-cuoi-me-kong-nhan-giay-khen-so-vhtt-dl-can-tho.docx","/Users/huynhtronghieu/Documents/thericetour/nucuoimekong_blog_data/all_posts/334_nu-cuoi-me-kong-nhan-giay-khen-so-vhtt-dl-can-tho.md"
335,"Tour du lịch dành cho nhà phân phối | Gắn kết – Tri ân – Bứt phá","Tour thiết kế riêng",2025-07-30,Phase 2,"https://nucuoimekong.com/tour-du-lich-danh-cho-nha-phan-phoi","/Users/huynhtronghieu/Documents/thericetour/nucuoimekong_blog_data/all_docx/335_tour-du-lich-danh-cho-nha-phan-phoi.docx","/Users/huynhtronghieu/Documents/thericetour/nucuoimekong_blog_data/all_posts/335_tour-du-lich-danh-cho-nha-phan-phoi.md"
336,"Tour nghỉ dưỡng VIP – Sống chất, nghỉ sang, tận hưởng đúng nghĩa","Tour thiết kế riêng",2025-07-30,Phase 2,"https://nucuoimekong.com/tour-nghi-duong-vip","/Users/huynhtronghieu/Documents/thericetour/nucuoimekong_blog_data/all_docx/336_tour-nghi-duong-vip.docx","/Users/huynhtronghieu/Documents/thericetour/nucuoimekong_blog_data/all_posts/336_tour-nghi-duong-vip.md"
337,"Tour du lịch cơ quan nhà nước chuyên nghiệp, đúng chuẩn","Tour thiết kế riêng",2025-07-28,Phase 2,"https://nucuoimekong.com/tour-du-lich-co-quan","/Users/huynhtronghieu/Documents/thericetour/nucuoimekong_blog_data/all_docx/337_tour-du-lich-co-quan.docx","/Users/huynhtronghieu/Documents/thericetour/nucuoimekong_blog_data/all_posts/337_tour-du-lich-co-quan.md"
338,"Tour Việt Kiều – Cầu nối yêu thương khi về thăm quê hương","Tour thiết kế riêng",2025-07-28,Phase 2,"https://nucuoimekong.com/tour-viet-kieu","/Users/huynhtronghieu/Documents/thericetour/nucuoimekong_blog_data/all_docx/338_tour-viet-kieu.docx","/Users/huynhtronghieu/Documents/thericetour/nucuoimekong_blog_data/all_posts/338_tour-viet-kieu.md"
339,"Chương trình khách hàng thân thiết – Mekong Smile Club","Khuyến mãi - Mã giảm giá",2025-07-28,Phase 2,"https://nucuoimekong.com/chuong-trinh-khach-hang-than-thiet","/Users/huynhtronghieu/Documents/thericetour/nucuoimekong_blog_data/all_docx/339_chuong-trinh-khach-hang-than-thiet.docx","/Users/huynhtronghieu/Documents/thericetour/nucuoimekong_blog_data/all_posts/339_chuong-trinh-khach-hang-than-thiet.md"
340,"Nụ Cười Mê Kông vinh dự nhận giải Tripadvisor Travellers’ Choice 2026","Tin tức",2025-07-22,Phase 2,"https://nucuoimekong.com/nu-cuoi-me-kong-nhan-tripadvisor-travellers-choice","/Users/huynhtronghieu/Documents/thericetour/nucuoimekong_blog_data/all_docx/340_nu-cuoi-me-kong-nhan-tripadvisor-travellers-choice.docx","/Users/huynhtronghieu/Documents/thericetour/nucuoimekong_blog_data/all_posts/340_nu-cuoi-me-kong-nhan-tripadvisor-travellers-choice.md"
341,"Tour gen Z – Gắn kết hội bạn, lưu giữ thanh xuân","Tour thiết kế riêng",2025-07-17,Phase 2,"https://nucuoimekong.com/tour-gen-z","/Users/huynhtronghieu/Documents/thericetour/nucuoimekong_blog_data/all_docx/341_tour-gen-z.docx","/Users/huynhtronghieu/Documents/thericetour/nucuoimekong_blog_data/all_posts/341_tour-gen-z.md"
342,"Di Tích Miếu Cậu Hoàng Tử Cải Gắn Liền Truyền Thuyết Việt","Điểm du lịch nổi tiếng",2025-07-17,Phase 2,"https://nucuoimekong.com/mieu-cau-hoang-tu-cai-gan-lien-truyen-thuyet-viet","/Users/huynhtronghieu/Documents/thericetour/nucuoimekong_blog_data/all_docx/342_mieu-cau-hoang-tu-cai-gan-lien-truyen-thuyet-viet.docx","/Users/huynhtronghieu/Documents/thericetour/nucuoimekong_blog_data/all_posts/342_mieu-cau-hoang-tu-cai-gan-lien-truyen-thuyet-viet.md"
343,"Tour du lịch gia đình – Trọn gói riêng tư, gắn kết cảm xúc","Tour thiết kế riêng",2025-07-15,Phase 2,"https://nucuoimekong.com/tour-du-lich-gia-dinh","/Users/huynhtronghieu/Documents/thericetour/nucuoimekong_blog_data/all_docx/343_tour-du-lich-gia-dinh.docx","/Users/huynhtronghieu/Documents/thericetour/nucuoimekong_blog_data/all_posts/343_tour-du-lich-gia-dinh.md"
344,"Tour đoàn ngân hàng – Gắn kết đội ngũ, nâng tầm thương hiệu","Tour thiết kế riêng",2025-07-15,Phase 2,"https://nucuoimekong.com/tour-doan-ngan-hang","/Users/huynhtronghieu/Documents/thericetour/nucuoimekong_blog_data/all_docx/344_tour-doan-ngan-hang.docx","/Users/huynhtronghieu/Documents/thericetour/nucuoimekong_blog_data/all_posts/344_tour-doan-ngan-hang.md"
345,"Voucher du lịch giải quyết gánh nặng team building bao năm qua cho doanh nghiệp","Phát triển bền vững; Tin tức",2025-07-14,Phase 2,"https://nucuoimekong.com/voucher-du-lich-giai-quyet-ganh-nang-team-building","/Users/huynhtronghieu/Documents/thericetour/nucuoimekong_blog_data/all_docx/345_voucher-du-lich-giai-quyet-ganh-nang-team-building.docx","/Users/huynhtronghieu/Documents/thericetour/nucuoimekong_blog_data/all_posts/345_voucher-du-lich-giai-quyet-ganh-nang-team-building.md"
346,"Vườn Quốc Gia Mũi Cà Mau – Trải nghiệm lý thú tại rừng đước","Điểm du lịch nổi tiếng",2025-07-12,Phase 2,"https://nucuoimekong.com/vuon-quoc-gia-mui-ca-mau","/Users/huynhtronghieu/Documents/thericetour/nucuoimekong_blog_data/all_docx/346_vuon-quoc-gia-mui-ca-mau.docx","/Users/huynhtronghieu/Documents/thericetour/nucuoimekong_blog_data/all_posts/346_vuon-quoc-gia-mui-ca-mau.md"
347,"Mã Khuyến Mãi Vé Máy Bay Tháng 7/2026 tại Nụ Cười Mê Kông","Khuyến mãi - Mã giảm giá",2025-07-02,Phase 2,"https://nucuoimekong.com/ma-khuyen-mai-ve-may-bay","/Users/huynhtronghieu/Documents/thericetour/nucuoimekong_blog_data/all_docx/347_ma-khuyen-mai-ve-may-bay.docx","/Users/huynhtronghieu/Documents/thericetour/nucuoimekong_blog_data/all_posts/347_ma-khuyen-mai-ve-may-bay.md"
348,"Bảng giá thuê tàu thuyền đi chợ nổi Cái Răng 2026","Thuê tàu, ghe",2025-07-02,Phase 2,"https://nucuoimekong.com/bang-gia-cho-thue-tau-cho-noi-cai-rang","/Users/huynhtronghieu/Documents/thericetour/nucuoimekong_blog_data/all_docx/348_bang-gia-cho-thue-tau-cho-noi-cai-rang.docx","/Users/huynhtronghieu/Documents/thericetour/nucuoimekong_blog_data/all_posts/348_bang-gia-cho-thue-tau-cho-noi-cai-rang.md"
349,"Thuê xe Cần Thơ đi Phan Thiết – Xe 4, 7, 16, 22, 29, 45 chỗ","Thuê xe",2025-07-02,Phase 2,"https://nucuoimekong.com/thue-xe-can-tho-phan-thiet","/Users/huynhtronghieu/Documents/thericetour/nucuoimekong_blog_data/all_docx/349_thue-xe-can-tho-phan-thiet.docx","/Users/huynhtronghieu/Documents/thericetour/nucuoimekong_blog_data/all_posts/349_thue-xe-can-tho-phan-thiet.md"
350,"Thánh Đường Tắc Sậy – điểm hành hương thiêng liêng nhất Bạc Liêu","Điểm du lịch nổi tiếng",2025-07-02,Phase 2,"https://nucuoimekong.com/thanh-duong-tac-say","/Users/huynhtronghieu/Documents/thericetour/nucuoimekong_blog_data/all_docx/350_thanh-duong-tac-say.docx","/Users/huynhtronghieu/Documents/thericetour/nucuoimekong_blog_data/all_posts/350_thanh-duong-tac-say.md"
351,"Du lịch Phú Yên – Top 22+ địa điểm “sống ảo” đẹp mê ly (2026)","Khám phá và trải nghiệm; Toplist",2025-06-30,Phase 2,"https://nucuoimekong.com/du-lich-phu-yen","/Users/huynhtronghieu/Documents/thericetour/nucuoimekong_blog_data/all_docx/351_du-lich-phu-yen.docx","/Users/huynhtronghieu/Documents/thericetour/nucuoimekong_blog_data/all_posts/351_du-lich-phu-yen.md"
352,"Lò gạch Mang Thít – Khám phá “Vương quốc gạch đỏ” lớn nhất Miền Tây","Điểm du lịch nổi tiếng",2025-06-30,Phase 2,"https://nucuoimekong.com/lo-gach-mang-thit-vinh-long","/Users/huynhtronghieu/Documents/thericetour/nucuoimekong_blog_data/all_docx/352_lo-gach-mang-thit-vinh-long.docx","/Users/huynhtronghieu/Documents/thericetour/nucuoimekong_blog_data/all_posts/352_lo-gach-mang-thit-vinh-long.md"
353,"Đầm Thị Tường Cà Mau – Biển hồ lãng mạn đất chín rồng (2026)","Điểm du lịch nổi tiếng",2025-06-30,Phase 2,"https://nucuoimekong.com/dam-thi-tuong","/Users/huynhtronghieu/Documents/thericetour/nucuoimekong_blog_data/all_docx/353_dam-thi-tuong.docx","/Users/huynhtronghieu/Documents/thericetour/nucuoimekong_blog_data/all_posts/353_dam-thi-tuong.md"
354,"Chùm Tour Tết 2026 – Du xuân Miền Tây, Gắn kết đông đầy","Tin tức",2025-06-29,Phase 2,"https://nucuoimekong.com/tour-tet-2024","/Users/huynhtronghieu/Documents/thericetour/nucuoimekong_blog_data/all_docx/354_tour-tet-2024.docx","/Users/huynhtronghieu/Documents/thericetour/nucuoimekong_blog_data/all_posts/354_tour-tet-2024.md"
355,"Nhà thùng nước mắm Phú Quốc – Nơi sinh ra hương vị biển cả","Điểm du lịch nổi tiếng",2025-06-29,Phase 2,"https://nucuoimekong.com/nha-thung-nuoc-mam-phu-quoc","/Users/huynhtronghieu/Documents/thericetour/nucuoimekong_blog_data/all_docx/355_nha-thung-nuoc-mam-phu-quoc.docx","/Users/huynhtronghieu/Documents/thericetour/nucuoimekong_blog_data/all_posts/355_nha-thung-nuoc-mam-phu-quoc.md"
356,"Top 21 đặc sản Hà Nội cực ngon – Tinh túy ẩm thực Việt Nam","Toplist; Đặc sản địa phương",2025-06-29,Phase 2,"https://nucuoimekong.com/dac-san-ha-noi","/Users/huynhtronghieu/Documents/thericetour/nucuoimekong_blog_data/all_docx/356_dac-san-ha-noi.docx","/Users/huynhtronghieu/Documents/thericetour/nucuoimekong_blog_data/all_posts/356_dac-san-ha-noi.md"
357,"Trái bần – Top 8 món ăn độc đáo từ trái bần chua miền Tây","Đặc sản địa phương",2025-06-29,Phase 2,"https://nucuoimekong.com/trai-ban-chua-mien-tay","/Users/huynhtronghieu/Documents/thericetour/nucuoimekong_blog_data/all_docx/357_trai-ban-chua-mien-tay.docx","/Users/huynhtronghieu/Documents/thericetour/nucuoimekong_blog_data/all_posts/357_trai-ban-chua-mien-tay.md"
358,"Đặc sản Phú Quốc – Top 25 món ăn ngon nhất 2026","Toplist; Đặc sản địa phương",2025-06-29,Phase 2,"https://nucuoimekong.com/dac-san-phu-quoc","/Users/huynhtronghieu/Documents/thericetour/nucuoimekong_blog_data/all_docx/358_dac-san-phu-quoc.docx","/Users/huynhtronghieu/Documents/thericetour/nucuoimekong_blog_data/all_posts/358_dac-san-phu-quoc.md"
359,"Vườn Quốc Gia Tràm Chim – Về thăm quê hương Sếu Đầu Đỏ","Điểm du lịch nổi tiếng",2025-06-29,Phase 2,"https://nucuoimekong.com/vuon-quoc-gia-tram-chim","/Users/huynhtronghieu/Documents/thericetour/nucuoimekong_blog_data/all_docx/359_vuon-quoc-gia-tram-chim.docx","/Users/huynhtronghieu/Documents/thericetour/nucuoimekong_blog_data/all_posts/359_vuon-quoc-gia-tram-chim.md"
360,"Đồ đi biển – 21 cách mix đồ đi biển thoải mái và “trendy” nhất 2026","Tips du lịch hay",2025-06-29,Phase 2,"https://nucuoimekong.com/do-di-bien","/Users/huynhtronghieu/Documents/thericetour/nucuoimekong_blog_data/all_docx/360_do-di-bien.docx","/Users/huynhtronghieu/Documents/thericetour/nucuoimekong_blog_data/all_posts/360_do-di-bien.md"
361,"Hang Sơn Đoòng – Vẻ đẹp thiên nhiên kì vĩ của thế giới","Điểm du lịch nổi tiếng",2025-06-29,Phase 2,"https://nucuoimekong.com/hang-son-doong","/Users/huynhtronghieu/Documents/thericetour/nucuoimekong_blog_data/all_docx/361_hang-son-doong.docx","/Users/huynhtronghieu/Documents/thericetour/nucuoimekong_blog_data/all_posts/361_hang-son-doong.md"
362,"Danh sách Combo Côn Đảo giá rẻ cập nhật 2026","Tin tức",2025-06-29,Phase 2,"https://nucuoimekong.com/danh-sach-combo-con-dao","/Users/huynhtronghieu/Documents/thericetour/nucuoimekong_blog_data/all_docx/362_danh-sach-combo-con-dao.docx","/Users/huynhtronghieu/Documents/thericetour/nucuoimekong_blog_data/all_posts/362_danh-sach-combo-con-dao.md"
363,"Tàu cao tốc Phú Quốc Express: Vượt biển nhanh gọn, du lịch an toàn","Vé tàu",2025-06-29,Phase 2,"https://nucuoimekong.com/tau-cao-toc-phu-quoc-express-thong-tin-chi-tiet","/Users/huynhtronghieu/Documents/thericetour/nucuoimekong_blog_data/all_docx/363_tau-cao-toc-phu-quoc-express-thong-tin-chi-tiet.docx","/Users/huynhtronghieu/Documents/thericetour/nucuoimekong_blog_data/all_posts/363_tau-cao-toc-phu-quoc-express-thong-tin-chi-tiet.md"
364,"Vườn trái cây Cái Mơn – “Vương quốc trái cây” Bến Tre (2026)","Điểm du lịch nổi tiếng",2025-06-29,Phase 2,"https://nucuoimekong.com/vuon-trai-cay-cai-mon","/Users/huynhtronghieu/Documents/thericetour/nucuoimekong_blog_data/all_docx/364_vuon-trai-cay-cai-mon.docx","/Users/huynhtronghieu/Documents/thericetour/nucuoimekong_blog_data/all_posts/364_vuon-trai-cay-cai-mon.md"
365,"Khu du lịch Vinh Sang: Điểm thư giãn tuyệt vời tại Vĩnh Long","Điểm du lịch nổi tiếng",2025-06-29,Phase 2,"https://nucuoimekong.com/khu-du-lich-vinh-sang","/Users/huynhtronghieu/Documents/thericetour/nucuoimekong_blog_data/all_docx/365_khu-du-lich-vinh-sang.docx","/Users/huynhtronghieu/Documents/thericetour/nucuoimekong_blog_data/all_posts/365_khu-du-lich-vinh-sang.md"
366,"Du lịch Tết 2026 – Top 10 điểm đến hấp dẫn cho Tết Nguyên đán","Toplist",2025-06-29,Phase 2,"https://nucuoimekong.com/du-lich-tet-2024-top-10-diem-du-lich-tet","/Users/huynhtronghieu/Documents/thericetour/nucuoimekong_blog_data/all_docx/366_du-lich-tet-2024-top-10-diem-du-lich-tet.docx","/Users/huynhtronghieu/Documents/thericetour/nucuoimekong_blog_data/all_posts/366_du-lich-tet-2024-top-10-diem-du-lich-tet.md"
367,"Tuần lễ Du lịch TP. HCM – ĐBSCL 2026: Bản hòa ca rực rỡ","Tin tức",2025-06-29,Phase 2,"https://nucuoimekong.com/tuan-le-du-lich-tinh-hoa-mien-song-nuoc","/Users/huynhtronghieu/Documents/thericetour/nucuoimekong_blog_data/all_docx/367_tuan-le-du-lich-tinh-hoa-mien-song-nuoc.docx","/Users/huynhtronghieu/Documents/thericetour/nucuoimekong_blog_data/all_posts/367_tuan-le-du-lich-tinh-hoa-mien-song-nuoc.md"
368,"Đường sách Nguyễn Văn Bình – Nơi “thả hồn” tri thức 2026","Điểm du lịch nổi tiếng",2025-06-28,Phase 2,"https://nucuoimekong.com/duong-sach-nguyen-van-binh-sai-gon","/Users/huynhtronghieu/Documents/thericetour/nucuoimekong_blog_data/all_docx/368_duong-sach-nguyen-van-binh-sai-gon.docx","/Users/huynhtronghieu/Documents/thericetour/nucuoimekong_blog_data/all_posts/368_duong-sach-nguyen-van-binh-sai-gon.md"
369,"Thảo Cầm Viên – Khám phá “Amazon mini” tại Sài Gòn 2026","Điểm du lịch nổi tiếng",2025-06-28,Phase 2,"https://nucuoimekong.com/thao-cam-vien-sai-gon","/Users/huynhtronghieu/Documents/thericetour/nucuoimekong_blog_data/all_docx/369_thao-cam-vien-sai-gon.docx","/Users/huynhtronghieu/Documents/thericetour/nucuoimekong_blog_data/all_posts/369_thao-cam-vien-sai-gon.md"
370,"Chợ An Đông – Chợ buôn sỉ thời trang lớn nhất Việt Nam","Điểm du lịch nổi tiếng",2025-06-28,Phase 2,"https://nucuoimekong.com/cho-an-dong-quan-5-sai-gon","/Users/huynhtronghieu/Documents/thericetour/nucuoimekong_blog_data/all_docx/370_cho-an-dong-quan-5-sai-gon.docx","/Users/huynhtronghieu/Documents/thericetour/nucuoimekong_blog_data/all_posts/370_cho-an-dong-quan-5-sai-gon.md"
371,"Công viên Lê Thị Riêng – Địa điểm vui chơi thú vị ở Sài Gòn","Điểm du lịch nổi tiếng",2025-06-28,Phase 2,"https://nucuoimekong.com/cong-vien-le-thi-rieng-sai-gon","/Users/huynhtronghieu/Documents/thericetour/nucuoimekong_blog_data/all_docx/371_cong-vien-le-thi-rieng-sai-gon.docx","/Users/huynhtronghieu/Documents/thericetour/nucuoimekong_blog_data/all_posts/371_cong-vien-le-thi-rieng-sai-gon.md"
372,"Thiên Môn Sơn – Đến cổng trời nổi tiếng bậc nhất Trung Quốc","Điểm du lịch nổi tiếng",2025-06-28,Phase 2,"https://nucuoimekong.com/thien-mon-son-trung-quoc","/Users/huynhtronghieu/Documents/thericetour/nucuoimekong_blog_data/all_docx/372_thien-mon-son-trung-quoc.docx","/Users/huynhtronghieu/Documents/thericetour/nucuoimekong_blog_data/all_posts/372_thien-mon-son-trung-quoc.md"
373,"Hồ Xuân Hương Đà Lạt – Nơi lãng mạn ở xứ sở ngàn hoa (2026)","Điểm du lịch nổi tiếng",2025-06-27,Phase 2,"https://nucuoimekong.com/ho-xuan-huong-da-lat","/Users/huynhtronghieu/Documents/thericetour/nucuoimekong_blog_data/all_docx/373_ho-xuan-huong-da-lat.docx","/Users/huynhtronghieu/Documents/thericetour/nucuoimekong_blog_data/all_posts/373_ho-xuan-huong-da-lat.md"
374,"Vườn dâu Đà Lạt – Check-in 10 vườn dâu “xịn xò” khó quên","Điểm du lịch nổi tiếng",2025-06-27,Phase 2,"https://nucuoimekong.com/vuon-dau-da-lat","/Users/huynhtronghieu/Documents/thericetour/nucuoimekong_blog_data/all_docx/374_vuon-dau-da-lat.docx","/Users/huynhtronghieu/Documents/thericetour/nucuoimekong_blog_data/all_posts/374_vuon-dau-da-lat.md"
375,"Nhà tù Côn Đảo: Hành trình ngược dòng lịch sử đầy xúc động","Khám phá và trải nghiệm; Điểm du lịch nổi tiếng",2025-06-27,Phase 2,"https://nucuoimekong.com/nha-tu-con-dao-hanh-trinh-nguoc-dong-lich-su-day-xuc-dong","/Users/huynhtronghieu/Documents/thericetour/nucuoimekong_blog_data/all_docx/375_nha-tu-con-dao-hanh-trinh-nguoc-dong-lich-su-day-xuc-dong.docx","/Users/huynhtronghieu/Documents/thericetour/nucuoimekong_blog_data/all_posts/375_nha-tu-con-dao-hanh-trinh-nguoc-dong-lich-su-day-xuc-dong.md"
376,"Bánh xèo miền Tây – Cách làm bánh xèo ngon (2026)","Đặc sản địa phương",2025-06-27,Phase 2,"https://nucuoimekong.com/cach-lam-banh-xeo-mien-tay","/Users/huynhtronghieu/Documents/thericetour/nucuoimekong_blog_data/all_docx/376_cach-lam-banh-xeo-mien-tay.docx","/Users/huynhtronghieu/Documents/thericetour/nucuoimekong_blog_data/all_posts/376_cach-lam-banh-xeo-mien-tay.md"
377,"Làng chiếu Định Yên Đồng Tháp – Làng nghề trăm năm tuổi (2026)","Điểm du lịch nổi tiếng",2025-06-27,Phase 2,"https://nucuoimekong.com/lang-chieu-dinh-yen","/Users/huynhtronghieu/Documents/thericetour/nucuoimekong_blog_data/all_docx/377_lang-chieu-dinh-yen.docx","/Users/huynhtronghieu/Documents/thericetour/nucuoimekong_blog_data/all_posts/377_lang-chieu-dinh-yen.md"
378,"Chùa Ghositaram – Check-in “Thái Lan thu nhỏ” cực đẹp tại Bạc Liêu","Điểm du lịch nổi tiếng",2025-06-27,Phase 2,"https://nucuoimekong.com/chua-ghositaram-bac-lieu","/Users/huynhtronghieu/Documents/thericetour/nucuoimekong_blog_data/all_docx/378_chua-ghositaram-bac-lieu.docx","/Users/huynhtronghieu/Documents/thericetour/nucuoimekong_blog_data/all_posts/378_chua-ghositaram-bac-lieu.md"
379,"Văn Miếu Quốc Tử Giám – Trường đại học đầu tiên của Việt Nam","Điểm du lịch nổi tiếng",2025-06-27,Phase 2,"https://nucuoimekong.com/van-mieu-quoc-tu-giam","/Users/huynhtronghieu/Documents/thericetour/nucuoimekong_blog_data/all_docx/379_van-mieu-quoc-tu-giam.docx","/Users/huynhtronghieu/Documents/thericetour/nucuoimekong_blog_data/all_posts/379_van-mieu-quoc-tu-giam.md"
380,"Đặc sản Bạc Liêu – Top 16 món ngon không thể bỏ qua (2026)","Đặc sản địa phương",2025-06-27,Phase 2,"https://nucuoimekong.com/dac-san-bac-lieu","/Users/huynhtronghieu/Documents/thericetour/nucuoimekong_blog_data/all_docx/380_dac-san-bac-lieu.docx","/Users/huynhtronghieu/Documents/thericetour/nucuoimekong_blog_data/all_posts/380_dac-san-bac-lieu.md"
381,"Travelife là gì? Hướng dẫn đạt chứng chỉ du lịch bền vững cho doanh nghiệp","Phát triển bền vững",2025-06-27,Phase 2,"https://nucuoimekong.com/chung-chi-travelife-du-lich-ben-vung","/Users/huynhtronghieu/Documents/thericetour/nucuoimekong_blog_data/all_docx/381_chung-chi-travelife-du-lich-ben-vung.docx","/Users/huynhtronghieu/Documents/thericetour/nucuoimekong_blog_data/all_posts/381_chung-chi-travelife-du-lich-ben-vung.md"
382,"Cần Thơ Eco Resort – Hồ bơi nước mặn lớn nhất Cần Thơ (2026)","Điểm du lịch nổi tiếng",2025-06-26,Phase 2,"https://nucuoimekong.com/can-tho-eco-resort","/Users/huynhtronghieu/Documents/thericetour/nucuoimekong_blog_data/all_docx/382_can-tho-eco-resort.docx","/Users/huynhtronghieu/Documents/thericetour/nucuoimekong_blog_data/all_posts/382_can-tho-eco-resort.md"
383,"Thiền viện Trúc lâm An Giang – “Vịnh Hạ Long” vùng Bảy núi 2026","Điểm du lịch nổi tiếng",2025-06-26,Phase 2,"https://nucuoimekong.com/thien-vien-truc-lam-an-giang","/Users/huynhtronghieu/Documents/thericetour/nucuoimekong_blog_data/all_docx/383_thien-vien-truc-lam-an-giang.docx","/Users/huynhtronghieu/Documents/thericetour/nucuoimekong_blog_data/all_posts/383_thien-vien-truc-lam-an-giang.md"
384,"Tượng chúa Kitô Vũng Tàu – Điểm tham quan Vũng Tàu nổi tiếng","Điểm du lịch nổi tiếng",2025-06-26,Phase 2,"https://nucuoimekong.com/tuong-chua-kito-vua-vung-tau","/Users/huynhtronghieu/Documents/thericetour/nucuoimekong_blog_data/all_docx/384_tuong-chua-kito-vua-vung-tau.docx","/Users/huynhtronghieu/Documents/thericetour/nucuoimekong_blog_data/all_posts/384_tuong-chua-kito-vua-vung-tau.md"
385,"Biển Cổ Thạch và những điều “độc lạ” Bình Thuận (2026)","Điểm du lịch nổi tiếng",2025-06-26,Phase 2,"https://nucuoimekong.com/bien-co-thach-binh-thuan","/Users/huynhtronghieu/Documents/thericetour/nucuoimekong_blog_data/all_docx/385_bien-co-thach-binh-thuan.docx","/Users/huynhtronghieu/Documents/thericetour/nucuoimekong_blog_data/all_posts/385_bien-co-thach-binh-thuan.md"
386,"Đức mẹ Tà Pao Bình Thuận – Trung tâm thánh mẫu đặc biệt nhất","Điểm du lịch nổi tiếng",2025-06-26,Phase 2,"https://nucuoimekong.com/duc-me-ta-pao-binh-thuan","/Users/huynhtronghieu/Documents/thericetour/nucuoimekong_blog_data/all_docx/386_duc-me-ta-pao-binh-thuan.docx","/Users/huynhtronghieu/Documents/thericetour/nucuoimekong_blog_data/all_posts/386_duc-me-ta-pao-binh-thuan.md"
387,"Chợ nổi Long Xuyên An Giang – Về miền sông nước miền Tây","Điểm du lịch nổi tiếng",2025-06-26,Phase 2,"https://nucuoimekong.com/cho-noi-long-xuyen-an-giang","/Users/huynhtronghieu/Documents/thericetour/nucuoimekong_blog_data/all_docx/387_cho-noi-long-xuyen-an-giang.docx","/Users/huynhtronghieu/Documents/thericetour/nucuoimekong_blog_data/all_posts/387_cho-noi-long-xuyen-an-giang.md"
388,"Hồ Cốc Vũng Tàu – Khám phá “phim trường biển” hot nhất 2026","Điểm du lịch nổi tiếng",2025-06-25,Phase 2,"https://nucuoimekong.com/ho-coc-vung-tau","/Users/huynhtronghieu/Documents/thericetour/nucuoimekong_blog_data/all_docx/388_ho-coc-vung-tau.docx","/Users/huynhtronghieu/Documents/thericetour/nucuoimekong_blog_data/all_posts/388_ho-coc-vung-tau.md"
389,"Điện Gió Duyên Hải Trà Vinh – Điểm check-in hot nhất 2026 có gì đặc biệt?","Điểm du lịch nổi tiếng",2025-06-25,Phase 2,"https://nucuoimekong.com/canh-dong-dien-gio-duyen-hai-tra-vinh","/Users/huynhtronghieu/Documents/thericetour/nucuoimekong_blog_data/all_docx/389_canh-dong-dien-gio-duyen-hai-tra-vinh.docx","/Users/huynhtronghieu/Documents/thericetour/nucuoimekong_blog_data/all_posts/389_canh-dong-dien-gio-duyen-hai-tra-vinh.md"
390,"Đảo Phú Quý: Khám phá thiên đường biển đảo bình yên","Điểm du lịch nổi tiếng",2025-06-25,Phase 2,"https://nucuoimekong.com/dao-phu-quy","/Users/huynhtronghieu/Documents/thericetour/nucuoimekong_blog_data/all_docx/390_dao-phu-quy.docx","/Users/huynhtronghieu/Documents/thericetour/nucuoimekong_blog_data/all_posts/390_dao-phu-quy.md"
391,"Khu du lịch Bò Cạp Vàng – Điểm đến thú vị cuối tuần","Điểm du lịch nổi tiếng",2025-06-25,Phase 2,"https://nucuoimekong.com/khu-du-lich-bo-cap-vang","/Users/huynhtronghieu/Documents/thericetour/nucuoimekong_blog_data/all_docx/391_khu-du-lich-bo-cap-vang.docx","/Users/huynhtronghieu/Documents/thericetour/nucuoimekong_blog_data/all_posts/391_khu-du-lich-bo-cap-vang.md"
392,"Phong Nha Kẻ Bàng – Kỳ quan đệ nhất động ở Quảng Bình","Điểm du lịch nổi tiếng",2025-06-25,Phase 2,"https://nucuoimekong.com/vuon-quoc-gia-phong-nha-ke-bang","/Users/huynhtronghieu/Documents/thericetour/nucuoimekong_blog_data/all_docx/392_vuon-quoc-gia-phong-nha-ke-bang.docx","/Users/huynhtronghieu/Documents/thericetour/nucuoimekong_blog_data/all_posts/392_vuon-quoc-gia-phong-nha-ke-bang.md"
393,"Du lịch Hạ Long – Chiêm ngưỡng “Vịnh Thiên Đường” Việt Nam","Điểm du lịch nổi tiếng",2025-06-25,Phase 2,"https://nucuoimekong.com/kinh-nghiem-du-lich-vinh-ha-long","/Users/huynhtronghieu/Documents/thericetour/nucuoimekong_blog_data/all_docx/393_kinh-nghiem-du-lich-vinh-ha-long.docx","/Users/huynhtronghieu/Documents/thericetour/nucuoimekong_blog_data/all_posts/393_kinh-nghiem-du-lich-vinh-ha-long.md"
394,"Du lịch Ấn Độ – Kinh nghiệm hành hương về “Miền đất Phật”","Khám phá và trải nghiệm",2025-06-24,Phase 2,"https://nucuoimekong.com/kinh-nghiem-du-lich-an-do","/Users/huynhtronghieu/Documents/thericetour/nucuoimekong_blog_data/all_docx/394_kinh-nghiem-du-lich-an-do.docx","/Users/huynhtronghieu/Documents/thericetour/nucuoimekong_blog_data/all_posts/394_kinh-nghiem-du-lich-an-do.md"
395,"Kinh nghiệm Du lịch Quy Nhơn tự túc A-Z 2026","Khám phá và trải nghiệm",2025-06-24,Phase 2,"https://nucuoimekong.com/kinh-nghiem-du-lich-quy-nhon","/Users/huynhtronghieu/Documents/thericetour/nucuoimekong_blog_data/all_docx/395_kinh-nghiem-du-lich-quy-nhon.docx","/Users/huynhtronghieu/Documents/thericetour/nucuoimekong_blog_data/all_posts/395_kinh-nghiem-du-lich-quy-nhon.md"
396,"Vé tàu Hòn Tre Nam Du Superdong cập nhật 2026","Vé tàu",2025-06-24,Phase 2,"https://nucuoimekong.com/ve-tau-hon-tre-nam-du","/Users/huynhtronghieu/Documents/thericetour/nucuoimekong_blog_data/all_docx/396_ve-tau-hon-tre-nam-du.docx","/Users/huynhtronghieu/Documents/thericetour/nucuoimekong_blog_data/all_posts/396_ve-tau-hon-tre-nam-du.md"
397,"Chùa Bái Đính Ninh Bình – Ngôi chùa đạt nhiều kỷ lục nhất Việt Nam","Điểm du lịch nổi tiếng",2025-06-24,Phase 2,"https://nucuoimekong.com/chua-bai-dinh-ninh-binh","/Users/huynhtronghieu/Documents/thericetour/nucuoimekong_blog_data/all_docx/397_chua-bai-dinh-ninh-binh.docx","/Users/huynhtronghieu/Documents/thericetour/nucuoimekong_blog_data/all_posts/397_chua-bai-dinh-ninh-binh.md"
398,"Mũi Cà Mau – Chinh phục cực Nam của Tổ quốc huyền thoại (2026)","Điểm du lịch nổi tiếng",2025-06-24,Phase 2,"https://nucuoimekong.com/mui-ca-mau","/Users/huynhtronghieu/Documents/thericetour/nucuoimekong_blog_data/all_docx/398_mui-ca-mau.docx","/Users/huynhtronghieu/Documents/thericetour/nucuoimekong_blog_data/all_posts/398_mui-ca-mau.md"
399,"Nông trại cún Puppy Farm – Trại cún siêu dễ thương ở Đà Lạt","Điểm du lịch nổi tiếng",2025-06-24,Phase 2,"https://nucuoimekong.com/nong-trai-cun-puppy-farm-da-lat","/Users/huynhtronghieu/Documents/thericetour/nucuoimekong_blog_data/all_docx/399_nong-trai-cun-puppy-farm-da-lat.docx","/Users/huynhtronghieu/Documents/thericetour/nucuoimekong_blog_data/all_posts/399_nong-trai-cun-puppy-farm-da-lat.md"
400,"Kinh nghiệm du lịch Campuchia – Vùng đất huyền bí thiêng liêng","Khám phá và trải nghiệm",2025-06-24,Phase 2,"https://nucuoimekong.com/kinh-nghiem-du-lich-campuchia-tu-tuc","/Users/huynhtronghieu/Documents/thericetour/nucuoimekong_blog_data/all_docx/400_kinh-nghiem-du-lich-campuchia-tu-tuc.docx","/Users/huynhtronghieu/Documents/thericetour/nucuoimekong_blog_data/all_posts/400_kinh-nghiem-du-lich-campuchia-tu-tuc.md"
401,"Trân Bảo Phật Sơn Thái Lan – Độc đáo hình Phật dát vàng (2026)","Điểm du lịch nổi tiếng",2025-06-23,Phase 3,"https://nucuoimekong.com/tran-bao-phat-son-thai-lan","/Users/huynhtronghieu/Documents/thericetour/nucuoimekong_blog_data/all_docx/401_tran-bao-phat-son-thai-lan.docx","/Users/huynhtronghieu/Documents/thericetour/nucuoimekong_blog_data/all_posts/401_tran-bao-phat-son-thai-lan.md"
402,"Suối Tranh Phú Quốc có gì hấp dẫn bạn đến thế? (Cập nhật 2026)","Điểm du lịch nổi tiếng",2025-06-23,Phase 3,"https://nucuoimekong.com/suoi-tranh-phu-quoc","/Users/huynhtronghieu/Documents/thericetour/nucuoimekong_blog_data/all_docx/402_suoi-tranh-phu-quoc.docx","/Users/huynhtronghieu/Documents/thericetour/nucuoimekong_blog_data/all_posts/402_suoi-tranh-phu-quoc.md"
403,"Vườn trái cây Bến Tre – Ghé thăm 7 vườn trái cây hot nhất","Điểm du lịch nổi tiếng",2025-06-23,Phase 3,"https://nucuoimekong.com/vuon-trai-cay-ben-tre","/Users/huynhtronghieu/Documents/thericetour/nucuoimekong_blog_data/all_docx/403_vuon-trai-cay-ben-tre.docx","/Users/huynhtronghieu/Documents/thericetour/nucuoimekong_blog_data/all_posts/403_vuon-trai-cay-ben-tre.md"
404,"Bàu trắng Bình Thuận – Trải nghiệm lý tưởng đồi cát trắng","Điểm du lịch nổi tiếng",2025-06-23,Phase 3,"https://nucuoimekong.com/bau-trang-binh-thuan","/Users/huynhtronghieu/Documents/thericetour/nucuoimekong_blog_data/all_docx/404_bau-trang-binh-thuan.docx","/Users/huynhtronghieu/Documents/thericetour/nucuoimekong_blog_data/all_posts/404_bau-trang-binh-thuan.md"
405,"Mộc Trà Farm Đà Lạt – “Hút hồn” với cung đường Hàn Quốc","Điểm du lịch nổi tiếng",2025-06-23,Phase 3,"https://nucuoimekong.com/moc-tra-farm-da-lat","/Users/huynhtronghieu/Documents/thericetour/nucuoimekong_blog_data/all_docx/405_moc-tra-farm-da-lat.docx","/Users/huynhtronghieu/Documents/thericetour/nucuoimekong_blog_data/all_posts/405_moc-tra-farm-da-lat.md"
406,"Dinh Bảo Đại Đà Lạt – Dinh thự cổ lung linh giữa núi rừng","Điểm du lịch nổi tiếng",2025-06-23,Phase 3,"https://nucuoimekong.com/dinh-bao-dai-da-lat","/Users/huynhtronghieu/Documents/thericetour/nucuoimekong_blog_data/all_docx/406_dinh-bao-dai-da-lat.docx","/Users/huynhtronghieu/Documents/thericetour/nucuoimekong_blog_data/all_posts/406_dinh-bao-dai-da-lat.md"
407,"Ma Rừng Lữ Quán – Điểm check-in ma mị giữa trời Đà Lạt","Điểm du lịch nổi tiếng",2025-06-23,Phase 3,"https://nucuoimekong.com/ma-rung-lu-quan-da-lat","/Users/huynhtronghieu/Documents/thericetour/nucuoimekong_blog_data/all_docx/407_ma-rung-lu-quan-da-lat.docx","/Users/huynhtronghieu/Documents/thericetour/nucuoimekong_blog_data/all_posts/407_ma-rung-lu-quan-da-lat.md"
408,"Quạt gió Cầu Đất Đà Lạt – Nơi “hút hồn” các tay nhiếp ảnh","Điểm du lịch nổi tiếng",2025-06-23,Phase 3,"https://nucuoimekong.com/quat-gio-cau-dat-da-lat","/Users/huynhtronghieu/Documents/thericetour/nucuoimekong_blog_data/all_docx/408_quat-gio-cau-dat-da-lat.docx","/Users/huynhtronghieu/Documents/thericetour/nucuoimekong_blog_data/all_posts/408_quat-gio-cau-dat-da-lat.md"
409,"Top 9 trung tâm hội nghị tiệc cưới sang trọng tại Cần Thơ (2026)","Toplist",2025-06-23,Phase 3,"https://nucuoimekong.com/trung-tam-hoi-nghi-tiec-cuoi-can-tho","/Users/huynhtronghieu/Documents/thericetour/nucuoimekong_blog_data/all_docx/409_trung-tam-hoi-nghi-tiec-cuoi-can-tho.docx","/Users/huynhtronghieu/Documents/thericetour/nucuoimekong_blog_data/all_posts/409_trung-tam-hoi-nghi-tiec-cuoi-can-tho.md"
410,"Bamboo Garden Hậu Giang – Nơi sống ảo đẹp như phim (2026)","Điểm du lịch nổi tiếng",2025-06-23,Phase 3,"https://nucuoimekong.com/bamboo-garden-hau-giang","/Users/huynhtronghieu/Documents/thericetour/nucuoimekong_blog_data/all_docx/410_bamboo-garden-hau-giang.docx","/Users/huynhtronghieu/Documents/thericetour/nucuoimekong_blog_data/all_posts/410_bamboo-garden-hau-giang.md"
411,"Kinh nghiệm du lịch Hậu Giang – Top những địa điểm không thể bỏ qua","Khám phá và trải nghiệm; Toplist",2025-06-23,Phase 3,"https://nucuoimekong.com/kinh-nghiem-du-lich-hau-giang","/Users/huynhtronghieu/Documents/thericetour/nucuoimekong_blog_data/all_docx/411_kinh-nghiem-du-lich-hau-giang.docx","/Users/huynhtronghieu/Documents/thericetour/nucuoimekong_blog_data/all_posts/411_kinh-nghiem-du-lich-hau-giang.md"
412,"Du lịch Trung Quốc – Kinh nghiệm khám phá các địa điểm đẹp nhất","Khám phá và trải nghiệm",2025-06-23,Phase 3,"https://nucuoimekong.com/kinh-nghiem-du-lich-trung-quoc","/Users/huynhtronghieu/Documents/thericetour/nucuoimekong_blog_data/all_docx/412_kinh-nghiem-du-lich-trung-quoc.docx","/Users/huynhtronghieu/Documents/thericetour/nucuoimekong_blog_data/all_posts/412_kinh-nghiem-du-lich-trung-quoc.md"
413,"Bánh xèo Cần Thơ – Top 5 quán bánh xèo ngon ở Cần Thơ (2026)","Review ẩm thực; Toplist",2025-06-23,Phase 3,"https://nucuoimekong.com/quan-banh-xeo-can-tho-ngon","/Users/huynhtronghieu/Documents/thericetour/nucuoimekong_blog_data/all_docx/413_quan-banh-xeo-can-tho-ngon.docx","/Users/huynhtronghieu/Documents/thericetour/nucuoimekong_blog_data/all_posts/413_quan-banh-xeo-can-tho-ngon.md"
414,"Viện Hải Dương học Nha Trang – Đại dương thu nhỏ (2026)","Điểm du lịch nổi tiếng",2025-06-23,Phase 3,"https://nucuoimekong.com/vien-hai-duong-hoc-nha-trang","/Users/huynhtronghieu/Documents/thericetour/nucuoimekong_blog_data/all_docx/414_vien-hai-duong-hoc-nha-trang.docx","/Users/huynhtronghieu/Documents/thericetour/nucuoimekong_blog_data/all_posts/414_vien-hai-duong-hoc-nha-trang.md"
415,"Miếu bà Chúa Xứ Bàu Mướp – Du lịch tâm linh An Giang (2026)","Điểm du lịch nổi tiếng",2025-06-23,Phase 3,"https://nucuoimekong.com/mieu-ba-chua-xu-bau-muop","/Users/huynhtronghieu/Documents/thericetour/nucuoimekong_blog_data/all_docx/415_mieu-ba-chua-xu-bau-muop.docx","/Users/huynhtronghieu/Documents/thericetour/nucuoimekong_blog_data/all_posts/415_mieu-ba-chua-xu-bau-muop.md"
416,"Khu du lịch Nhà Mát – Đi thì dễ mà ăn chơi thì quên lối về (2026)","Điểm du lịch nổi tiếng",2025-06-23,Phase 3,"https://nucuoimekong.com/khu-du-lich-nha-mat-bac-lieu","/Users/huynhtronghieu/Documents/thericetour/nucuoimekong_blog_data/all_docx/416_khu-du-lich-nha-mat-bac-lieu.docx","/Users/huynhtronghieu/Documents/thericetour/nucuoimekong_blog_data/all_posts/416_khu-du-lich-nha-mat-bac-lieu.md"
417,"Núi Hàm Rồng Sapa – Ngọn núi rồng nổi tiếng vùng Tây Bắc (2026)","Điểm du lịch nổi tiếng",2025-06-22,Phase 3,"https://nucuoimekong.com/nui-ham-rong-sapa","/Users/huynhtronghieu/Documents/thericetour/nucuoimekong_blog_data/all_docx/417_nui-ham-rong-sapa.docx","/Users/huynhtronghieu/Documents/thericetour/nucuoimekong_blog_data/all_posts/417_nui-ham-rong-sapa.md"
418,"Đảo Bình Hưng – Khám phá Đảo Bình Hưng từ A đến Z (2026)","Điểm du lịch nổi tiếng",2025-06-22,Phase 3,"https://nucuoimekong.com/dao-binh-hung-cam-ranh-khanh-hoa","/Users/huynhtronghieu/Documents/thericetour/nucuoimekong_blog_data/all_docx/418_dao-binh-hung-cam-ranh-khanh-hoa.docx","/Users/huynhtronghieu/Documents/thericetour/nucuoimekong_blog_data/all_posts/418_dao-binh-hung-cam-ranh-khanh-hoa.md"
419,"Danh sách các tour hành hương – Hành trình kết nối tâm linh","Toplist",2025-06-22,Phase 3,"https://nucuoimekong.com/danh-sach-cac-tour-hanh-huong","/Users/huynhtronghieu/Documents/thericetour/nucuoimekong_blog_data/all_docx/419_danh-sach-cac-tour-hanh-huong.docx","/Users/huynhtronghieu/Documents/thericetour/nucuoimekong_blog_data/all_posts/419_danh-sach-cac-tour-hanh-huong.md"
420,"Du lịch Singapore – Hướng dẫn du lịch đảo quốc sư tử (2026)","Khám phá và trải nghiệm",2025-06-22,Phase 3,"https://nucuoimekong.com/kinh-nghiem-du-lich-singapore-tu-tuc","/Users/huynhtronghieu/Documents/thericetour/nucuoimekong_blog_data/all_docx/420_kinh-nghiem-du-lich-singapore-tu-tuc.docx","/Users/huynhtronghieu/Documents/thericetour/nucuoimekong_blog_data/all_posts/420_kinh-nghiem-du-lich-singapore-tu-tuc.md"
421,"Đặc sản Kiên Giang – Top 18 món ngon ngất ngây chỉ có ở Kiên Giang","Review ẩm thực; Toplist; Đặc sản địa phương",2025-06-22,Phase 3,"https://nucuoimekong.com/dac-san-kien-giang","/Users/huynhtronghieu/Documents/thericetour/nucuoimekong_blog_data/all_docx/421_dac-san-kien-giang.docx","/Users/huynhtronghieu/Documents/thericetour/nucuoimekong_blog_data/all_posts/421_dac-san-kien-giang.md"
422,"Chùa Vạn Linh – Ngôi chùa linh thiêng nổi tiếng An Giang","Điểm du lịch nổi tiếng",2025-06-22,Phase 3,"https://nucuoimekong.com/chua-van-linh-nui-cam-an-giang","/Users/huynhtronghieu/Documents/thericetour/nucuoimekong_blog_data/all_docx/422_chua-van-linh-nui-cam-an-giang.docx","/Users/huynhtronghieu/Documents/thericetour/nucuoimekong_blog_data/all_posts/422_chua-van-linh-nui-cam-an-giang.md"
423,"Chùa Bà Thiên Hậu – Vẻ đẹp linh thiêng, cổ kính tại Sài Gòn","Điểm du lịch nổi tiếng",2025-06-22,Phase 3,"https://nucuoimekong.com/chua-ba-thien-hau","/Users/huynhtronghieu/Documents/thericetour/nucuoimekong_blog_data/all_docx/423_chua-ba-thien-hau.docx","/Users/huynhtronghieu/Documents/thericetour/nucuoimekong_blog_data/all_posts/423_chua-ba-thien-hau.md"
424,"Thánh đường Hồi giáo Masjid Jamiul Azhar cực đẹp An Giang 2026","Điểm du lịch nổi tiếng",2025-06-22,Phase 3,"https://nucuoimekong.com/thanh-duong-hoi-giao-an-giang","/Users/huynhtronghieu/Documents/thericetour/nucuoimekong_blog_data/all_docx/424_thanh-duong-hoi-giao-an-giang.docx","/Users/huynhtronghieu/Documents/thericetour/nucuoimekong_blog_data/all_posts/424_thanh-duong-hoi-giao-an-giang.md"
425,"Lẩu vịt nấu chao Cần Thơ – Top những quán ngon của người địa phương","Review ẩm thực; Đặc sản địa phương",2025-06-22,Phase 3,"https://nucuoimekong.com/lau-vit-nau-chao-can-tho","/Users/huynhtronghieu/Documents/thericetour/nucuoimekong_blog_data/all_docx/425_lau-vit-nau-chao-can-tho.docx","/Users/huynhtronghieu/Documents/thericetour/nucuoimekong_blog_data/all_posts/425_lau-vit-nau-chao-can-tho.md"
426,"Bánh hỏi Út Dzách – Lò bánh truyền thống nức tiếng Cần Thơ","Điểm du lịch nổi tiếng",2025-06-22,Phase 3,"https://nucuoimekong.com/lo-banh-hoi-ut-dzach-can-tho","/Users/huynhtronghieu/Documents/thericetour/nucuoimekong_blog_data/all_docx/426_lo-banh-hoi-ut-dzach-can-tho.docx","/Users/huynhtronghieu/Documents/thericetour/nucuoimekong_blog_data/all_posts/426_lo-banh-hoi-ut-dzach-can-tho.md"
427,"Chợ Bình Điền – “Chợ không ngủ” nổi tiếng Sài Gòn","Điểm du lịch nổi tiếng",2025-06-22,Phase 3,"https://nucuoimekong.com/cho-binh-dien","/Users/huynhtronghieu/Documents/thericetour/nucuoimekong_blog_data/all_docx/427_cho-binh-dien.docx","/Users/huynhtronghieu/Documents/thericetour/nucuoimekong_blog_data/all_posts/427_cho-binh-dien.md"
428,"Chùa Bửu Long – Ngôi chùa chất ”Thái” chốn Sài Thành","Điểm du lịch nổi tiếng",2025-06-22,Phase 3,"https://nucuoimekong.com/chua-buu-long-quan-9","/Users/huynhtronghieu/Documents/thericetour/nucuoimekong_blog_data/all_docx/428_chua-buu-long-quan-9.docx","/Users/huynhtronghieu/Documents/thericetour/nucuoimekong_blog_data/all_posts/428_chua-buu-long-quan-9.md"
429,"Khu du lịch điện mặt trời An Hảo cực “hot” ở An Giang (2026)","Điểm du lịch nổi tiếng",2025-06-22,Phase 3,"https://nucuoimekong.com/khu-du-lich-dien-mat-troi-an-hao","/Users/huynhtronghieu/Documents/thericetour/nucuoimekong_blog_data/all_docx/429_khu-du-lich-dien-mat-troi-an-hao.docx","/Users/huynhtronghieu/Documents/thericetour/nucuoimekong_blog_data/all_posts/429_khu-du-lich-dien-mat-troi-an-hao.md"
430,"Làng Cù Lần – Ghé thăm ngôi làng nổi tiếng Đà Lạt (2026)","Điểm du lịch nổi tiếng",2025-06-21,Phase 3,"https://nucuoimekong.com/lang-cu-lan-da-lat","/Users/huynhtronghieu/Documents/thericetour/nucuoimekong_blog_data/all_docx/430_lang-cu-lan-da-lat.docx","/Users/huynhtronghieu/Documents/thericetour/nucuoimekong_blog_data/all_posts/430_lang-cu-lan-da-lat.md"
431,"Đặc sản Bến Tre – Top 11 Đặc sản xứ dừa ngon ngây ngất (2026)","Toplist; Đặc sản địa phương",2025-06-21,Phase 3,"https://nucuoimekong.com/dac-san-ben-tre","/Users/huynhtronghieu/Documents/thericetour/nucuoimekong_blog_data/all_docx/431_dac-san-ben-tre.docx","/Users/huynhtronghieu/Documents/thericetour/nucuoimekong_blog_data/all_posts/431_dac-san-ben-tre.md"
432,"Kinh nghiệm du lịch Trà Vinh – Top 7 điểm đến tuyệt vời (2026)","Toplist; Điểm du lịch nổi tiếng",2025-06-21,Phase 3,"https://nucuoimekong.com/kinh-nghiem-du-lich-tra-vinh","/Users/huynhtronghieu/Documents/thericetour/nucuoimekong_blog_data/all_docx/432_kinh-nghiem-du-lich-tra-vinh.docx","/Users/huynhtronghieu/Documents/thericetour/nucuoimekong_blog_data/all_posts/432_kinh-nghiem-du-lich-tra-vinh.md"
433,"Vườn ca cao Mười Cương – Thưởng thức socola cực ngon ở vườn","Điểm du lịch nổi tiếng",2025-06-21,Phase 3,"https://nucuoimekong.com/vuon-ca-cao-muoi-cuong","/Users/huynhtronghieu/Documents/thericetour/nucuoimekong_blog_data/all_docx/433_vuon-ca-cao-muoi-cuong.docx","/Users/huynhtronghieu/Documents/thericetour/nucuoimekong_blog_data/all_posts/433_vuon-ca-cao-muoi-cuong.md"
434,"Đại nội Huế – Check-in quần thể di tích Cố đô Huế (2026)","Điểm du lịch nổi tiếng",2025-06-21,Phase 3,"https://nucuoimekong.com/dai-noi-hue","/Users/huynhtronghieu/Documents/thericetour/nucuoimekong_blog_data/all_docx/434_dai-noi-hue.docx","/Users/huynhtronghieu/Documents/thericetour/nucuoimekong_blog_data/all_posts/434_dai-noi-hue.md"
435,"Vườn nho Ninh Thuận – Bí kíp tham quan vườn nho (2026)","Điểm du lịch nổi tiếng",2025-06-21,Phase 3,"https://nucuoimekong.com/vuon-nho-ninh-thuan","/Users/huynhtronghieu/Documents/thericetour/nucuoimekong_blog_data/all_docx/435_vuon-nho-ninh-thuan.docx","/Users/huynhtronghieu/Documents/thericetour/nucuoimekong_blog_data/all_posts/435_vuon-nho-ninh-thuan.md"
436,"Pù Luông Thanh Hóa – “Ngất ngây” vẻ đẹp của núi rừng (2026)","Điểm du lịch nổi tiếng",2025-06-21,Phase 3,"https://nucuoimekong.com/pu-luong-thanh-hoa","/Users/huynhtronghieu/Documents/thericetour/nucuoimekong_blog_data/all_docx/436_pu-luong-thanh-hoa.docx","/Users/huynhtronghieu/Documents/thericetour/nucuoimekong_blog_data/all_posts/436_pu-luong-thanh-hoa.md"
437,"Top 14 đặc sản Vĩnh Long – Những món ăn tinh túy (2026)","Toplist; Đặc sản địa phương",2025-06-21,Phase 3,"https://nucuoimekong.com/dac-san-vinh-long","/Users/huynhtronghieu/Documents/thericetour/nucuoimekong_blog_data/all_docx/437_dac-san-vinh-long.docx","/Users/huynhtronghieu/Documents/thericetour/nucuoimekong_blog_data/all_posts/437_dac-san-vinh-long.md"
438,"Chùa Yên Tử – Điểm đến tâm linh nổi tiếng tại Quảng Ninh","Điểm du lịch nổi tiếng",2025-06-21,Phase 3,"https://nucuoimekong.com/chua-yen-tu","/Users/huynhtronghieu/Documents/thericetour/nucuoimekong_blog_data/all_docx/438_chua-yen-tu.docx","/Users/huynhtronghieu/Documents/thericetour/nucuoimekong_blog_data/all_posts/438_chua-yen-tu.md"
439,"Bảo Gia Trang Viên – Review điểm du lịch “hot” nhất Cần Thơ","Điểm du lịch nổi tiếng",2025-06-20,Phase 3,"https://nucuoimekong.com/bao-gia-trang-vien-can-tho","/Users/huynhtronghieu/Documents/thericetour/nucuoimekong_blog_data/all_docx/439_bao-gia-trang-vien-can-tho.docx","/Users/huynhtronghieu/Documents/thericetour/nucuoimekong_blog_data/all_posts/439_bao-gia-trang-vien-can-tho.md"
440,"Sắc Màu Chợ Nổi – Điểm hẹn độc đáo giữa lòng chợ nổi Cái Răng","Điểm du lịch nổi tiếng",2025-06-20,Phase 3,"https://nucuoimekong.com/sac-mau-cho-noi-diem-hen-doc-dao-giua-long-cho-noi-cai-rang","/Users/huynhtronghieu/Documents/thericetour/nucuoimekong_blog_data/all_docx/440_sac-mau-cho-noi-diem-hen-doc-dao-giua-long-cho-noi-cai-rang.docx","/Users/huynhtronghieu/Documents/thericetour/nucuoimekong_blog_data/all_posts/440_sac-mau-cho-noi-diem-hen-doc-dao-giua-long-cho-noi-cai-rang.md"
441,"Chùa An Giang – TOP 12 ngôi chùa đẹp và linh thiêng nhất!","Toplist; Điểm du lịch nổi tiếng",2025-06-20,Phase 3,"https://nucuoimekong.com/chua-an-giang","/Users/huynhtronghieu/Documents/thericetour/nucuoimekong_blog_data/all_docx/441_chua-an-giang.docx","/Users/huynhtronghieu/Documents/thericetour/nucuoimekong_blog_data/all_posts/441_chua-an-giang.md"
442,"Địa đạo Củ Chi – Bí ẩn “thành phố dưới lòng đất” ở Sài Gòn","Điểm du lịch nổi tiếng",2025-06-19,Phase 3,"https://nucuoimekong.com/dia-dao-cu-chi","/Users/huynhtronghieu/Documents/thericetour/nucuoimekong_blog_data/all_docx/442_dia-dao-cu-chi.docx","/Users/huynhtronghieu/Documents/thericetour/nucuoimekong_blog_data/all_posts/442_dia-dao-cu-chi.md"
443,"Núi Bà Đen Tây Ninh – Check in “nóc nhà Đông Nam Bộ”","Điểm du lịch nổi tiếng",2025-06-19,Phase 3,"https://nucuoimekong.com/nui-ba-den-tay-ninh","/Users/huynhtronghieu/Documents/thericetour/nucuoimekong_blog_data/all_docx/443_nui-ba-den-tay-ninh.docx","/Users/huynhtronghieu/Documents/thericetour/nucuoimekong_blog_data/all_posts/443_nui-ba-den-tay-ninh.md"
444,"Phố đi bộ Nguyễn Huệ – Điểm ăn chơi hot nhất Sài Gòn","Điểm du lịch nổi tiếng",2025-06-19,Phase 3,"https://nucuoimekong.com/pho-di-bo-nguyen-hue","/Users/huynhtronghieu/Documents/thericetour/nucuoimekong_blog_data/all_docx/444_pho-di-bo-nguyen-hue.docx","/Users/huynhtronghieu/Documents/thericetour/nucuoimekong_blog_data/all_posts/444_pho-di-bo-nguyen-hue.md"
445,"Món ngon miền Nam – Top 25+ đặc sản ngon nức tiếng miền Nam","Toplist; Đặc sản địa phương",2025-06-19,Phase 3,"https://nucuoimekong.com/mon-ngon-mien-nam","/Users/huynhtronghieu/Documents/thericetour/nucuoimekong_blog_data/all_docx/445_mon-ngon-mien-nam.docx","/Users/huynhtronghieu/Documents/thericetour/nucuoimekong_blog_data/all_posts/445_mon-ngon-mien-nam.md"
446,"Vinpearl Safari Phú Quốc: Khám phá vương quốc động vật hoang dã lớn nhất Việt Nam","Điểm du lịch nổi tiếng",2025-06-19,Phase 3,"https://nucuoimekong.com/vinpearl-safari-phu-quoc","/Users/huynhtronghieu/Documents/thericetour/nucuoimekong_blog_data/all_docx/446_vinpearl-safari-phu-quoc.docx","/Users/huynhtronghieu/Documents/thericetour/nucuoimekong_blog_data/all_posts/446_vinpearl-safari-phu-quoc.md"
447,"Khu du lịch Tre Việt – Điểm đến hấp dẫn cho hội bạn thân","Điểm du lịch nổi tiếng",2025-06-19,Phase 3,"https://nucuoimekong.com/khu-du-lich-tre-viet","/Users/huynhtronghieu/Documents/thericetour/nucuoimekong_blog_data/all_docx/447_khu-du-lich-tre-viet.docx","/Users/huynhtronghieu/Documents/thericetour/nucuoimekong_blog_data/all_posts/447_khu-du-lich-tre-viet.md"
448,"Vinpearl Land Phú Quốc – Thiên đường giải trí lớn nhất Đảo Ngọc","Điểm du lịch nổi tiếng",2025-06-19,Phase 3,"https://nucuoimekong.com/vinpearl-land-phu-quoc","/Users/huynhtronghieu/Documents/thericetour/nucuoimekong_blog_data/all_docx/448_vinpearl-land-phu-quoc.docx","/Users/huynhtronghieu/Documents/thericetour/nucuoimekong_blog_data/all_posts/448_vinpearl-land-phu-quoc.md"
449,"Địa điểm du lịch gần Sài Gòn – Top 20 điểm check-in năm 2026","Toplist",2025-06-19,Phase 3,"https://nucuoimekong.com/dia-diem-du-lich-gan-sai-gon","/Users/huynhtronghieu/Documents/thericetour/nucuoimekong_blog_data/all_docx/449_dia-diem-du-lich-gan-sai-gon.docx","/Users/huynhtronghieu/Documents/thericetour/nucuoimekong_blog_data/all_posts/449_dia-diem-du-lich-gan-sai-gon.md"
450,"Dinh Độc Lập Sài Gòn – Dấu ấn lịch sử nước nhà (2026)","Điểm du lịch nổi tiếng",2025-06-19,Phase 3,"https://nucuoimekong.com/dinh-doc-lap-sai-gon","/Users/huynhtronghieu/Documents/thericetour/nucuoimekong_blog_data/all_docx/450_dinh-doc-lap-sai-gon.docx","/Users/huynhtronghieu/Documents/thericetour/nucuoimekong_blog_data/all_posts/450_dinh-doc-lap-sai-gon.md"
451,"Mùa nước nổi miền Tây – Thưởng thức đặc sản miền Tây (2026)","Về miền Tây",2025-06-19,Phase 3,"https://nucuoimekong.com/mua-nuoc-noi-mien-tay","/Users/huynhtronghieu/Documents/thericetour/nucuoimekong_blog_data/all_docx/451_mua-nuoc-noi-mien-tay.docx","/Users/huynhtronghieu/Documents/thericetour/nucuoimekong_blog_data/all_posts/451_mua-nuoc-noi-mien-tay.md"
452,"Cầu Ánh Sao Sài Gòn – Nơi “hẹn hò” lý tưởng Sài Gòn 2026","Điểm du lịch nổi tiếng",2025-06-19,Phase 3,"https://nucuoimekong.com/cau-anh-sao","/Users/huynhtronghieu/Documents/thericetour/nucuoimekong_blog_data/all_docx/452_cau-anh-sao.docx","/Users/huynhtronghieu/Documents/thericetour/nucuoimekong_blog_data/all_posts/452_cau-anh-sao.md"
453,"Bảo tàng mỹ thuật Hồ Chí Minh – Nơi lưu giữ nền văn hóa Việt","Điểm du lịch nổi tiếng",2025-06-19,Phase 3,"https://nucuoimekong.com/bao-tang-my-thuat-ho-chi-minh","/Users/huynhtronghieu/Documents/thericetour/nucuoimekong_blog_data/all_docx/453_bao-tang-my-thuat-ho-chi-minh.docx","/Users/huynhtronghieu/Documents/thericetour/nucuoimekong_blog_data/all_posts/453_bao-tang-my-thuat-ho-chi-minh.md"
454,"Đặc sản Sapa – Top 20+ Món ăn ngon nức tiếng Sapa (2026)","Toplist; Đặc sản địa phương",2025-06-19,Phase 3,"https://nucuoimekong.com/dac-san-sa-pa","/Users/huynhtronghieu/Documents/thericetour/nucuoimekong_blog_data/all_docx/454_dac-san-sa-pa.docx","/Users/huynhtronghieu/Documents/thericetour/nucuoimekong_blog_data/all_posts/454_dac-san-sa-pa.md"
455,"Đồi chè Cầu Đất – Review tất tần tật kinh nghiệm du lịch","Điểm du lịch nổi tiếng",2025-06-19,Phase 3,"https://nucuoimekong.com/doi-che-cau-dat-da-lat","/Users/huynhtronghieu/Documents/thericetour/nucuoimekong_blog_data/all_docx/455_doi-che-cau-dat-da-lat.docx","/Users/huynhtronghieu/Documents/thericetour/nucuoimekong_blog_data/all_posts/455_doi-che-cau-dat-da-lat.md"
456,"Vãng cảnh chùa Mẹ Đông Hải Bạc Liêu – Kinh nghiệm từ A-Z","Điểm du lịch nổi tiếng",2025-06-18,Phase 3,"https://nucuoimekong.com/me-dong-hai-bac-lieu","/Users/huynhtronghieu/Documents/thericetour/nucuoimekong_blog_data/all_docx/456_me-dong-hai-bac-lieu.docx","/Users/huynhtronghieu/Documents/thericetour/nucuoimekong_blog_data/all_posts/456_me-dong-hai-bac-lieu.md"
457,"Chùa Tuk Phos – Vẻ đẹp độc đáo ở Tri Tôn An Giang","Điểm du lịch nổi tiếng",2025-06-18,Phase 3,"https://nucuoimekong.com/chua-tuk-phos-tri-ton","/Users/huynhtronghieu/Documents/thericetour/nucuoimekong_blog_data/all_docx/457_chua-tuk-phos-tri-ton.docx","/Users/huynhtronghieu/Documents/thericetour/nucuoimekong_blog_data/all_posts/457_chua-tuk-phos-tri-ton.md"
458,"Vườn Cò Bằng Lăng Cần Thơ: Điểm đến sinh thái hấp dẫn (mới nhất 2026)","Điểm du lịch nổi tiếng",2025-06-18,Phase 3,"https://nucuoimekong.com/vuon-co-bang-lang-can-tho","/Users/huynhtronghieu/Documents/thericetour/nucuoimekong_blog_data/all_docx/458_vuon-co-bang-lang-can-tho.docx","/Users/huynhtronghieu/Documents/thericetour/nucuoimekong_blog_data/all_posts/458_vuon-co-bang-lang-can-tho.md"
459,"Công viên Gia Định – Khu vui chơi giải trí xanh mát tại Sài Gòn","Điểm du lịch nổi tiếng",2025-06-18,Phase 3,"https://nucuoimekong.com/cong-vien-gia-dinh-go-vap","/Users/huynhtronghieu/Documents/thericetour/nucuoimekong_blog_data/all_docx/459_cong-vien-gia-dinh-go-vap.docx","/Users/huynhtronghieu/Documents/thericetour/nucuoimekong_blog_data/all_posts/459_cong-vien-gia-dinh-go-vap.md"
460,"Bánh căn Đà Lạt – Top 10 quán bánh căn được dân “thổ địa” bật mí","Review ẩm thực; Toplist",2025-06-18,Phase 3,"https://nucuoimekong.com/banh-can-da-lat","/Users/huynhtronghieu/Documents/thericetour/nucuoimekong_blog_data/all_docx/460_banh-can-da-lat.docx","/Users/huynhtronghieu/Documents/thericetour/nucuoimekong_blog_data/all_posts/460_banh-can-da-lat.md"
461,"Miếu Bà Phi Yến Côn Đảo – Điểm du lịch tâm linh nổi tiếng","Điểm du lịch nổi tiếng",2025-06-18,Phase 3,"https://nucuoimekong.com/mieu-ba-phi-yen-con-dao","/Users/huynhtronghieu/Documents/thericetour/nucuoimekong_blog_data/all_docx/461_mieu-ba-phi-yen-con-dao.docx","/Users/huynhtronghieu/Documents/thericetour/nucuoimekong_blog_data/all_posts/461_mieu-ba-phi-yen-con-dao.md"
462,"Bánh mì xíu mại Đà Lạt – Top 12 quán ăn ngon giá bình dân","Review ẩm thực; Toplist; Đặc sản địa phương",2025-06-18,Phase 3,"https://nucuoimekong.com/banh-mi-xiu-mai-da-lat","/Users/huynhtronghieu/Documents/thericetour/nucuoimekong_blog_data/all_docx/462_banh-mi-xiu-mai-da-lat.docx","/Users/huynhtronghieu/Documents/thericetour/nucuoimekong_blog_data/all_posts/462_banh-mi-xiu-mai-da-lat.md"
463,"Bãi Đầm Trầu Côn Đảo – Thiên đường lọt Top 25 bãi biển đẹp nhất thế giới","Điểm du lịch nổi tiếng",2025-06-18,Phase 3,"https://nucuoimekong.com/bai-dam-trau-con-dao","/Users/huynhtronghieu/Documents/thericetour/nucuoimekong_blog_data/all_docx/463_bai-dam-trau-con-dao.docx","/Users/huynhtronghieu/Documents/thericetour/nucuoimekong_blog_data/all_posts/463_bai-dam-trau-con-dao.md"
464,"Làng hoa Vạn Thành Đà Lạt – Điểm check-in muôn màu","Điểm du lịch nổi tiếng",2025-06-18,Phase 3,"https://nucuoimekong.com/lang-hoa-van-thanh-da-lat","/Users/huynhtronghieu/Documents/thericetour/nucuoimekong_blog_data/all_docx/464_lang-hoa-van-thanh-da-lat.docx","/Users/huynhtronghieu/Documents/thericetour/nucuoimekong_blog_data/all_posts/464_lang-hoa-van-thanh-da-lat.md"
465,"Ao Bà Om – Hé lộ những câu chuyện kì bí tại Trà Vinh (2026)","Điểm du lịch nổi tiếng",2025-06-18,Phase 3,"https://nucuoimekong.com/ao-ba-om","/Users/huynhtronghieu/Documents/thericetour/nucuoimekong_blog_data/all_docx/465_ao-ba-om.docx","/Users/huynhtronghieu/Documents/thericetour/nucuoimekong_blog_data/all_posts/465_ao-ba-om.md"
466,"Rừng Nam Cát Tiên – Địa điểm chill cuối tuần ở Đồng Nai","Điểm du lịch nổi tiếng",2025-06-17,Phase 3,"https://nucuoimekong.com/rung-nam-cat-tien","/Users/huynhtronghieu/Documents/thericetour/nucuoimekong_blog_data/all_docx/466_rung-nam-cat-tien.docx","/Users/huynhtronghieu/Documents/thericetour/nucuoimekong_blog_data/all_posts/466_rung-nam-cat-tien.md"
467,"Nhà thờ Cái Bè Tiền Giang – Kiến trúc Roma ở ngã ba sông (2026)","Điểm du lịch nổi tiếng",2025-06-17,Phase 3,"https://nucuoimekong.com/nha-tho-cai-be-tien-giang","/Users/huynhtronghieu/Documents/thericetour/nucuoimekong_blog_data/all_docx/467_nha-tho-cai-be-tien-giang.docx","/Users/huynhtronghieu/Documents/thericetour/nucuoimekong_blog_data/all_posts/467_nha-tho-cai-be-tien-giang.md"
468,"Gà đốt Ô Thum – Món ngon ở “Tuyệt tình cốc” An Giang (2026)","Đặc sản địa phương",2025-06-17,Phase 3,"https://nucuoimekong.com/ga-dot-o-thum-tri-ton-an-giang","/Users/huynhtronghieu/Documents/thericetour/nucuoimekong_blog_data/all_docx/468_ga-dot-o-thum-tri-ton-an-giang.docx","/Users/huynhtronghieu/Documents/thericetour/nucuoimekong_blog_data/all_posts/468_ga-dot-o-thum-tri-ton-an-giang.md"
469,"Chùa Đất Sét – Check-in chùa nhiều “kỷ lục” ở Sóc Trăng (2026)","Điểm du lịch nổi tiếng",2025-06-17,Phase 3,"https://nucuoimekong.com/chua-dat-set-soc-trang","/Users/huynhtronghieu/Documents/thericetour/nucuoimekong_blog_data/all_docx/469_chua-dat-set-soc-trang.docx","/Users/huynhtronghieu/Documents/thericetour/nucuoimekong_blog_data/all_posts/469_chua-dat-set-soc-trang.md"
470,"Cây thốt nốt An Giang – “Thoát ế” với cây thốt nốt trái tim cực ảo","Điểm du lịch nổi tiếng",2025-06-17,Phase 3,"https://nucuoimekong.com/cay-thot-not-trai-tim-an-giang","/Users/huynhtronghieu/Documents/thericetour/nucuoimekong_blog_data/all_docx/470_cay-thot-not-trai-tim-an-giang.docx","/Users/huynhtronghieu/Documents/thericetour/nucuoimekong_blog_data/all_posts/470_cay-thot-not-trai-tim-an-giang.md"
471,"Danh sách tour Côn Đảo từ Sài Gòn trọn gói không phát sinh","Tin tức",2025-06-17,Phase 3,"https://nucuoimekong.com/danh-sach-tour-con-dao-tu-sai-gon","/Users/huynhtronghieu/Documents/thericetour/nucuoimekong_blog_data/all_docx/471_danh-sach-tour-con-dao-tu-sai-gon.docx","/Users/huynhtronghieu/Documents/thericetour/nucuoimekong_blog_data/all_posts/471_danh-sach-tour-con-dao-tu-sai-gon.md"
472,"Vườn tiêu Phú Quốc – Top 6 vườn tiêu lớn nhất đảo ngọc","Toplist",2025-06-17,Phase 3,"https://nucuoimekong.com/vuon-tieu-phu-quoc","/Users/huynhtronghieu/Documents/thericetour/nucuoimekong_blog_data/all_docx/472_vuon-tieu-phu-quoc.docx","/Users/huynhtronghieu/Documents/thericetour/nucuoimekong_blog_data/all_posts/472_vuon-tieu-phu-quoc.md"
473,"Ngọc Trai Phú Quốc – Quà tặng giá trị bậc nhất thế giới (2026)","Đặc sản địa phương",2025-06-17,Phase 3,"https://nucuoimekong.com/ngoc-trai-phu-quoc","/Users/huynhtronghieu/Documents/thericetour/nucuoimekong_blog_data/all_docx/473_ngoc-trai-phu-quoc.docx","/Users/huynhtronghieu/Documents/thericetour/nucuoimekong_blog_data/all_posts/473_ngoc-trai-phu-quoc.md"
474,"Đảo Bình Ba Nha Trang – Kinh nghiệm du lịch chi tiết nhất (2026)","Điểm du lịch nổi tiếng",2025-06-17,Phase 3,"https://nucuoimekong.com/dao-binh-ba-nha-trang","/Users/huynhtronghieu/Documents/thericetour/nucuoimekong_blog_data/all_docx/474_dao-binh-ba-nha-trang.docx","/Users/huynhtronghieu/Documents/thericetour/nucuoimekong_blog_data/all_posts/474_dao-binh-ba-nha-trang.md"
475,"Hòn Móng Tay – Check in địa điểm “siêu hot” Phú Quốc 2026","Điểm du lịch nổi tiếng",2025-06-17,Phase 3,"https://nucuoimekong.com/hon-mong-tay-phu-quoc","/Users/huynhtronghieu/Documents/thericetour/nucuoimekong_blog_data/all_docx/475_hon-mong-tay-phu-quoc.docx","/Users/huynhtronghieu/Documents/thericetour/nucuoimekong_blog_data/all_posts/475_hon-mong-tay-phu-quoc.md"
476,"Dừa nước miền Tây – Quả ngọt nơi đồng bằng dân giã (2026)","Đặc sản địa phương",2025-06-16,Phase 3,"https://nucuoimekong.com/dua-nuoc-mien-tay","/Users/huynhtronghieu/Documents/thericetour/nucuoimekong_blog_data/all_docx/476_dua-nuoc-mien-tay.docx","/Users/huynhtronghieu/Documents/thericetour/nucuoimekong_blog_data/all_posts/476_dua-nuoc-mien-tay.md"
477,"Homestay Bến Tre – Top 20 homestay đậm chất miệt vườn (2026)","Homestay; Toplist",2025-06-16,Phase 3,"https://nucuoimekong.com/homestay-ben-tre","/Users/huynhtronghieu/Documents/thericetour/nucuoimekong_blog_data/all_docx/477_homestay-ben-tre.docx","/Users/huynhtronghieu/Documents/thericetour/nucuoimekong_blog_data/all_posts/477_homestay-ben-tre.md"
478,"Đi tàu cao tốc – Bỏ túi 5 điểm đến siêu hot tha hồ check in 2026","Tips du lịch hay",2025-06-16,Phase 3,"https://nucuoimekong.com/di-tau-cao-toc-bo-tui-5-diem-den-sieu-hot","/Users/huynhtronghieu/Documents/thericetour/nucuoimekong_blog_data/all_docx/478_di-tau-cao-toc-bo-tui-5-diem-den-sieu-hot.docx","/Users/huynhtronghieu/Documents/thericetour/nucuoimekong_blog_data/all_posts/478_di-tau-cao-toc-bo-tui-5-diem-den-sieu-hot.md"
479,"Núi Sam Châu Đốc An Giang – Hành hương về nơi thiêng (2026)","Điểm du lịch nổi tiếng",2025-06-16,Phase 3,"https://nucuoimekong.com/nui-sam-chau-doc-an-giang","/Users/huynhtronghieu/Documents/thericetour/nucuoimekong_blog_data/all_docx/479_nui-sam-chau-doc-an-giang.docx","/Users/huynhtronghieu/Documents/thericetour/nucuoimekong_blog_data/all_posts/479_nui-sam-chau-doc-an-giang.md"
480,"Kinh nghiệm du lịch Vatican tự túc từ A đến Z (mới nhất 2026)","Điểm du lịch nổi tiếng",2025-06-16,Phase 3,"https://nucuoimekong.com/kinh-nghiem-du-lich-vatican","/Users/huynhtronghieu/Documents/thericetour/nucuoimekong_blog_data/all_docx/480_kinh-nghiem-du-lich-vatican.docx","/Users/huynhtronghieu/Documents/thericetour/nucuoimekong_blog_data/all_posts/480_kinh-nghiem-du-lich-vatican.md"
481,"Kinh nghiệm du lịch Bali tự túc từ A-Z mới nhất (2026)","Khám phá và trải nghiệm",2025-06-16,Phase 3,"https://nucuoimekong.com/kinh-nghiem-du-lich-bali","/Users/huynhtronghieu/Documents/thericetour/nucuoimekong_blog_data/all_docx/481_kinh-nghiem-du-lich-bali.docx","/Users/huynhtronghieu/Documents/thericetour/nucuoimekong_blog_data/all_posts/481_kinh-nghiem-du-lich-bali.md"
482,"Tháp Bà Ponagar Nha Trang – Kiến trúc Chăm Pa cổ (2026)","Điểm du lịch nổi tiếng",2025-06-16,Phase 3,"https://nucuoimekong.com/thap-ba-ponagar-nha-trang","/Users/huynhtronghieu/Documents/thericetour/nucuoimekong_blog_data/all_docx/482_thap-ba-ponagar-nha-trang.docx","/Users/huynhtronghieu/Documents/thericetour/nucuoimekong_blog_data/all_posts/482_thap-ba-ponagar-nha-trang.md"
483,"Kinh nghiệm du lịch Thái Lan tự túc chi tiết nhất cho bạn (2026)","Khám phá và trải nghiệm",2025-06-16,Phase 3,"https://nucuoimekong.com/kinh-nghiem-du-lich-thai-lan-tu-tuc","/Users/huynhtronghieu/Documents/thericetour/nucuoimekong_blog_data/all_docx/483_kinh-nghiem-du-lich-thai-lan-tu-tuc.docx","/Users/huynhtronghieu/Documents/thericetour/nucuoimekong_blog_data/all_posts/483_kinh-nghiem-du-lich-thai-lan-tu-tuc.md"
484,"Ga An Thới – Check in “Đấu Trường La Mã” phiên bản Việt 2026","Điểm du lịch nổi tiếng",2025-06-16,Phase 3,"https://nucuoimekong.com/ga-an-thoi-phu-quoc","/Users/huynhtronghieu/Documents/thericetour/nucuoimekong_blog_data/all_docx/484_ga-an-thoi-phu-quoc.docx","/Users/huynhtronghieu/Documents/thericetour/nucuoimekong_blog_data/all_posts/484_ga-an-thoi-phu-quoc.md"
485,"Du lịch Nhật Bản Tự Túc – Hướng dẫn du lịch xứ sở hoa anh đào (2026)","Khám phá và trải nghiệm",2025-06-16,Phase 3,"https://nucuoimekong.com/kinh-nghiem-du-lich-nhat-ban-tu-tuc","/Users/huynhtronghieu/Documents/thericetour/nucuoimekong_blog_data/all_docx/485_kinh-nghiem-du-lich-nhat-ban-tu-tuc.docx","/Users/huynhtronghieu/Documents/thericetour/nucuoimekong_blog_data/all_posts/485_kinh-nghiem-du-lich-nhat-ban-tu-tuc.md"
486,"Pattaya Thái Lan – Kinh nghiệm du lịch Pattaya mới nhất","Khám phá và trải nghiệm",2025-06-16,Phase 3,"https://nucuoimekong.com/pattaya-thai-lan","/Users/huynhtronghieu/Documents/thericetour/nucuoimekong_blog_data/all_docx/486_pattaya-thai-lan.docx","/Users/huynhtronghieu/Documents/thericetour/nucuoimekong_blog_data/all_posts/486_pattaya-thai-lan.md"
487,"Thạch Động Hà Tiên – Truyền thuyết động Thạch Sanh bí ẩn (2026)","Điểm du lịch nổi tiếng",2025-06-16,Phase 3,"https://nucuoimekong.com/thach-dong-ha-tien","/Users/huynhtronghieu/Documents/thericetour/nucuoimekong_blog_data/all_docx/487_thach-dong-ha-tien.docx","/Users/huynhtronghieu/Documents/thericetour/nucuoimekong_blog_data/all_posts/487_thach-dong-ha-tien.md"
488,"Kinh nghiệm du lịch Malaysia tự túc từ A đến Z (2026)","Khám phá và trải nghiệm",2025-06-16,Phase 3,"https://nucuoimekong.com/kinh-nghiem-du-lich-malaysia-tu-tuc","/Users/huynhtronghieu/Documents/thericetour/nucuoimekong_blog_data/all_docx/488_kinh-nghiem-du-lich-malaysia-tu-tuc.docx","/Users/huynhtronghieu/Documents/thericetour/nucuoimekong_blog_data/all_posts/488_kinh-nghiem-du-lich-malaysia-tu-tuc.md"
489,"Thác Datanla Đà Lạt – Ăn chơi quên lối về tại thác Datanla (2026)","Điểm du lịch nổi tiếng",2025-06-15,Phase 3,"https://nucuoimekong.com/thac-datanla-da-lat","/Users/huynhtronghieu/Documents/thericetour/nucuoimekong_blog_data/all_docx/489_thac-datanla-da-lat.docx","/Users/huynhtronghieu/Documents/thericetour/nucuoimekong_blog_data/all_posts/489_thac-datanla-da-lat.md"
490,"QUE Garden Đà Lạt – “Tiểu Nhật Bản” đẹp không góc chết (2026)","Điểm du lịch nổi tiếng",2025-06-15,Phase 3,"https://nucuoimekong.com/que-garden-da-lat","/Users/huynhtronghieu/Documents/thericetour/nucuoimekong_blog_data/all_docx/490_que-garden-da-lat.docx","/Users/huynhtronghieu/Documents/thericetour/nucuoimekong_blog_data/all_posts/490_que-garden-da-lat.md"
491,"Chùa Koh Kas – Cổng trời cổ giữa khoảng trời An Giang (2026)","Điểm du lịch nổi tiếng",2025-06-15,Phase 3,"https://nucuoimekong.com/chua-koh-kas-cong-troi-tri-ton-an-giang","/Users/huynhtronghieu/Documents/thericetour/nucuoimekong_blog_data/all_docx/491_chua-koh-kas-cong-troi-tri-ton-an-giang.docx","/Users/huynhtronghieu/Documents/thericetour/nucuoimekong_blog_data/all_posts/491_chua-koh-kas-cong-troi-tri-ton-an-giang.md"
492,"Làng chài Hàm Ninh – Làng chài nổi tiếng nhất Phú Quốc (2026)","Điểm du lịch nổi tiếng",2025-06-15,Phase 3,"https://nucuoimekong.com/lang-chai-ham-ninh-phu-quoc","/Users/huynhtronghieu/Documents/thericetour/nucuoimekong_blog_data/all_docx/492_lang-chai-ham-ninh-phu-quoc.docx","/Users/huynhtronghieu/Documents/thericetour/nucuoimekong_blog_data/all_posts/492_lang-chai-ham-ninh-phu-quoc.md"
493,"Kinh nghiệm du lịch Tràng An Ninh Bình chi tiết từ A-Z","Điểm du lịch nổi tiếng",2025-06-15,Phase 3,"https://nucuoimekong.com/kinh-nghiem-du-lich-trang-an-ninh-binh","/Users/huynhtronghieu/Documents/thericetour/nucuoimekong_blog_data/all_docx/493_kinh-nghiem-du-lich-trang-an-ninh-binh.docx","/Users/huynhtronghieu/Documents/thericetour/nucuoimekong_blog_data/all_posts/493_kinh-nghiem-du-lich-trang-an-ninh-binh.md"
494,"Du lịch Bhutan – Tất tần tật kinh nghiệm du lịch Bhutan tự túc","Khám phá và trải nghiệm",2025-06-15,Phase 3,"https://nucuoimekong.com/kinh-nghiem-du-lich-bhutan","/Users/huynhtronghieu/Documents/thericetour/nucuoimekong_blog_data/all_docx/494_kinh-nghiem-du-lich-bhutan.docx","/Users/huynhtronghieu/Documents/thericetour/nucuoimekong_blog_data/all_posts/494_kinh-nghiem-du-lich-bhutan.md"
495,"Vườn trái cây Ba Cống – Vườn trái cây đẹp nhất Cần Thơ","Điểm du lịch nổi tiếng",2025-06-15,Phase 3,"https://nucuoimekong.com/vuon-trai-cay-ba-cong","/Users/huynhtronghieu/Documents/thericetour/nucuoimekong_blog_data/all_docx/495_vuon-trai-cay-ba-cong.docx","/Users/huynhtronghieu/Documents/thericetour/nucuoimekong_blog_data/all_posts/495_vuon-trai-cay-ba-cong.md"
496,"Đặc sản Hòn Sơn – Top 9 món ăn được yêu thích nhất 2026","Toplist; Đặc sản địa phương",2025-06-15,Phase 3,"https://nucuoimekong.com/dac-san-hon-son","/Users/huynhtronghieu/Documents/thericetour/nucuoimekong_blog_data/all_docx/496_dac-san-hon-son.docx","/Users/huynhtronghieu/Documents/thericetour/nucuoimekong_blog_data/all_posts/496_dac-san-hon-son.md"
497,"Hồ Tây Hà Nội – Trải nghiệm du lịch “Thủ đô” thú vị","Điểm du lịch nổi tiếng",2025-06-15,Phase 3,"https://nucuoimekong.com/ho-tay-ha-noi","/Users/huynhtronghieu/Documents/thericetour/nucuoimekong_blog_data/all_docx/497_ho-tay-ha-noi.docx","/Users/huynhtronghieu/Documents/thericetour/nucuoimekong_blog_data/all_posts/497_ho-tay-ha-noi.md"
498,"Bún quậy Phú Quốc – Đặc sản nổi tiếng trứ danh đảo ngọc (2026)","Đặc sản địa phương",2025-06-15,Phase 3,"https://nucuoimekong.com/bun-quay-phu-quoc","/Users/huynhtronghieu/Documents/thericetour/nucuoimekong_blog_data/all_docx/498_bun-quay-phu-quoc.docx","/Users/huynhtronghieu/Documents/thericetour/nucuoimekong_blog_data/all_posts/498_bun-quay-phu-quoc.md"
499,"Chùa Ngọc Hoàng – Vãn cảnh ngôi chùa linh thiêng Sài Gòn","Điểm du lịch nổi tiếng",2025-06-15,Phase 3,"https://nucuoimekong.com/chua-ngoc-hoang-o-sai-gon","/Users/huynhtronghieu/Documents/thericetour/nucuoimekong_blog_data/all_docx/499_chua-ngoc-hoang-o-sai-gon.docx","/Users/huynhtronghieu/Documents/thericetour/nucuoimekong_blog_data/all_posts/499_chua-ngoc-hoang-o-sai-gon.md"
500,"Tam Cốc Ninh Bình – Kinh nghiệm du lịch tự túc từ A-Z (2026)","Điểm du lịch nổi tiếng",2025-06-15,Phase 3,"https://nucuoimekong.com/tam-coc-ninh-binh","/Users/huynhtronghieu/Documents/thericetour/nucuoimekong_blog_data/all_docx/500_tam-coc-ninh-binh.docx","/Users/huynhtronghieu/Documents/thericetour/nucuoimekong_blog_data/all_posts/500_tam-coc-ninh-binh.md"
501,"Hồ Dầu Tiếng Tây Ninh – Hồ thủy lợi lớn nhất Đông Nam Á","Điểm du lịch nổi tiếng",2025-06-15,Phase 3,"https://nucuoimekong.com/ho-dau-tieng-tay-ninh","/Users/huynhtronghieu/Documents/thericetour/nucuoimekong_blog_data/all_docx/501_ho-dau-tieng-tay-ninh.docx","/Users/huynhtronghieu/Documents/thericetour/nucuoimekong_blog_data/all_posts/501_ho-dau-tieng-tay-ninh.md"
502,"Kinh nghiệm du lịch Thụy Sĩ – Thiên đường du lịch Châu Âu","Khám phá và trải nghiệm",2025-06-14,Phase 3,"https://nucuoimekong.com/kinh-nghiem-du-lich-thuy-si","/Users/huynhtronghieu/Documents/thericetour/nucuoimekong_blog_data/all_docx/502_kinh-nghiem-du-lich-thuy-si.docx","/Users/huynhtronghieu/Documents/thericetour/nucuoimekong_blog_data/all_posts/502_kinh-nghiem-du-lich-thuy-si.md"
503,"Tòa Thánh Tây Ninh – “Kì quan kiến trúc” tôn giáo Cao Đài","Điểm du lịch nổi tiếng",2025-06-14,Phase 3,"https://nucuoimekong.com/toa-thanh-tay-ninh-dao-cao-dai","/Users/huynhtronghieu/Documents/thericetour/nucuoimekong_blog_data/all_docx/503_toa-thanh-tay-ninh-dao-cao-dai.docx","/Users/huynhtronghieu/Documents/thericetour/nucuoimekong_blog_data/all_posts/503_toa-thanh-tay-ninh-dao-cao-dai.md"
504,"Chùa Giác Hoa – Viếng ngôi chùa kiến trúc đẹp tại Bạc Liêu (2026)","Điểm du lịch nổi tiếng",2025-06-14,Phase 3,"https://nucuoimekong.com/chua-giac-hoa-bac-lieu","/Users/huynhtronghieu/Documents/thericetour/nucuoimekong_blog_data/all_docx/504_chua-giac-hoa-bac-lieu.docx","/Users/huynhtronghieu/Documents/thericetour/nucuoimekong_blog_data/all_posts/504_chua-giac-hoa-bac-lieu.md"
505,"Thung lũng tình yêu – Check in điểm hẹn hò trứ danh ở Đà Lạt","Điểm du lịch nổi tiếng",2025-06-14,Phase 3,"https://nucuoimekong.com/thung-lung-tinh-yeu-da-lat","/Users/huynhtronghieu/Documents/thericetour/nucuoimekong_blog_data/all_docx/505_thung-lung-tinh-yeu-da-lat.docx","/Users/huynhtronghieu/Documents/thericetour/nucuoimekong_blog_data/all_posts/505_thung-lung-tinh-yeu-da-lat.md"
506,"Biển Bình Đại Bến Tre – Vùng biển yên bình tại miền Tây (2026)","Điểm du lịch nổi tiếng",2025-06-14,Phase 3,"https://nucuoimekong.com/bien-binh-dai-ben-tre","/Users/huynhtronghieu/Documents/thericetour/nucuoimekong_blog_data/all_docx/506_bien-binh-dai-ben-tre.docx","/Users/huynhtronghieu/Documents/thericetour/nucuoimekong_blog_data/all_posts/506_bien-binh-dai-ben-tre.md"
507,"Chùa Vạn Phước Bến Tre – Ngôi chùa đẹp tựa tiên cảnh (2026)","Điểm du lịch nổi tiếng",2025-06-14,Phase 3,"https://nucuoimekong.com/chua-van-phuoc-ben-tre","/Users/huynhtronghieu/Documents/thericetour/nucuoimekong_blog_data/all_docx/507_chua-van-phuoc-ben-tre.docx","/Users/huynhtronghieu/Documents/thericetour/nucuoimekong_blog_data/all_posts/507_chua-van-phuoc-ben-tre.md"
508,"Cù lao Tân Lộc – Khám phá “đảo Đài Loan” độc lạ miền Tây (2026)","Điểm du lịch nổi tiếng",2025-06-14,Phase 3,"https://nucuoimekong.com/cu-lao-tan-loc","/Users/huynhtronghieu/Documents/thericetour/nucuoimekong_blog_data/all_docx/508_cu-lao-tan-loc.docx","/Users/huynhtronghieu/Documents/thericetour/nucuoimekong_blog_data/all_posts/508_cu-lao-tan-loc.md"
509,"Chùa Phước Thành – Tượng Phật Tổ A Di Đà lớn nhất Việt Nam","Điểm du lịch nổi tiếng",2025-06-14,Phase 3,"https://nucuoimekong.com/chua-phuoc-thanh-an-giang","/Users/huynhtronghieu/Documents/thericetour/nucuoimekong_blog_data/all_docx/509_chua-phuoc-thanh-an-giang.docx","/Users/huynhtronghieu/Documents/thericetour/nucuoimekong_blog_data/all_posts/509_chua-phuoc-thanh-an-giang.md"
510,"Kinh nghiệm du lịch Ý tự túc từ A đến Z – Khám phá Italia tuyệt đẹp","Khám phá và trải nghiệm",2025-06-14,Phase 3,"https://nucuoimekong.com/kinh-nghiem-du-lich-y","/Users/huynhtronghieu/Documents/thericetour/nucuoimekong_blog_data/all_docx/510_kinh-nghiem-du-lich-y.docx","/Users/huynhtronghieu/Documents/thericetour/nucuoimekong_blog_data/all_posts/510_kinh-nghiem-du-lich-y.md"
511,"Rượu sim Phú Quốc – Đặc sản trứ danh Phú Quốc (2026)","Đặc sản địa phương",2025-06-14,Phase 3,"https://nucuoimekong.com/ruou-sim-phu-quoc","/Users/huynhtronghieu/Documents/thericetour/nucuoimekong_blog_data/all_docx/511_ruou-sim-phu-quoc.docx","/Users/huynhtronghieu/Documents/thericetour/nucuoimekong_blog_data/all_posts/511_ruou-sim-phu-quoc.md"
512,"Khu du lịch Làng bè Bến Tre – “Vi vu” cuối tuần cùng hội bạn thân","Điểm du lịch nổi tiếng",2025-06-14,Phase 3,"https://nucuoimekong.com/khu-du-lich-lang-be-ben-tre","/Users/huynhtronghieu/Documents/thericetour/nucuoimekong_blog_data/all_docx/512_khu-du-lich-lang-be-ben-tre.docx","/Users/huynhtronghieu/Documents/thericetour/nucuoimekong_blog_data/all_posts/512_khu-du-lich-lang-be-ben-tre.md"
513,"Bãi Dài Phú Quốc – thiên đường biển nguyên sơ hút hồn du khách","Điểm du lịch nổi tiếng",2025-06-14,Phase 3,"https://nucuoimekong.com/bai-dai-phu-quoc","/Users/huynhtronghieu/Documents/thericetour/nucuoimekong_blog_data/all_docx/513_bai-dai-phu-quoc.docx","/Users/huynhtronghieu/Documents/thericetour/nucuoimekong_blog_data/all_posts/513_bai-dai-phu-quoc.md"
514,"Kinh nghiệm du lịch Hàn Quốc tự túc – Đi đâu, ăn gì, chơi gì ở SEOUL?","Khám phá và trải nghiệm",2025-06-14,Phase 3,"https://nucuoimekong.com/kinh-nghiem-du-lich-han-quoc-tu-tuc","/Users/huynhtronghieu/Documents/thericetour/nucuoimekong_blog_data/all_docx/514_kinh-nghiem-du-lich-han-quoc-tu-tuc.docx","/Users/huynhtronghieu/Documents/thericetour/nucuoimekong_blog_data/all_posts/514_kinh-nghiem-du-lich-han-quoc-tu-tuc.md"
515,"Đảo san hô Coral – Tham quan đảo san hô cực đẹp tại Pattaya Thái Lan","Điểm du lịch nổi tiếng",2025-06-14,Phase 3,"https://nucuoimekong.com/dao-san-ho-coral-thai-lan","/Users/huynhtronghieu/Documents/thericetour/nucuoimekong_blog_data/all_docx/515_dao-san-ho-coral-thai-lan.docx","/Users/huynhtronghieu/Documents/thericetour/nucuoimekong_blog_data/all_posts/515_dao-san-ho-coral-thai-lan.md"
516,"Hồ Tuyền Lâm – Khám phá nét đặc trưng “nàng thơ” của Đà Lạt","Điểm du lịch nổi tiếng",2025-06-13,Phase 3,"https://nucuoimekong.com/ho-tuyen-lam-da-lat","/Users/huynhtronghieu/Documents/thericetour/nucuoimekong_blog_data/all_docx/516_ho-tuyen-lam-da-lat.docx","/Users/huynhtronghieu/Documents/thericetour/nucuoimekong_blog_data/all_posts/516_ho-tuyen-lam-da-lat.md"
517,"Quảng trường Lâm Viên – Khám phá “trái tim” Đà Lạt ngàn hoa","Điểm du lịch nổi tiếng",2025-06-13,Phase 3,"https://nucuoimekong.com/quang-truong-lam-vien-da-lat","/Users/huynhtronghieu/Documents/thericetour/nucuoimekong_blog_data/all_docx/517_quang-truong-lam-vien-da-lat.docx","/Users/huynhtronghieu/Documents/thericetour/nucuoimekong_blog_data/all_posts/517_quang-truong-lam-vien-da-lat.md"
518,"Top 15 quán phở bò ngon ở Cần Thơ – Đậm đà hương vị miền Tây","Review ẩm thực; Toplist",2025-06-13,Phase 3,"https://nucuoimekong.com/quan-pho-bo-ngon-o-can-tho","/Users/huynhtronghieu/Documents/thericetour/nucuoimekong_blog_data/all_docx/518_quan-pho-bo-ngon-o-can-tho.docx","/Users/huynhtronghieu/Documents/thericetour/nucuoimekong_blog_data/all_posts/518_quan-pho-bo-ngon-o-can-tho.md"
519,"Tàu cao tốc Hòa Bình SHIP – Lựa chọn hoàn hảo cho chuyến đi","Vé tàu",2025-06-13,Phase 3,"https://nucuoimekong.com/tau-cao-toc-hoa-binh-ship-su-lua-chon-hoan-hao","/Users/huynhtronghieu/Documents/thericetour/nucuoimekong_blog_data/all_docx/519_tau-cao-toc-hoa-binh-ship-su-lua-chon-hoan-hao.docx","/Users/huynhtronghieu/Documents/thericetour/nucuoimekong_blog_data/all_posts/519_tau-cao-toc-hoa-binh-ship-su-lua-chon-hoan-hao.md"
520,"Phố đi bộ Bùi Viện – Con đường không ngủ ở Sài Thành 2026","Điểm du lịch nổi tiếng",2025-06-13,Phase 3,"https://nucuoimekong.com/pho-di-bo-bui-vien-sai-gon","/Users/huynhtronghieu/Documents/thericetour/nucuoimekong_blog_data/all_docx/520_pho-di-bo-bui-vien-sai-gon.docx","/Users/huynhtronghieu/Documents/thericetour/nucuoimekong_blog_data/all_posts/520_pho-di-bo-bui-vien-sai-gon.md"
521,"Kinh nghiệm du lịch Đức từ A đến Z – Nước Đức có gì chơi","Khám phá và trải nghiệm",2025-06-13,Phase 3,"https://nucuoimekong.com/kinh-nghiem-du-lich-duc","/Users/huynhtronghieu/Documents/thericetour/nucuoimekong_blog_data/all_docx/521_kinh-nghiem-du-lich-duc.docx","/Users/huynhtronghieu/Documents/thericetour/nucuoimekong_blog_data/all_posts/521_kinh-nghiem-du-lich-duc.md"
522,"Chùa Huỳnh Đạo Châu Đốc – Khám phá ngôi chùa tuyệt đẹp","Điểm du lịch nổi tiếng",2025-06-13,Phase 3,"https://nucuoimekong.com/chua-huynh-dao-chau-doc","/Users/huynhtronghieu/Documents/thericetour/nucuoimekong_blog_data/all_docx/522_chua-huynh-dao-chau-doc.docx","/Users/huynhtronghieu/Documents/thericetour/nucuoimekong_blog_data/all_posts/522_chua-huynh-dao-chau-doc.md"
523,"Đảo Điệp Sơn Nha Trang – Bí kíp đi đảo tự túc, chi tiết nhất 2026","Điểm du lịch nổi tiếng",2025-06-13,Phase 3,"https://nucuoimekong.com/dao-diep-son-nha-trang","/Users/huynhtronghieu/Documents/thericetour/nucuoimekong_blog_data/all_docx/523_dao-diep-son-nha-trang.docx","/Users/huynhtronghieu/Documents/thericetour/nucuoimekong_blog_data/all_posts/523_dao-diep-son-nha-trang.md"
524,"Thiền viện Trúc Lâm Hậu Giang – Điểm đến tâm linh ở miền Tây","Điểm du lịch nổi tiếng",2025-06-13,Phase 3,"https://nucuoimekong.com/thien-vien-truc-lam-hau-giang","/Users/huynhtronghieu/Documents/thericetour/nucuoimekong_blog_data/all_docx/524_thien-vien-truc-lam-hau-giang.docx","/Users/huynhtronghieu/Documents/thericetour/nucuoimekong_blog_data/all_posts/524_thien-vien-truc-lam-hau-giang.md"
525,"Nhà Mồ Ba Chúc – Chứng tích chiến tranh biên giới Tây Nam","Điểm du lịch nổi tiếng",2025-06-13,Phase 3,"https://nucuoimekong.com/nha-mo-ba-chuc-an-giang","/Users/huynhtronghieu/Documents/thericetour/nucuoimekong_blog_data/all_docx/525_nha-mo-ba-chuc-an-giang.docx","/Users/huynhtronghieu/Documents/thericetour/nucuoimekong_blog_data/all_posts/525_nha-mo-ba-chuc-an-giang.md"
526,"Kombi Land Đà Lạt – Vương Quốc Xương Rồng cực hot (2026)","Điểm du lịch nổi tiếng",2025-06-13,Phase 3,"https://nucuoimekong.com/kombi-land-da-lat","/Users/huynhtronghieu/Documents/thericetour/nucuoimekong_blog_data/all_docx/526_kombi-land-da-lat.docx","/Users/huynhtronghieu/Documents/thericetour/nucuoimekong_blog_data/all_posts/526_kombi-land-da-lat.md"
527,"Chùm tour ghép miền Tây dịp lễ 2/9/2026 | Từ Cần Thơ và Sài Gòn","Toplist",2025-06-13,Phase 3,"https://nucuoimekong.com/bang-gia-chum-tour-ghep-mien-tay-dip-le-2-9-2023","/Users/huynhtronghieu/Documents/thericetour/nucuoimekong_blog_data/all_docx/527_bang-gia-chum-tour-ghep-mien-tay-dip-le-2-9-2023.docx","/Users/huynhtronghieu/Documents/thericetour/nucuoimekong_blog_data/all_posts/527_bang-gia-chum-tour-ghep-mien-tay-dip-le-2-9-2023.md"
528,"Chèo SUP ở Cần Thơ – Môn thể thao sông nước hấp dẫn (2026)","Khám phá và trải nghiệm",2025-06-12,Phase 3,"https://nucuoimekong.com/cheo-sup-o-can-tho","/Users/huynhtronghieu/Documents/thericetour/nucuoimekong_blog_data/all_docx/528_cheo-sup-o-can-tho.docx","/Users/huynhtronghieu/Documents/thericetour/nucuoimekong_blog_data/all_posts/528_cheo-sup-o-can-tho.md"
529,"Vườn trái cây Vĩnh Long – “Bật mí” 4 địa điểm “hot” nhất Vĩnh Long","Điểm du lịch nổi tiếng",2025-06-12,Phase 3,"https://nucuoimekong.com/vuon-trai-cay-vinh-long","/Users/huynhtronghieu/Documents/thericetour/nucuoimekong_blog_data/all_docx/529_vuon-trai-cay-vinh-long.docx","/Users/huynhtronghieu/Documents/thericetour/nucuoimekong_blog_data/all_posts/529_vuon-trai-cay-vinh-long.md"
530,"Nhà thờ Đức Bà Sài Gòn – Kiến trúc cổ giữa lòng đô thị","Điểm du lịch nổi tiếng",2025-06-12,Phase 3,"https://nucuoimekong.com/nha-tho-duc-ba-sai-gon","/Users/huynhtronghieu/Documents/thericetour/nucuoimekong_blog_data/all_docx/530_nha-tho-duc-ba-sai-gon.docx","/Users/huynhtronghieu/Documents/thericetour/nucuoimekong_blog_data/all_posts/530_nha-tho-duc-ba-sai-gon.md"
531,"Nhà thờ Tân Định – Giáo xứ màu hồng đẹp nhất Sài Gòn (2026)","Điểm du lịch nổi tiếng",2025-06-12,Phase 3,"https://nucuoimekong.com/nha-tho-tan-dinh","/Users/huynhtronghieu/Documents/thericetour/nucuoimekong_blog_data/all_docx/531_nha-tho-tan-dinh.docx","/Users/huynhtronghieu/Documents/thericetour/nucuoimekong_blog_data/all_posts/531_nha-tho-tan-dinh.md"
532,"Đầm sen Tam Đa Quận 9 – Cảnh đẹp “hút hồn” ở Sài Gòn (2026)","Điểm du lịch nổi tiếng",2025-06-12,Phase 3,"https://nucuoimekong.com/dam-sen-tam-da-quan-9","/Users/huynhtronghieu/Documents/thericetour/nucuoimekong_blog_data/all_docx/532_dam-sen-tam-da-quan-9.docx","/Users/huynhtronghieu/Documents/thericetour/nucuoimekong_blog_data/all_posts/532_dam-sen-tam-da-quan-9.md"
533,"Ngày hội làm hộ chiếu miễn phí tại Nụ Cười Mê Kông: làm passport nhanh chóng, uy tín","Tin tức",2025-06-12,Phase 3,"https://nucuoimekong.com/ngay-hoi-lam-ho-chieu-mien-phi-can-tho","/Users/huynhtronghieu/Documents/thericetour/nucuoimekong_blog_data/all_docx/533_ngay-hoi-lam-ho-chieu-mien-phi-can-tho.docx","/Users/huynhtronghieu/Documents/thericetour/nucuoimekong_blog_data/all_posts/533_ngay-hoi-lam-ho-chieu-mien-phi-can-tho.md"
534,"Nên đi Hòn Sơn hay Nam Du? So sánh chi tiết & kinh nghiệm thực tế","Khám phá và trải nghiệm",2025-06-12,Phase 3,"https://nucuoimekong.com/nen-di-hon-son-hay-nam-du-so-sanh-chi-tiet","/Users/huynhtronghieu/Documents/thericetour/nucuoimekong_blog_data/all_docx/534_nen-di-hon-son-hay-nam-du-so-sanh-chi-tiet.docx","/Users/huynhtronghieu/Documents/thericetour/nucuoimekong_blog_data/all_posts/534_nen-di-hon-son-hay-nam-du-so-sanh-chi-tiet.md"
535,"Chùa Phật Học 2 – Ngôi chùa uy nghiêm tại Sóc Trăng (2026)","Điểm du lịch nổi tiếng",2025-06-11,Phase 3,"https://nucuoimekong.com/chua-phat-hoc-2-soc-trang","/Users/huynhtronghieu/Documents/thericetour/nucuoimekong_blog_data/all_docx/535_chua-phat-hoc-2-soc-trang.docx","/Users/huynhtronghieu/Documents/thericetour/nucuoimekong_blog_data/all_posts/535_chua-phat-hoc-2-soc-trang.md"
536,"Vũng Tàu ăn gì ngon? Top 15+ món ăn bạn phải thử (2026)","Toplist; Đặc sản địa phương",2025-06-11,Phase 3,"https://nucuoimekong.com/vung-tau-an-gi-ngon","/Users/huynhtronghieu/Documents/thericetour/nucuoimekong_blog_data/all_docx/536_vung-tau-an-gi-ngon.docx","/Users/huynhtronghieu/Documents/thericetour/nucuoimekong_blog_data/all_posts/536_vung-tau-an-gi-ngon.md"
537,"Cồn Phụng Bến Tre – Khám phá “Cù lao Đạo dừa” 2026","Điểm du lịch nổi tiếng",2025-06-11,Phase 3,"https://nucuoimekong.com/con-phung-ben-tre","/Users/huynhtronghieu/Documents/thericetour/nucuoimekong_blog_data/all_docx/537_con-phung-ben-tre.docx","/Users/huynhtronghieu/Documents/thericetour/nucuoimekong_blog_data/all_posts/537_con-phung-ben-tre.md"
538,"Nhà hát lớn Hà Nội – Công trình 100 năm tại lòng thủ đô","Điểm du lịch nổi tiếng",2025-06-11,Phase 3,"https://nucuoimekong.com/nha-hat-lon-ha-noi","/Users/huynhtronghieu/Documents/thericetour/nucuoimekong_blog_data/all_docx/538_nha-hat-lon-ha-noi.docx","/Users/huynhtronghieu/Documents/thericetour/nucuoimekong_blog_data/all_posts/538_nha-hat-lon-ha-noi.md"
539,"Đặc sản Trà Vinh – Thưởng thức Top 18 món ăn hấp dẫn nhất Trà Vinh","Toplist; Đặc sản địa phương",2025-06-11,Phase 3,"https://nucuoimekong.com/dac-san-tra-vinh","/Users/huynhtronghieu/Documents/thericetour/nucuoimekong_blog_data/all_docx/539_dac-san-tra-vinh.docx","/Users/huynhtronghieu/Documents/thericetour/nucuoimekong_blog_data/all_posts/539_dac-san-tra-vinh.md"
540,"Thác Pongour – Choáng ngợp trước vẻ kỳ vĩ của thác 7 tầng","Điểm du lịch nổi tiếng",2025-06-11,Phase 3,"https://nucuoimekong.com/thac-pongour-da-lat","/Users/huynhtronghieu/Documents/thericetour/nucuoimekong_blog_data/all_docx/540_thac-pongour-da-lat.docx","/Users/huynhtronghieu/Documents/thericetour/nucuoimekong_blog_data/all_posts/540_thac-pongour-da-lat.md"
541,"Nhà thờ Con Gà – Khám phá vẻ đẹp cổ kính giữa lòng Đà Lạt","Điểm du lịch nổi tiếng",2025-06-11,Phase 3,"https://nucuoimekong.com/nha-tho-con-ga-da-lat","/Users/huynhtronghieu/Documents/thericetour/nucuoimekong_blog_data/all_docx/541_nha-tho-con-ga-da-lat.docx","/Users/huynhtronghieu/Documents/thericetour/nucuoimekong_blog_data/all_posts/541_nha-tho-con-ga-da-lat.md"
542,"Chùa Ve Chai – Ngôi chùa gây ấn tượng không chỉ bởi cái tên","Điểm du lịch nổi tiếng",2025-06-11,Phase 3,"https://nucuoimekong.com/chua-ve-chai-da-lat","/Users/huynhtronghieu/Documents/thericetour/nucuoimekong_blog_data/all_docx/542_chua-ve-chai-da-lat.docx","/Users/huynhtronghieu/Documents/thericetour/nucuoimekong_blog_data/all_posts/542_chua-ve-chai-da-lat.md"
543,"Kinh nghiệm du lịch Biển Sầm Sơn Thanh Hoá từ A-Z năm 2026","Điểm du lịch nổi tiếng",2025-06-11,Phase 3,"https://nucuoimekong.com/bien-sam-son-thanh-hoa","/Users/huynhtronghieu/Documents/thericetour/nucuoimekong_blog_data/all_docx/543_bien-sam-son-thanh-hoa.docx","/Users/huynhtronghieu/Documents/thericetour/nucuoimekong_blog_data/all_posts/543_bien-sam-son-thanh-hoa.md"
544,"Combo Phú Quốc 3 ngày 2 đêm từ Cần Thơ tháng 7, 8, 9","Combo du lịch",2025-06-11,Phase 3,"https://nucuoimekong.com/combo-phu-quoc-3-ngay-2-dem","/Users/huynhtronghieu/Documents/thericetour/nucuoimekong_blog_data/all_docx/544_combo-phu-quoc-3-ngay-2-dem.docx","/Users/huynhtronghieu/Documents/thericetour/nucuoimekong_blog_data/all_posts/544_combo-phu-quoc-3-ngay-2-dem.md"
545,"Kinh nghiệm du lịch Huế – Trở về xứ Huế “mộng mơ” 2026","Khám phá và trải nghiệm",2025-06-10,Phase 3,"https://nucuoimekong.com/kinh-nghiem-du-lich-hue","/Users/huynhtronghieu/Documents/thericetour/nucuoimekong_blog_data/all_docx/545_kinh-nghiem-du-lich-hue.docx","/Users/huynhtronghieu/Documents/thericetour/nucuoimekong_blog_data/all_posts/545_kinh-nghiem-du-lich-hue.md"
546,"Vườn quốc gia Côn Đảo – Kinh nghiệm khám phá hay nhất","Điểm du lịch nổi tiếng",2025-06-10,Phase 3,"https://nucuoimekong.com/vuon-quoc-gia-con-dao","/Users/huynhtronghieu/Documents/thericetour/nucuoimekong_blog_data/all_docx/546_vuon-quoc-gia-con-dao.docx","/Users/huynhtronghieu/Documents/thericetour/nucuoimekong_blog_data/all_posts/546_vuon-quoc-gia-con-dao.md"
547,"Chùa Một Cột – “Kiệt tác” kiến trúc đầy ấn tượng ở Hà Nội (2026)","Điểm du lịch nổi tiếng",2025-06-10,Phase 3,"https://nucuoimekong.com/chua-mot-cot-ha-noi","/Users/huynhtronghieu/Documents/thericetour/nucuoimekong_blog_data/all_docx/547_chua-mot-cot-ha-noi.docx","/Users/huynhtronghieu/Documents/thericetour/nucuoimekong_blog_data/all_posts/547_chua-mot-cot-ha-noi.md"
548,"Mũi Nai Hà Tiên – Điểm đến lý tưởng tại Kiên Giang (2026)","Điểm du lịch nổi tiếng",2025-06-10,Phase 3,"https://nucuoimekong.com/bien-mui-nai-ha-tien-kien-giang","/Users/huynhtronghieu/Documents/thericetour/nucuoimekong_blog_data/all_docx/548_bien-mui-nai-ha-tien-kien-giang.docx","/Users/huynhtronghieu/Documents/thericetour/nucuoimekong_blog_data/all_posts/548_bien-mui-nai-ha-tien-kien-giang.md"
549,"Top 32 quán cafe đẹp ở Cần Thơ – Check in sống ảo cực chất","Toplist Cần Thơ",2025-06-10,Phase 3,"https://nucuoimekong.com/nhung-quan-cafe-dep-o-can-tho","/Users/huynhtronghieu/Documents/thericetour/nucuoimekong_blog_data/all_docx/549_nhung-quan-cafe-dep-o-can-tho.docx","/Users/huynhtronghieu/Documents/thericetour/nucuoimekong_blog_data/all_posts/549_nhung-quan-cafe-dep-o-can-tho.md"
550,"Chứng chỉ ESG và SDGs: Hướng dẫn A-Z cho doanh nghiệp bền vững","Phát triển bền vững",2025-06-10,Phase 3,"https://nucuoimekong.com/chung-chi-esg-va-sdgs-huong-dan-a-z-doanh-nghiep","/Users/huynhtronghieu/Documents/thericetour/nucuoimekong_blog_data/all_docx/550_chung-chi-esg-va-sdgs-huong-dan-a-z-doanh-nghiep.docx","/Users/huynhtronghieu/Documents/thericetour/nucuoimekong_blog_data/all_posts/550_chung-chi-esg-va-sdgs-huong-dan-a-z-doanh-nghiep.md"
551,"Bưu điện Thành phố Hồ Chí Minh – điểm đến hấp dẫn (2026)","Điểm du lịch nổi tiếng",2025-06-09,Phase 3,"https://nucuoimekong.com/buu-dien-thanh-pho-ho-chi-minh","/Users/huynhtronghieu/Documents/thericetour/nucuoimekong_blog_data/all_docx/551_buu-dien-thanh-pho-ho-chi-minh.docx","/Users/huynhtronghieu/Documents/thericetour/nucuoimekong_blog_data/all_posts/551_buu-dien-thanh-pho-ho-chi-minh.md"
552,"Hồ Gươm Hà Nội – Vẻ đẹp cổ kính giữa lòng thủ đô 2026","Điểm du lịch nổi tiếng",2025-06-09,Phase 3,"https://nucuoimekong.com/ho-guom-ha-noi","/Users/huynhtronghieu/Documents/thericetour/nucuoimekong_blog_data/all_docx/552_ho-guom-ha-noi.docx","/Users/huynhtronghieu/Documents/thericetour/nucuoimekong_blog_data/all_posts/552_ho-guom-ha-noi.md"
553,"Nụ Cười Mê Kông đồng hành cùng WINK đạp xe lan tỏa nụ cười xanh","Phát triển bền vững; Tin tức",2025-06-09,Phase 3,"https://nucuoimekong.com/nu-cuoi-me-kong-dap-xe-lan-toa-nu-cuoi-xanh","/Users/huynhtronghieu/Documents/thericetour/nucuoimekong_blog_data/all_docx/553_nu-cuoi-me-kong-dap-xe-lan-toa-nu-cuoi-xanh.docx","/Users/huynhtronghieu/Documents/thericetour/nucuoimekong_blog_data/all_posts/553_nu-cuoi-me-kong-dap-xe-lan-toa-nu-cuoi-xanh.md"
554,"Thiền viện Trúc lâm Đà Lạt – Chốn tiên cảnh bình yên","Điểm du lịch nổi tiếng",2025-06-09,Phase 3,"https://nucuoimekong.com/thien-vien-truc-lam-da-lat","/Users/huynhtronghieu/Documents/thericetour/nucuoimekong_blog_data/all_docx/554_thien-vien-truc-lam-da-lat.docx","/Users/huynhtronghieu/Documents/thericetour/nucuoimekong_blog_data/all_posts/554_thien-vien-truc-lam-da-lat.md"
555,"Quay số liền tay – Nhận ngay quà xịn","Tin tức",2025-06-08,Phase 3,"https://nucuoimekong.com/quay-so-lien-tay-nhan-ngay-qua-xin","/Users/huynhtronghieu/Documents/thericetour/nucuoimekong_blog_data/all_docx/555_quay-so-lien-tay-nhan-ngay-qua-xin.docx","/Users/huynhtronghieu/Documents/thericetour/nucuoimekong_blog_data/all_posts/555_quay-so-lien-tay-nhan-ngay-qua-xin.md"
556,"Đặc sản Sóc Trăng – Top 15 món nhất định phải thử (2026)","Toplist; Đặc sản địa phương",2025-06-08,Phase 3,"https://nucuoimekong.com/dac-san-soc-trang","/Users/huynhtronghieu/Documents/thericetour/nucuoimekong_blog_data/all_docx/556_dac-san-soc-trang.docx","/Users/huynhtronghieu/Documents/thericetour/nucuoimekong_blog_data/all_posts/556_dac-san-soc-trang.md"
557,"Đặc sản Tây Ninh – Top món ăn “độc lạ” nhất định phải thử","Đặc sản địa phương",2025-06-07,Phase 3,"https://nucuoimekong.com/dac-san-tay-ninh","/Users/huynhtronghieu/Documents/thericetour/nucuoimekong_blog_data/all_docx/557_dac-san-tay-ninh.docx","/Users/huynhtronghieu/Documents/thericetour/nucuoimekong_blog_data/all_posts/557_dac-san-tay-ninh.md"
558,"Top 40+ quán cà phê đẹp ở Đà Lạt “hút hồn” du khách (2026)","Toplist",2025-06-07,Phase 3,"https://nucuoimekong.com/quan-ca-phe-dep-o-da-lat","/Users/huynhtronghieu/Documents/thericetour/nucuoimekong_blog_data/all_docx/558_quan-ca-phe-dep-o-da-lat.docx","/Users/huynhtronghieu/Documents/thericetour/nucuoimekong_blog_data/all_posts/558_quan-ca-phe-dep-o-da-lat.md"
559,"Thung lũng Mường Hoa Sapa – Thiên đường nơi hạ giới (2026)","Điểm du lịch nổi tiếng",2025-06-07,Phase 3,"https://nucuoimekong.com/thung-lung-muong-hoa-sapa","/Users/huynhtronghieu/Documents/thericetour/nucuoimekong_blog_data/all_docx/559_thung-lung-muong-hoa-sapa.docx","/Users/huynhtronghieu/Documents/thericetour/nucuoimekong_blog_data/all_posts/559_thung-lung-muong-hoa-sapa.md"
560,"Trương Gia Giới Trung Quốc – Lễ vật thiên nhiên ban tặng","Điểm du lịch nổi tiếng",2025-06-07,Phase 3,"https://nucuoimekong.com/truong-gia-gioi-trung-quoc","/Users/huynhtronghieu/Documents/thericetour/nucuoimekong_blog_data/all_docx/560_truong-gia-gioi-trung-quoc.docx","/Users/huynhtronghieu/Documents/thericetour/nucuoimekong_blog_data/all_posts/560_truong-gia-gioi-trung-quoc.md"
561,"Phượng Hoàng cổ trấn – Lạc bước vào cổ trang Trung Quốc","Điểm du lịch nổi tiếng",2025-06-07,Phase 3,"https://nucuoimekong.com/phuong-hoang-co-tran","/Users/huynhtronghieu/Documents/thericetour/nucuoimekong_blog_data/all_docx/561_phuong-hoang-co-tran.docx","/Users/huynhtronghieu/Documents/thericetour/nucuoimekong_blog_data/all_posts/561_phuong-hoang-co-tran.md"
562,"Bánh tét lá cẩm – Đặc sản “trứ danh” nổi tiếng tại Cần Thơ (2026)","Đặc sản địa phương",2025-06-07,Phase 3,"https://nucuoimekong.com/banh-tet-la-cam-can-tho","/Users/huynhtronghieu/Documents/thericetour/nucuoimekong_blog_data/all_docx/562_banh-tet-la-cam-can-tho.docx","/Users/huynhtronghieu/Documents/thericetour/nucuoimekong_blog_data/all_posts/562_banh-tet-la-cam-can-tho.md"
563,"Bến Bạch Đằng Sài Gòn – Nơi hò hẹn lãng mạn nhất","Điểm du lịch nổi tiếng",2025-06-07,Phase 3,"https://nucuoimekong.com/ben-bach-dang-sai-gon","/Users/huynhtronghieu/Documents/thericetour/nucuoimekong_blog_data/all_docx/563_ben-bach-dang-sai-gon.docx","/Users/huynhtronghieu/Documents/thericetour/nucuoimekong_blog_data/all_posts/563_ben-bach-dang-sai-gon.md"
564,"Phố Hàng Mã: Thiên đường đồ trang trí đầy màu sắc của đất Hà Thành","Điểm du lịch nổi tiếng",2025-06-07,Phase 3,"https://nucuoimekong.com/pho-hang-ma-ha-noi","/Users/huynhtronghieu/Documents/thericetour/nucuoimekong_blog_data/all_docx/564_pho-hang-ma-ha-noi.docx","/Users/huynhtronghieu/Documents/thericetour/nucuoimekong_blog_data/all_posts/564_pho-hang-ma-ha-noi.md"
565,"Cổng trời Bali Đà Lạt – Thiên đường sống ảo “chất” như tại Indo","Điểm du lịch nổi tiếng",2025-06-06,Phase 3,"https://nucuoimekong.com/cong-troi-bali-da-lat","/Users/huynhtronghieu/Documents/thericetour/nucuoimekong_blog_data/all_docx/565_cong-troi-bali-da-lat.docx","/Users/huynhtronghieu/Documents/thericetour/nucuoimekong_blog_data/all_posts/565_cong-troi-bali-da-lat.md"
566,"Khu du lịch Gáo Giồng Đồng Tháp – Rừng tràm nguyên sinh","Điểm du lịch nổi tiếng",2025-06-06,Phase 3,"https://nucuoimekong.com/khu-du-lich-gao-giong-dong-thap","/Users/huynhtronghieu/Documents/thericetour/nucuoimekong_blog_data/all_docx/566_khu-du-lich-gao-giong-dong-thap.docx","/Users/huynhtronghieu/Documents/thericetour/nucuoimekong_blog_data/all_posts/566_khu-du-lich-gao-giong-dong-thap.md"
567,"Tòa nhà Bitexco – Độc đáo sân bay trực thăng “lơ lửng” Sài Gòn","Điểm du lịch nổi tiếng",2025-06-06,Phase 3,"https://nucuoimekong.com/toa-nha-bitexco-sai-gon","/Users/huynhtronghieu/Documents/thericetour/nucuoimekong_blog_data/all_docx/567_toa-nha-bitexco-sai-gon.docx","/Users/huynhtronghieu/Documents/thericetour/nucuoimekong_blog_data/all_posts/567_toa-nha-bitexco-sai-gon.md"
568,"Bãi Sau Vũng Tàu – Địa điểm Check-in du lịch nổi tiếng","Điểm du lịch nổi tiếng",2025-06-06,Phase 3,"https://nucuoimekong.com/bai-sau-vung-tau","/Users/huynhtronghieu/Documents/thericetour/nucuoimekong_blog_data/all_docx/568_bai-sau-vung-tau.docx","/Users/huynhtronghieu/Documents/thericetour/nucuoimekong_blog_data/all_posts/568_bai-sau-vung-tau.md"
569,"Tòa nhà Landmark 81 – Chinh phục đỉnh cao tại Sài Gòn 2026","Điểm du lịch nổi tiếng",2025-06-06,Phase 3,"https://nucuoimekong.com/toa-nha-landmark-81","/Users/huynhtronghieu/Documents/thericetour/nucuoimekong_blog_data/all_docx/569_toa-nha-landmark-81.docx","/Users/huynhtronghieu/Documents/thericetour/nucuoimekong_blog_data/all_posts/569_toa-nha-landmark-81.md"
570,"Hòn Tre Kiên Giang – Cẩm nang du lịch Hòn Tre từ A đến Z (2026)","Điểm du lịch nổi tiếng",2025-06-06,Phase 3,"https://nucuoimekong.com/hon-tre-kien-giang","/Users/huynhtronghieu/Documents/thericetour/nucuoimekong_blog_data/all_docx/570_hon-tre-kien-giang.docx","/Users/huynhtronghieu/Documents/thericetour/nucuoimekong_blog_data/all_posts/570_hon-tre-kien-giang.md"
571,"eSIM: Giải pháp kết nối thông minh cho mọi tín đồ du lịch – Ưu đãi Hè 2026 từ Nụ Cười Mê Kông","Dịch vụ",2025-06-06,Phase 3,"https://nucuoimekong.com/esim-du-lich-uu-dai-he-2025","/Users/huynhtronghieu/Documents/thericetour/nucuoimekong_blog_data/all_docx/571_esim-du-lich-uu-dai-he-2025.docx","/Users/huynhtronghieu/Documents/thericetour/nucuoimekong_blog_data/all_posts/571_esim-du-lich-uu-dai-he-2025.md"
572,"Chinh phục đỉnh Fansipan – Nóc nhà Đông Dương huyền thoại","Điểm du lịch nổi tiếng",2025-06-06,Phase 3,"https://nucuoimekong.com/dinh-fansipan","/Users/huynhtronghieu/Documents/thericetour/nucuoimekong_blog_data/all_docx/572_dinh-fansipan.docx","/Users/huynhtronghieu/Documents/thericetour/nucuoimekong_blog_data/all_posts/572_dinh-fansipan.md"
573,"Biển Tân Thành Gò Công – Thiên đường cho “tín đồ” mê hải sản","Điểm du lịch nổi tiếng",2025-06-05,Phase 3,"https://nucuoimekong.com/bien-tan-thanh-go-cong-tien-giang","/Users/huynhtronghieu/Documents/thericetour/nucuoimekong_blog_data/all_docx/573_bien-tan-thanh-go-cong-tien-giang.docx","/Users/huynhtronghieu/Documents/thericetour/nucuoimekong_blog_data/all_posts/573_bien-tan-thanh-go-cong-tien-giang.md"
574,"Chùa Linh Ẩn – Chiêm ngưỡng tượng Quan âm cao nhất Đà Lạt","Điểm du lịch nổi tiếng",2025-06-05,Phase 3,"https://nucuoimekong.com/chua-linh-an-da-lat","/Users/huynhtronghieu/Documents/thericetour/nucuoimekong_blog_data/all_docx/574_chua-linh-an-da-lat.docx","/Users/huynhtronghieu/Documents/thericetour/nucuoimekong_blog_data/all_posts/574_chua-linh-an-da-lat.md"
575,"Khu du lịch lá phong Đà Lạt: Nơi giao thoa văn hóa Việt Nhật","Điểm du lịch nổi tiếng",2025-06-05,Phase 3,"https://nucuoimekong.com/khu-du-lich-la-phong-da-lat","/Users/huynhtronghieu/Documents/thericetour/nucuoimekong_blog_data/all_docx/575_khu-du-lich-la-phong-da-lat.docx","/Users/huynhtronghieu/Documents/thericetour/nucuoimekong_blog_data/all_posts/575_khu-du-lich-la-phong-da-lat.md"
576,"Đặc sản Tiền Giang – Bỏ túi top 28 món ngon phải thử (2026)","Toplist; Đặc sản địa phương",2025-06-05,Phase 3,"https://nucuoimekong.com/dac-san-tien-giang","/Users/huynhtronghieu/Documents/thericetour/nucuoimekong_blog_data/all_docx/576_dac-san-tien-giang.docx","/Users/huynhtronghieu/Documents/thericetour/nucuoimekong_blog_data/all_posts/576_dac-san-tien-giang.md"
577,"Cầu Kính Rồng Mây Sapa – Chiêm Ngưỡng Vẻ Đẹp Tây Bắc (2026)","Điểm du lịch nổi tiếng",2025-06-05,Phase 3,"https://nucuoimekong.com/cau-kinh-rong-may-sapa","/Users/huynhtronghieu/Documents/thericetour/nucuoimekong_blog_data/all_docx/577_cau-kinh-rong-may-sapa.docx","/Users/huynhtronghieu/Documents/thericetour/nucuoimekong_blog_data/all_posts/577_cau-kinh-rong-may-sapa.md"
578,"Bãi Trước Vũng Tàu – Check-in bãi biển đẹp ngút ngàn","Điểm du lịch nổi tiếng",2025-06-05,Phase 3,"https://nucuoimekong.com/bai-truoc-vung-tau","/Users/huynhtronghieu/Documents/thericetour/nucuoimekong_blog_data/all_docx/578_bai-truoc-vung-tau.docx","/Users/huynhtronghieu/Documents/thericetour/nucuoimekong_blog_data/all_posts/578_bai-truoc-vung-tau.md"
579,"Mũi Nghinh Phong Vũng Tàu – Điểm check-in đẹp “ngất ngây”","Điểm du lịch nổi tiếng",2025-06-05,Phase 3,"https://nucuoimekong.com/mui-nghinh-phong-vung-tau","/Users/huynhtronghieu/Documents/thericetour/nucuoimekong_blog_data/all_docx/579_mui-nghinh-phong-vung-tau.docx","/Users/huynhtronghieu/Documents/thericetour/nucuoimekong_blog_data/all_posts/579_mui-nghinh-phong-vung-tau.md"
580,"Thành Nhà Hồ – Tham quan di tích lịch sử nổi tiếng Thanh Hoá","Điểm du lịch nổi tiếng",2025-06-05,Phase 3,"https://nucuoimekong.com/thanh-nha-ho-thanh-hoa","/Users/huynhtronghieu/Documents/thericetour/nucuoimekong_blog_data/all_docx/580_thanh-nha-ho-thanh-hoa.docx","/Users/huynhtronghieu/Documents/thericetour/nucuoimekong_blog_data/all_posts/580_thanh-nha-ho-thanh-hoa.md"
581,"Vườn hồng nhà Tom – “Thiên đường sống ảo” tại Đà Lạt (2026)","Điểm du lịch nổi tiếng",2025-06-05,Phase 3,"https://nucuoimekong.com/vuon-hong-nha-tom-da-lat","/Users/huynhtronghieu/Documents/thericetour/nucuoimekong_blog_data/all_docx/581_vuon-hong-nha-tom-da-lat.docx","/Users/huynhtronghieu/Documents/thericetour/nucuoimekong_blog_data/all_posts/581_vuon-hong-nha-tom-da-lat.md"
582,"Làng Nấm Đà Lạt – Thiên Đường Ẩm Thực Và Trải Nghiệm Độc Đáo","Điểm du lịch nổi tiếng",2025-06-05,Phase 3,"https://nucuoimekong.com/lang-nam-da-lat","/Users/huynhtronghieu/Documents/thericetour/nucuoimekong_blog_data/all_docx/582_lang-nam-da-lat.docx","/Users/huynhtronghieu/Documents/thericetour/nucuoimekong_blog_data/all_posts/582_lang-nam-da-lat.md"
583,"Fresh Garden Đà Lạt – Điểm check in hot Đà Lạt không nên bỏ qua","Điểm du lịch nổi tiếng",2025-06-05,Phase 3,"https://nucuoimekong.com/khu-du-lich-fresh-garden-da-lat","/Users/huynhtronghieu/Documents/thericetour/nucuoimekong_blog_data/all_docx/583_khu-du-lich-fresh-garden-da-lat.docx","/Users/huynhtronghieu/Documents/thericetour/nucuoimekong_blog_data/all_posts/583_khu-du-lich-fresh-garden-da-lat.md"
584,"Cù Lao Chàm – Khu dự trữ sinh quyển” giữa biển khơi","Điểm du lịch nổi tiếng",2025-06-05,Phase 3,"https://nucuoimekong.com/cu-lao-cham","/Users/huynhtronghieu/Documents/thericetour/nucuoimekong_blog_data/all_docx/584_cu-lao-cham.docx","/Users/huynhtronghieu/Documents/thericetour/nucuoimekong_blog_data/all_posts/584_cu-lao-cham.md"
585,"Du lịch Vũng Tàu có gì vui? Check-in 10 điểm đến “hot” nhất","Điểm du lịch nổi tiếng",2025-06-04,Phase 3,"https://nucuoimekong.com/kinh-nghiem-du-lich-vung-tau","/Users/huynhtronghieu/Documents/thericetour/nucuoimekong_blog_data/all_docx/585_kinh-nghiem-du-lich-vung-tau.docx","/Users/huynhtronghieu/Documents/thericetour/nucuoimekong_blog_data/all_posts/585_kinh-nghiem-du-lich-vung-tau.md"
586,"Khu du lịch Hồ Mây – Check-in địa điểm ăn chơi ở Vũng Tàu","Điểm du lịch nổi tiếng",2025-06-04,Phase 3,"https://nucuoimekong.com/khu-du-lich-ho-may-vung-tau","/Users/huynhtronghieu/Documents/thericetour/nucuoimekong_blog_data/all_docx/586_khu-du-lich-ho-may-vung-tau.docx","/Users/huynhtronghieu/Documents/thericetour/nucuoimekong_blog_data/all_posts/586_khu-du-lich-ho-may-vung-tau.md"
587,"Các hẻm Trần Phú Vũng Tàu – Con hẻm “ngàn like” của giới trẻ","Điểm du lịch nổi tiếng",2025-06-04,Phase 3,"https://nucuoimekong.com/hem-tran-phu-vung-tau","/Users/huynhtronghieu/Documents/thericetour/nucuoimekong_blog_data/all_docx/587_hem-tran-phu-vung-tau.docx","/Users/huynhtronghieu/Documents/thericetour/nucuoimekong_blog_data/all_posts/587_hem-tran-phu-vung-tau.md"
588,"Đồi con heo Vũng Tàu – Địa điểm check-in nổi tiếng thành phố biển","Điểm du lịch nổi tiếng",2025-06-04,Phase 3,"https://nucuoimekong.com/doi-con-heo-vung-tau","/Users/huynhtronghieu/Documents/thericetour/nucuoimekong_blog_data/all_docx/588_doi-con-heo-vung-tau.docx","/Users/huynhtronghieu/Documents/thericetour/nucuoimekong_blog_data/all_posts/588_doi-con-heo-vung-tau.md"
589,"Bạch Dinh Vũng Tàu – Check-in ngôi biệt thự mang đậm kiến trúc Pháp","Điểm du lịch nổi tiếng",2025-06-04,Phase 3,"https://nucuoimekong.com/bach-dinh-vung-tau","/Users/huynhtronghieu/Documents/thericetour/nucuoimekong_blog_data/all_docx/589_bach-dinh-vung-tau.docx","/Users/huynhtronghieu/Documents/thericetour/nucuoimekong_blog_data/all_posts/589_bach-dinh-vung-tau.md"
590,"Làng Chăm Châu Giang – Khám phá cộng đồng Hồi giáo An Giang","Điểm du lịch nổi tiếng",2025-06-04,Phase 3,"https://nucuoimekong.com/lang-cham-chau-giang-an-giang","/Users/huynhtronghieu/Documents/thericetour/nucuoimekong_blog_data/all_docx/590_lang-cham-chau-giang-an-giang.docx","/Users/huynhtronghieu/Documents/thericetour/nucuoimekong_blog_data/all_posts/590_lang-cham-chau-giang-an-giang.md"
591,"Khám phá Lung Cột Cầu – Vườn trái cây, tát mương bắt cá, vui chơi miệt vườn","Điểm du lịch nổi tiếng",2025-06-04,Phase 3,"https://nucuoimekong.com/khu-du-lich-lung-cot-cau","/Users/huynhtronghieu/Documents/thericetour/nucuoimekong_blog_data/all_docx/591_khu-du-lich-lung-cot-cau.docx","/Users/huynhtronghieu/Documents/thericetour/nucuoimekong_blog_data/all_posts/591_khu-du-lich-lung-cot-cau.md"
592,"Chợ đêm Đà Lạt có gì? Chợ đêm thành phố ngàn hoa","Điểm du lịch nổi tiếng",2025-06-04,Phase 3,"https://nucuoimekong.com/cho-dem-da-lat","/Users/huynhtronghieu/Documents/thericetour/nucuoimekong_blog_data/all_docx/592_cho-dem-da-lat.docx","/Users/huynhtronghieu/Documents/thericetour/nucuoimekong_blog_data/all_posts/592_cho-dem-da-lat.md"
593,"Biển Thạnh Phú – Trải nghiệm du lịch Cồn Bửng Bến Tre (2026)","Điểm du lịch nổi tiếng",2025-06-04,Phase 3,"https://nucuoimekong.com/bien-thanh-phu-con-bung-ben-tre","/Users/huynhtronghieu/Documents/thericetour/nucuoimekong_blog_data/all_docx/593_bien-thanh-phu-con-bung-ben-tre.docx","/Users/huynhtronghieu/Documents/thericetour/nucuoimekong_blog_data/all_posts/593_bien-thanh-phu-con-bung-ben-tre.md"
594,"Bánh ướt lòng gà Đà Lạt – Top 10 quán ngon khó cưỡng (2026)","Review ẩm thực; Toplist",2025-06-04,Phase 3,"https://nucuoimekong.com/banh-uot-long-ga-da-lat","/Users/huynhtronghieu/Documents/thericetour/nucuoimekong_blog_data/all_docx/594_banh-uot-long-ga-da-lat.docx","/Users/huynhtronghieu/Documents/thericetour/nucuoimekong_blog_data/all_posts/594_banh-uot-long-ga-da-lat.md"
595,"Khu di tích Nguyễn Sinh Sắc Đồng Tháp – Tưởng nhớ cụ Phó bảng","Điểm du lịch nổi tiếng",2025-06-04,Phase 3,"https://nucuoimekong.com/khu-di-tich-nguyen-sinh-sac","/Users/huynhtronghieu/Documents/thericetour/nucuoimekong_blog_data/all_docx/595_khu-di-tich-nguyen-sinh-sac.docx","/Users/huynhtronghieu/Documents/thericetour/nucuoimekong_blog_data/all_posts/595_khu-di-tich-nguyen-sinh-sac.md"
596,"Tà Năng Phan Dũng – Check-in cung đường Trekking đẹp nhất Việt Nam","Điểm du lịch nổi tiếng",2025-06-03,Phase 3,"https://nucuoimekong.com/ta-nang-phan-dung","/Users/huynhtronghieu/Documents/thericetour/nucuoimekong_blog_data/all_docx/596_ta-nang-phan-dung.docx","/Users/huynhtronghieu/Documents/thericetour/nucuoimekong_blog_data/all_posts/596_ta-nang-phan-dung.md"
597,"Samten Hills Đà Lạt – Đại Bảo Tháp Kinh Luân lớn nhất thế giới","Điểm du lịch nổi tiếng",2025-06-03,Phase 3,"https://nucuoimekong.com/samten-hills-da-lat","/Users/huynhtronghieu/Documents/thericetour/nucuoimekong_blog_data/all_docx/597_samten-hills-da-lat.docx","/Users/huynhtronghieu/Documents/thericetour/nucuoimekong_blog_data/all_posts/597_samten-hills-da-lat.md"
598,"Secret Garden – Thiên đường “sống ảo” nổi tiếng tại Đà Lạt","Điểm du lịch nổi tiếng",2025-06-03,Phase 3,"https://nucuoimekong.com/secret-garden-da-lat","/Users/huynhtronghieu/Documents/thericetour/nucuoimekong_blog_data/all_docx/598_secret-garden-da-lat.docx","/Users/huynhtronghieu/Documents/thericetour/nucuoimekong_blog_data/all_posts/598_secret-garden-da-lat.md"
599,"Chùa Gò Kén Tây Ninh – Độc đáo ngôi chùa thiêng trăm tuổi","Điểm du lịch nổi tiếng",2025-06-03,Phase 3,"https://nucuoimekong.com/chua-go-ken-tay-ninh","/Users/huynhtronghieu/Documents/thericetour/nucuoimekong_blog_data/all_docx/599_chua-go-ken-tay-ninh.docx","/Users/huynhtronghieu/Documents/thericetour/nucuoimekong_blog_data/all_posts/599_chua-go-ken-tay-ninh.md"
600,"Đỉnh Bàn Cờ – Chinh phục “nóc nhà” Đà Nẵng (2026)","Điểm du lịch nổi tiếng",2025-06-03,Phase 3,"https://nucuoimekong.com/dinh-ban-co-da-nang","/Users/huynhtronghieu/Documents/thericetour/nucuoimekong_blog_data/all_docx/600_dinh-ban-co-da-nang.docx","/Users/huynhtronghieu/Documents/thericetour/nucuoimekong_blog_data/all_posts/600_dinh-ban-co-da-nang.md"
601,"Du lịch Mũi Né Phan Thiết – Kinh nghiệm du lịch từ A-Z","Khám phá và trải nghiệm",2025-06-03,Phase 4,"https://nucuoimekong.com/kinh-nghiem-du-lich-mui-ne-phan-thiet","/Users/huynhtronghieu/Documents/thericetour/nucuoimekong_blog_data/all_docx/601_kinh-nghiem-du-lich-mui-ne-phan-thiet.docx","/Users/huynhtronghieu/Documents/thericetour/nucuoimekong_blog_data/all_posts/601_kinh-nghiem-du-lich-mui-ne-phan-thiet.md"
602,"Công viên Hoàng Văn Thụ – “Lá phổi xanh” của Sài Gòn","Điểm du lịch nổi tiếng",2025-06-02,Phase 4,"https://nucuoimekong.com/cong-vien-hoang-van-thu","/Users/huynhtronghieu/Documents/thericetour/nucuoimekong_blog_data/all_docx/602_cong-vien-hoang-van-thu.docx","/Users/huynhtronghieu/Documents/thericetour/nucuoimekong_blog_data/all_posts/602_cong-vien-hoang-van-thu.md"
603,"Hòn Đá Bạc – Khám phá “Hòn ngọc” đẹp mê mẩn ở Cà Mau","Điểm du lịch nổi tiếng",2025-06-02,Phase 4,"https://nucuoimekong.com/hon-da-bac-ca-mau","/Users/huynhtronghieu/Documents/thericetour/nucuoimekong_blog_data/all_docx/603_hon-da-bac-ca-mau.docx","/Users/huynhtronghieu/Documents/thericetour/nucuoimekong_blog_data/all_posts/603_hon-da-bac-ca-mau.md"
604,"Thông báo chính thức về việc áp dụng hoá đơn điện tử khởi tạo từ máy tính tiền","Thông báo",2025-06-02,Phase 4,"https://nucuoimekong.com/trien-khai-hoa-don-dien-tu-tu-may-tinh-tien","/Users/huynhtronghieu/Documents/thericetour/nucuoimekong_blog_data/all_docx/604_trien-khai-hoa-don-dien-tu-tu-may-tinh-tien.docx","/Users/huynhtronghieu/Documents/thericetour/nucuoimekong_blog_data/all_posts/604_trien-khai-hoa-don-dien-tu-tu-may-tinh-tien.md"
605,"Grand World Phú Quốc: Không gian giải trí, lễ hội và ẩm thực tuyệt vời","Điểm du lịch nổi tiếng",2025-06-01,Phase 4,"https://nucuoimekong.com/grand-world-phu-quoc","/Users/huynhtronghieu/Documents/thericetour/nucuoimekong_blog_data/all_docx/605_grand-world-phu-quoc.docx","/Users/huynhtronghieu/Documents/thericetour/nucuoimekong_blog_data/all_posts/605_grand-world-phu-quoc.md"
606,"Làng cổ Đông Hòa Hiệp – Sức hút ngôi làng cổ “trăm tuổi” Tiền Giang","Điểm du lịch nổi tiếng",2025-06-01,Phase 4,"https://nucuoimekong.com/lang-co-dong-hoa-hiep","/Users/huynhtronghieu/Documents/thericetour/nucuoimekong_blog_data/all_docx/606_lang-co-dong-hoa-hiep.docx","/Users/huynhtronghieu/Documents/thericetour/nucuoimekong_blog_data/all_posts/606_lang-co-dong-hoa-hiep.md"
607,"Khu du lịch Mũi Cà Mau – Trải nghiệm độc đáo ở điểm cực Nam","Khám phá và trải nghiệm; Điểm du lịch nổi tiếng",2025-05-30,Phase 4,"https://nucuoimekong.com/khu-du-lich-mui-ca-mau","/Users/huynhtronghieu/Documents/thericetour/nucuoimekong_blog_data/all_docx/607_khu-du-lich-mui-ca-mau.docx","/Users/huynhtronghieu/Documents/thericetour/nucuoimekong_blog_data/all_posts/607_khu-du-lich-mui-ca-mau.md"
608,"Hòn Bảy Cạnh một tuyệt tác thiên nhiên kỳ vĩ của Côn Đảo (2026)","Điểm du lịch nổi tiếng",2025-05-30,Phase 4,"https://nucuoimekong.com/hon-bay-canh-con-dao-diem-den-hoang-so-hap-dan","/Users/huynhtronghieu/Documents/thericetour/nucuoimekong_blog_data/all_docx/608_hon-bay-canh-con-dao-diem-den-hoang-so-hap-dan.docx","/Users/huynhtronghieu/Documents/thericetour/nucuoimekong_blog_data/all_posts/608_hon-bay-canh-con-dao-diem-den-hoang-so-hap-dan.md"
609,"Đám giỗ bên cồn – Trải nghiệm văn hóa độc đáo miền Tây (2026)","Văn hóa và lễ hội",2025-05-29,Phase 4,"https://nucuoimekong.com/dam-gio-ben-con","/Users/huynhtronghieu/Documents/thericetour/nucuoimekong_blog_data/all_docx/609_dam-gio-ben-con.docx","/Users/huynhtronghieu/Documents/thericetour/nucuoimekong_blog_data/all_posts/609_dam-gio-ben-con.md"
610,"Hè Vui Kết Nối – Trọn Đời Khắc Ghi: Tour du lịch hè hấp dẫn từ Nụ Cười Mê Kông","Tin tức",2025-05-27,Phase 4,"https://nucuoimekong.com/tong-hop-tour-du-lich-he","/Users/huynhtronghieu/Documents/thericetour/nucuoimekong_blog_data/all_docx/610_tong-hop-tour-du-lich-he.docx","/Users/huynhtronghieu/Documents/thericetour/nucuoimekong_blog_data/all_posts/610_tong-hop-tour-du-lich-he.md"
611,"Kế hoạch ngân sách chuẩn về chi phí du lịch Côn Đảo","Tips du lịch hay",2025-05-21,Phase 4,"https://nucuoimekong.com/ke-hoach-chuan-ve-chi-phi-du-lich-con-dao","/Users/huynhtronghieu/Documents/thericetour/nucuoimekong_blog_data/all_docx/611_ke-hoach-chuan-ve-chi-phi-du-lich-con-dao.docx","/Users/huynhtronghieu/Documents/thericetour/nucuoimekong_blog_data/all_posts/611_ke-hoach-chuan-ve-chi-phi-du-lich-con-dao.md"
612,"VITA AWARDS 2026 vinh danh Nụ Cười Mê Kông với Tour Đám Giỗ Bên Cồn","Phát triển bền vững; Tin tức",2025-05-19,Phase 4,"https://nucuoimekong.com/vita-awards-vinh-danh-nu-cuoi-me-kong","/Users/huynhtronghieu/Documents/thericetour/nucuoimekong_blog_data/all_docx/612_vita-awards-vinh-danh-nu-cuoi-me-kong.docx","/Users/huynhtronghieu/Documents/thericetour/nucuoimekong_blog_data/all_posts/612_vita-awards-vinh-danh-nu-cuoi-me-kong.md"
613,"Check-in ‘trời Âu’ Thị trấn Địa Trung Hải Phú Quốc giữa lòng đảo ngọc","Điểm du lịch nổi tiếng",2025-05-18,Phase 4,"https://nucuoimekong.com/dia-trung-hai-phu-quoc","/Users/huynhtronghieu/Documents/thericetour/nucuoimekong_blog_data/all_docx/613_dia-trung-hai-phu-quoc.docx","/Users/huynhtronghieu/Documents/thericetour/nucuoimekong_blog_data/all_posts/613_dia-trung-hai-phu-quoc.md"
614,"Top 20 các công ty du lịch Cần Thơ uy tín năm 2026","Toplist Cần Thơ",2025-05-17,Phase 4,"https://nucuoimekong.com/cac-cong-ty-du-lich-can-tho","/Users/huynhtronghieu/Documents/thericetour/nucuoimekong_blog_data/all_docx/614_cac-cong-ty-du-lich-can-tho.docx","/Users/huynhtronghieu/Documents/thericetour/nucuoimekong_blog_data/all_posts/614_cac-cong-ty-du-lich-can-tho.md"
615,"Top 6 Công Ty tổ chức sự kiện ở Cần Thơ chuyên nghiệp 2026","Toplist Cần Thơ",2025-05-17,Phase 4,"https://nucuoimekong.com/cong-ty-to-chuc-su-kien-o-can-tho","/Users/huynhtronghieu/Documents/thericetour/nucuoimekong_blog_data/all_docx/615_cong-ty-to-chuc-su-kien-o-can-tho.docx","/Users/huynhtronghieu/Documents/thericetour/nucuoimekong_blog_data/all_posts/615_cong-ty-to-chuc-su-kien-o-can-tho.md"
616,"Lung Ngọc Hoàng – Khám phá “lá phổi xanh” miền Tây (2026)","Điểm du lịch nổi tiếng",2025-05-16,Phase 4,"https://nucuoimekong.com/khu-du-lich-lung-ngoc-hoang-hau-giang","/Users/huynhtronghieu/Documents/thericetour/nucuoimekong_blog_data/all_docx/616_khu-du-lich-lung-ngoc-hoang-hau-giang.docx","/Users/huynhtronghieu/Documents/thericetour/nucuoimekong_blog_data/all_posts/616_khu-du-lich-lung-ngoc-hoang-hau-giang.md"
617,"Vé tàu Nam Du Lại Sơn 2026 – Vi vu thả ga","Vé tàu",2025-05-16,Phase 4,"https://nucuoimekong.com/ve-tau-nam-du-lai-son","/Users/huynhtronghieu/Documents/thericetour/nucuoimekong_blog_data/all_docx/617_ve-tau-nam-du-lai-son.docx","/Users/huynhtronghieu/Documents/thericetour/nucuoimekong_blog_data/all_posts/617_ve-tau-nam-du-lai-son.md"
618,"Cập nhật chính sách xuất hóa đơn VAT tại Nụ Cười Mê Kông","Thông báo",2025-05-13,Phase 4,"https://nucuoimekong.com/chinh-sach-xuat-hoa-don-vat-tai-nu-cuoi-me-kong","/Users/huynhtronghieu/Documents/thericetour/nucuoimekong_blog_data/all_docx/618_chinh-sach-xuat-hoa-don-vat-tai-nu-cuoi-me-kong.docx","/Users/huynhtronghieu/Documents/thericetour/nucuoimekong_blog_data/all_posts/618_chinh-sach-xuat-hoa-don-vat-tai-nu-cuoi-me-kong.md"
619,"Dự Án Bảo Vệ Môi Trường Cồn Sơn Cần Thơ | Nụ Cười Mê Kông Tài Trợ","Phát triển bền vững; Tin tức",2025-05-03,Phase 4,"https://nucuoimekong.com/du-an-bao-ve-moi-truong-con-son-can-tho","/Users/huynhtronghieu/Documents/thericetour/nucuoimekong_blog_data/all_docx/619_du-an-bao-ve-moi-truong-con-son-can-tho.docx","/Users/huynhtronghieu/Documents/thericetour/nucuoimekong_blog_data/all_posts/619_du-an-bao-ve-moi-truong-con-son-can-tho.md"
620,"Kiss The Stars Phú Quốc: Trải nghiệm show diễn đa phương tiện đẳng cấp thế giới","Văn hóa và lễ hội",2025-05-03,Phase 4,"https://nucuoimekong.com/kiss-the-stars-phu-quoc","/Users/huynhtronghieu/Documents/thericetour/nucuoimekong_blog_data/all_docx/620_kiss-the-stars-phu-quoc.docx","/Users/huynhtronghieu/Documents/thericetour/nucuoimekong_blog_data/all_posts/620_kiss-the-stars-phu-quoc.md"
621,"Đặc sản Quy Nhơn – Top 21 món ngon Quy Nhơn khiến du khách mê mẩn","Review ẩm thực; Toplist; Đặc sản địa phương",2025-04-29,Phase 4,"https://nucuoimekong.com/dac-san-quy-nhon","/Users/huynhtronghieu/Documents/thericetour/nucuoimekong_blog_data/all_docx/621_dac-san-quy-nhon.docx","/Users/huynhtronghieu/Documents/thericetour/nucuoimekong_blog_data/all_posts/621_dac-san-quy-nhon.md"
622,"Tour thiết kế riêng – trải nghiệm du lịch độc nhất theo yêu cầu","Tour thiết kế riêng",2025-04-29,Phase 4,"https://nucuoimekong.com/tour-doan-rieng-thiet-ke-theo-yeu-cau","/Users/huynhtronghieu/Documents/thericetour/nucuoimekong_blog_data/all_docx/622_tour-doan-rieng-thiet-ke-theo-yeu-cau.docx","/Users/huynhtronghieu/Documents/thericetour/nucuoimekong_blog_data/all_posts/622_tour-doan-rieng-thiet-ke-theo-yeu-cau.md"
623,"Tour company trip – Thiết kế riêng cho văn hóa doanh nghiệp","Tour thiết kế riêng",2025-04-25,Phase 4,"https://nucuoimekong.com/company-trip-tour-chuyen-biet-cho-doanh-nghiep","/Users/huynhtronghieu/Documents/thericetour/nucuoimekong_blog_data/all_docx/623_company-trip-tour-chuyen-biet-cho-doanh-nghiep.docx","/Users/huynhtronghieu/Documents/thericetour/nucuoimekong_blog_data/all_posts/623_company-trip-tour-chuyen-biet-cho-doanh-nghiep.md"
624,"Tour MICE doanh nghiệp: Dịch vụ hội nghị kết hợp du lịch trải nghiệm","Tour thiết kế riêng",2025-04-24,Phase 4,"https://nucuoimekong.com/tour-mice-du-lich-hoi-nghi-cho-doanh-nghiep","/Users/huynhtronghieu/Documents/thericetour/nucuoimekong_blog_data/all_docx/624_tour-mice-du-lich-hoi-nghi-cho-doanh-nghiep.docx","/Users/huynhtronghieu/Documents/thericetour/nucuoimekong_blog_data/all_posts/624_tour-mice-du-lich-hoi-nghi-cho-doanh-nghiep.md"
625,"Du lịch xanh: xu hướng, điểm đến và lựa chọn bền vững cho tương lai","Phát triển bền vững",2025-04-24,Phase 4,"https://nucuoimekong.com/du-lich-xanh-xu-huong-du-lich-ben-vung-tuong-lai","/Users/huynhtronghieu/Documents/thericetour/nucuoimekong_blog_data/all_docx/625_du-lich-xanh-xu-huong-du-lich-ben-vung-tuong-lai.docx","/Users/huynhtronghieu/Documents/thericetour/nucuoimekong_blog_data/all_posts/625_du-lich-xanh-xu-huong-du-lich-ben-vung-tuong-lai.md"
626,"37 món đặc sản An Giang ngon khó cưỡng bạn nhất định phải thử 2026","Toplist; Đặc sản địa phương",2025-04-12,Phase 4,"https://nucuoimekong.com/dac-san-an-giang","/Users/huynhtronghieu/Documents/thericetour/nucuoimekong_blog_data/all_docx/626_dac-san-an-giang.docx","/Users/huynhtronghieu/Documents/thericetour/nucuoimekong_blog_data/all_posts/626_dac-san-an-giang.md"
627,"Du lịch Hà Nội – Kinh nghiệm khám phá thủ đô mới mẻ","Tips du lịch hay",2025-04-12,Phase 4,"https://nucuoimekong.com/kinh-nghiem-du-lich-ha-noi","/Users/huynhtronghieu/Documents/thericetour/nucuoimekong_blog_data/all_docx/627_kinh-nghiem-du-lich-ha-noi.docx","/Users/huynhtronghieu/Documents/thericetour/nucuoimekong_blog_data/all_posts/627_kinh-nghiem-du-lich-ha-noi.md"
628,"Top 25 địa điểm chụp hình đẹp ở Sài Gòn mới nhất năm 2026","Toplist",2025-04-12,Phase 4,"https://nucuoimekong.com/dia-diem-chup-hinh-dep-o-sai-gon","/Users/huynhtronghieu/Documents/thericetour/nucuoimekong_blog_data/all_docx/628_dia-diem-chup-hinh-dep-o-sai-gon.docx","/Users/huynhtronghieu/Documents/thericetour/nucuoimekong_blog_data/all_posts/628_dia-diem-chup-hinh-dep-o-sai-gon.md"
629,"Khám phá 30+ đặc sản Sài Gòn nên thử trong năm 2026","Toplist; Đặc sản địa phương",2025-04-12,Phase 4,"https://nucuoimekong.com/dac-san-sai-gon","/Users/huynhtronghieu/Documents/thericetour/nucuoimekong_blog_data/all_docx/629_dac-san-sai-gon.docx","/Users/huynhtronghieu/Documents/thericetour/nucuoimekong_blog_data/all_posts/629_dac-san-sai-gon.md"
630,"Khuyến Mãi Tour Miền Tây Tết 2026: đi 4 tính tiền 3 siêu tiết kiệm","Tin tức",2025-04-12,Phase 4,"https://nucuoimekong.com/khuyen-mai-tour-mien-tay-tet-2025","/Users/huynhtronghieu/Documents/thericetour/nucuoimekong_blog_data/all_docx/630_khuyen-mai-tour-mien-tay-tet-2025.docx","/Users/huynhtronghieu/Documents/thericetour/nucuoimekong_blog_data/all_posts/630_khuyen-mai-tour-mien-tay-tet-2025.md"
631,"Check-in khu du lịch Suối Tiên Sài Gòn – Khu giải trí cho mọi lứa tuổi","Điểm du lịch nổi tiếng",2025-04-12,Phase 4,"https://nucuoimekong.com/khu-du-lich-suoi-tien","/Users/huynhtronghieu/Documents/thericetour/nucuoimekong_blog_data/all_docx/631_khu-du-lich-suoi-tien.docx","/Users/huynhtronghieu/Documents/thericetour/nucuoimekong_blog_data/all_posts/631_khu-du-lich-suoi-tien.md"
632,"Khám phá Hải đăng Kê Gà – Biểu tượng lâu đời nhất Việt Nam","Điểm du lịch nổi tiếng",2025-04-12,Phase 4,"https://nucuoimekong.com/hai-dang-ke-ga","/Users/huynhtronghieu/Documents/thericetour/nucuoimekong_blog_data/all_docx/632_hai-dang-ke-ga.docx","/Users/huynhtronghieu/Documents/thericetour/nucuoimekong_blog_data/all_posts/632_hai-dang-ke-ga.md"
633,"Chia sẻ kinh nghiệm du lịch Mũi Cá Mập Côn Đảo mới nhất 2026","Điểm du lịch nổi tiếng",2025-04-12,Phase 4,"https://nucuoimekong.com/mui-ca-map-con-dao","/Users/huynhtronghieu/Documents/thericetour/nucuoimekong_blog_data/all_docx/633_mui-ca-map-con-dao.docx","/Users/huynhtronghieu/Documents/thericetour/nucuoimekong_blog_data/all_posts/633_mui-ca-map-con-dao.md"
634,"Cẩm nang du lịch Đồ Sơn Hải Phòng: Kinh nghiệm chi tiết từ A-Z","Tips du lịch hay",2025-04-12,Phase 4,"https://nucuoimekong.com/kinh-nghiem-du-lich-do-son-hai-phong","/Users/huynhtronghieu/Documents/thericetour/nucuoimekong_blog_data/all_docx/634_kinh-nghiem-du-lich-do-son-hai-phong.docx","/Users/huynhtronghieu/Documents/thericetour/nucuoimekong_blog_data/all_posts/634_kinh-nghiem-du-lich-do-son-hai-phong.md"
635,"Top 18 buffet Cần Thơ siêu hot – Ăn ngon, không lo về giá","Review ẩm thực; Đặc sản địa phương",2025-04-12,Phase 4,"https://nucuoimekong.com/buffet-can-tho","/Users/huynhtronghieu/Documents/thericetour/nucuoimekong_blog_data/all_docx/635_buffet-can-tho.docx","/Users/huynhtronghieu/Documents/thericetour/nucuoimekong_blog_data/all_posts/635_buffet-can-tho.md"
636,"Chợ Châu Đốc – Kinh nghiệm mua sắm tại An Giang mới nhất 2026","Điểm du lịch nổi tiếng",2025-04-12,Phase 4,"https://nucuoimekong.com/cho-chau-doc-an-giang","/Users/huynhtronghieu/Documents/thericetour/nucuoimekong_blog_data/all_docx/636_cho-chau-doc-an-giang.docx","/Users/huynhtronghieu/Documents/thericetour/nucuoimekong_blog_data/all_posts/636_cho-chau-doc-an-giang.md"
637,"Cồn Quy Bến Tre – Thiên đường du lịch sinh thái giữa lòng miền Tây","Điểm du lịch nổi tiếng",2025-04-12,Phase 4,"https://nucuoimekong.com/con-quy-ben-tre","/Users/huynhtronghieu/Documents/thericetour/nucuoimekong_blog_data/all_docx/637_con-quy-ben-tre.docx","/Users/huynhtronghieu/Documents/thericetour/nucuoimekong_blog_data/all_posts/637_con-quy-ben-tre.md"
638,"Khu du lịch Lavender Đà Lạt – Đắm chìm trong vẻ đẹp mộng mơ","Điểm du lịch nổi tiếng",2025-04-12,Phase 4,"https://nucuoimekong.com/khu-du-lich-lavender-da-lat","/Users/huynhtronghieu/Documents/thericetour/nucuoimekong_blog_data/all_docx/638_khu-du-lich-lavender-da-lat.docx","/Users/huynhtronghieu/Documents/thericetour/nucuoimekong_blog_data/all_posts/638_khu-du-lich-lavender-da-lat.md"
639,"Danh sách tour miền Tây từ Sài Gòn trọn gói – Giá siêu tiết kiệm","Toplist",2025-04-12,Phase 4,"https://nucuoimekong.com/danh-sach-tour-mien-tay-tu-sai-gon","/Users/huynhtronghieu/Documents/thericetour/nucuoimekong_blog_data/all_docx/639_danh-sach-tour-mien-tay-tu-sai-gon.docx","/Users/huynhtronghieu/Documents/thericetour/nucuoimekong_blog_data/all_posts/639_danh-sach-tour-mien-tay-tu-sai-gon.md"
640,"Khám phá hệ thống cáp treo Đà Lạt – Trải nghiệm “hot” được săn đón nhất","Khám phá và trải nghiệm",2025-04-12,Phase 4,"https://nucuoimekong.com/cap-treo-da-lat","/Users/huynhtronghieu/Documents/thericetour/nucuoimekong_blog_data/all_docx/640_cap-treo-da-lat.docx","/Users/huynhtronghieu/Documents/thericetour/nucuoimekong_blog_data/all_posts/640_cap-treo-da-lat.md"
641,"Tổng hợp thông tin về kinh nghiệm du lịch Côn Đảo (2026)","Khám phá và trải nghiệm",2025-04-11,Phase 4,"https://nucuoimekong.com/kinh-nghiem-du-lich-con-dao","/Users/huynhtronghieu/Documents/thericetour/nucuoimekong_blog_data/all_docx/641_kinh-nghiem-du-lich-con-dao.docx","/Users/huynhtronghieu/Documents/thericetour/nucuoimekong_blog_data/all_posts/641_kinh-nghiem-du-lich-con-dao.md"
642,"Lăng chủ tịch Hồ Chí Minh – Kinh nghiệm tham quan mới lạ","Điểm du lịch nổi tiếng",2025-04-11,Phase 4,"https://nucuoimekong.com/lang-chu-tich-ho-chi-minh","/Users/huynhtronghieu/Documents/thericetour/nucuoimekong_blog_data/all_docx/642_lang-chu-tich-ho-chi-minh.docx","/Users/huynhtronghieu/Documents/thericetour/nucuoimekong_blog_data/all_posts/642_lang-chu-tich-ho-chi-minh.md"
643,"Kinh nghiệm du lịch Sapa tự túc chi tiết nhất (2026)","Khám phá và trải nghiệm",2025-04-11,Phase 4,"https://nucuoimekong.com/kinh-nghiem-du-lich-sapa","/Users/huynhtronghieu/Documents/thericetour/nucuoimekong_blog_data/all_docx/643_kinh-nghiem-du-lich-sapa.docx","/Users/huynhtronghieu/Documents/thericetour/nucuoimekong_blog_data/all_posts/643_kinh-nghiem-du-lich-sapa.md"
644,"Chùa Tà Pạ – Độc đáo ngôi chùa trên không tại An Giang (2026)","Điểm du lịch nổi tiếng",2025-04-11,Phase 4,"https://nucuoimekong.com/chua-ta-pa-an-giang","/Users/huynhtronghieu/Documents/thericetour/nucuoimekong_blog_data/all_docx/644_chua-ta-pa-an-giang.docx","/Users/huynhtronghieu/Documents/thericetour/nucuoimekong_blog_data/all_posts/644_chua-ta-pa-an-giang.md"
645,"Kinh nghiệm du lịch Pháp – Vùng đất lãng mạn giữa trời Âu (2026)","Khám phá và trải nghiệm",2025-04-11,Phase 4,"https://nucuoimekong.com/kinh-nghiem-du-lich-phap","/Users/huynhtronghieu/Documents/thericetour/nucuoimekong_blog_data/all_docx/645_kinh-nghiem-du-lich-phap.docx","/Users/huynhtronghieu/Documents/thericetour/nucuoimekong_blog_data/all_posts/645_kinh-nghiem-du-lich-phap.md"
646,"Núi Chứa Chan – Địa điểm trekking cực hot ở Đồng Nai","Điểm du lịch nổi tiếng",2025-04-11,Phase 4,"https://nucuoimekong.com/nui-chua-chan-gia-lao-dong-nai","/Users/huynhtronghieu/Documents/thericetour/nucuoimekong_blog_data/all_docx/646_nui-chua-chan-gia-lao-dong-nai.docx","/Users/huynhtronghieu/Documents/thericetour/nucuoimekong_blog_data/all_posts/646_nui-chua-chan-gia-lao-dong-nai.md"
647,"Du lịch Đà Nẵng – Top 50 điểm check-in không thể bỏ qua 2026","Toplist; Điểm du lịch nổi tiếng",2025-04-11,Phase 4,"https://nucuoimekong.com/dia-diem-du-lich-da-nang","/Users/huynhtronghieu/Documents/thericetour/nucuoimekong_blog_data/all_docx/647_dia-diem-du-lich-da-nang.docx","/Users/huynhtronghieu/Documents/thericetour/nucuoimekong_blog_data/all_posts/647_dia-diem-du-lich-da-nang.md"
648,"Khu bảo tồn đất ngập nước Láng Sen – Trở về mùa nước nổi","Điểm du lịch nổi tiếng",2025-04-11,Phase 4,"https://nucuoimekong.com/khu-bao-ton-dat-ngap-nuoc-lang-sen","/Users/huynhtronghieu/Documents/thericetour/nucuoimekong_blog_data/all_docx/648_khu-bao-ton-dat-ngap-nuoc-lang-sen.docx","/Users/huynhtronghieu/Documents/thericetour/nucuoimekong_blog_data/all_posts/648_khu-bao-ton-dat-ngap-nuoc-lang-sen.md"
649,"Kinh nghiệm du lịch Úc từ A – Z – Khám phá vùng đất Kangroo","Khám phá và trải nghiệm",2025-04-11,Phase 4,"https://nucuoimekong.com/kinh-nghiem-du-lich-uc","/Users/huynhtronghieu/Documents/thericetour/nucuoimekong_blog_data/all_docx/649_kinh-nghiem-du-lich-uc.docx","/Users/huynhtronghieu/Documents/thericetour/nucuoimekong_blog_data/all_posts/649_kinh-nghiem-du-lich-uc.md"
650,"Cù Lao An Bình – Miệt vườn sông nước Vĩnh Long (2026)","Điểm du lịch nổi tiếng",2025-04-11,Phase 4,"https://nucuoimekong.com/cu-lao-an-binh","/Users/huynhtronghieu/Documents/thericetour/nucuoimekong_blog_data/all_docx/650_cu-lao-an-binh.docx","/Users/huynhtronghieu/Documents/thericetour/nucuoimekong_blog_data/all_posts/650_cu-lao-an-binh.md"
651,"Tàu cao tốc Greenlines DP: Giá cả hợp lý, chất lượng tuyệt vời","Vé tàu",2025-04-11,Phase 4,"https://nucuoimekong.com/tau-cao-toc-greenlines-dp-gia-hop-ly-chat-luong","/Users/huynhtronghieu/Documents/thericetour/nucuoimekong_blog_data/all_docx/651_tau-cao-toc-greenlines-dp-gia-hop-ly-chat-luong.docx","/Users/huynhtronghieu/Documents/thericetour/nucuoimekong_blog_data/all_posts/651_tau-cao-toc-greenlines-dp-gia-hop-ly-chat-luong.md"
652,"Chùa Hoằng Pháp – Nơi thu hút Phật tử đến tu học nhất Sài Gòn","Điểm du lịch nổi tiếng",2025-04-11,Phase 4,"https://nucuoimekong.com/chua-hoang-phap","/Users/huynhtronghieu/Documents/thericetour/nucuoimekong_blog_data/all_docx/652_chua-hoang-phap.docx","/Users/huynhtronghieu/Documents/thericetour/nucuoimekong_blog_data/all_posts/652_chua-hoang-phap.md"
653,"Du lịch Hồng Kông – Kinh nghiệm du lịch Hồng Kông chi tiết nhất","Khám phá và trải nghiệm",2025-04-11,Phase 4,"https://nucuoimekong.com/kinh-nghiem-du-lich-hong-kong","/Users/huynhtronghieu/Documents/thericetour/nucuoimekong_blog_data/all_docx/653_kinh-nghiem-du-lich-hong-kong.docx","/Users/huynhtronghieu/Documents/thericetour/nucuoimekong_blog_data/all_posts/653_kinh-nghiem-du-lich-hong-kong.md"
654,"Kinh nghiệm du lịch Kiên Giang – Top 7 điểm đến hấp dẫn (2026)","Khám phá và trải nghiệm; Toplist",2025-04-11,Phase 4,"https://nucuoimekong.com/kinh-nghiem-du-lich-kien-giang","/Users/huynhtronghieu/Documents/thericetour/nucuoimekong_blog_data/all_docx/654_kinh-nghiem-du-lich-kien-giang.docx","/Users/huynhtronghieu/Documents/thericetour/nucuoimekong_blog_data/all_posts/654_kinh-nghiem-du-lich-kien-giang.md"
655,"Nhà tù Phú Quốc: Di tích lịch sử bi hùng của dân tộc","Điểm du lịch nổi tiếng",2025-04-11,Phase 4,"https://nucuoimekong.com/nha-tu-phu-quoc","/Users/huynhtronghieu/Documents/thericetour/nucuoimekong_blog_data/all_docx/655_nha-tu-phu-quoc.docx","/Users/huynhtronghieu/Documents/thericetour/nucuoimekong_blog_data/all_posts/655_nha-tu-phu-quoc.md"
656,"Bảo tàng chứng tích Chiến Tranh – Minh chứng cho những cuộc chiến","Điểm du lịch nổi tiếng",2025-04-11,Phase 4,"https://nucuoimekong.com/bao-tang-chung-tich-chien-tranh","/Users/huynhtronghieu/Documents/thericetour/nucuoimekong_blog_data/all_docx/656_bao-tang-chung-tich-chien-tranh.docx","/Users/huynhtronghieu/Documents/thericetour/nucuoimekong_blog_data/all_posts/656_bao-tang-chung-tich-chien-tranh.md"
657,"Chợ Bến Thành – Biểu tượng ẩm thực & văn hóa Sài Gòn","Điểm du lịch nổi tiếng",2025-04-11,Phase 4,"https://nucuoimekong.com/cho-ben-thanh-sai-gon","/Users/huynhtronghieu/Documents/thericetour/nucuoimekong_blog_data/all_docx/657_cho-ben-thanh-sai-gon.docx","/Users/huynhtronghieu/Documents/thericetour/nucuoimekong_blog_data/all_posts/657_cho-ben-thanh-sai-gon.md"
658,"Đặc sản Hậu Giang – Top 17 món ăn cực ngon níu chân du khách gần xa","Review ẩm thực; Đặc sản địa phương",2025-04-11,Phase 4,"https://nucuoimekong.com/dac-san-hau-giang","/Users/huynhtronghieu/Documents/thericetour/nucuoimekong_blog_data/all_docx/658_dac-san-hau-giang.docx","/Users/huynhtronghieu/Documents/thericetour/nucuoimekong_blog_data/all_posts/658_dac-san-hau-giang.md"
659,"Top 16 cách chống say xe mang lại hiệu quả tức thì 2026","Tips du lịch hay; Toplist",2025-04-11,Phase 4,"https://nucuoimekong.com/cach-chong-say-xe-hieu-qua","/Users/huynhtronghieu/Documents/thericetour/nucuoimekong_blog_data/all_docx/659_cach-chong-say-xe-hieu-qua.docx","/Users/huynhtronghieu/Documents/thericetour/nucuoimekong_blog_data/all_posts/659_cach-chong-say-xe-hieu-qua.md"
660,"Kinh nghiệm du lịch Bình Định – Về thăm quê “Xứ Nẫu” (2026)","Khám phá và trải nghiệm",2025-04-11,Phase 4,"https://nucuoimekong.com/kinh-nghiem-du-lich-binh-dinh","/Users/huynhtronghieu/Documents/thericetour/nucuoimekong_blog_data/all_docx/660_kinh-nghiem-du-lich-binh-dinh.docx","/Users/huynhtronghieu/Documents/thericetour/nucuoimekong_blog_data/all_posts/660_kinh-nghiem-du-lich-binh-dinh.md"
661,"Tàu cao tốc Superdong – Những điểm nhấn đáng chú ý (2026)","Vé tàu",2025-04-11,Phase 4,"https://nucuoimekong.com/tau-cao-toc-superdong-nhung-diem-nhan-dang-chu-y","/Users/huynhtronghieu/Documents/thericetour/nucuoimekong_blog_data/all_docx/661_tau-cao-toc-superdong-nhung-diem-nhan-dang-chu-y.docx","/Users/huynhtronghieu/Documents/thericetour/nucuoimekong_blog_data/all_posts/661_tau-cao-toc-superdong-nhung-diem-nhan-dang-chu-y.md"
662,"Du lịch Đài Loan Tự Túc – Kinh nghiệm khi du lịch Đài Loan","Khám phá và trải nghiệm",2025-04-11,Phase 4,"https://nucuoimekong.com/kinh-nghiem-du-lich-dai-loan-tu-tuc","/Users/huynhtronghieu/Documents/thericetour/nucuoimekong_blog_data/all_docx/662_kinh-nghiem-du-lich-dai-loan-tu-tuc.docx","/Users/huynhtronghieu/Documents/thericetour/nucuoimekong_blog_data/all_posts/662_kinh-nghiem-du-lich-dai-loan-tu-tuc.md"
663,"Quán ăn ngon Sài Gòn – Review 30+ địa chỉ nổi tiếng năm 2026","Review ẩm thực",2025-04-11,Phase 4,"https://nucuoimekong.com/quan-an-ngon-sai-gon","/Users/huynhtronghieu/Documents/thericetour/nucuoimekong_blog_data/all_docx/663_quan-an-ngon-sai-gon.docx","/Users/huynhtronghieu/Documents/thericetour/nucuoimekong_blog_data/all_posts/663_quan-an-ngon-sai-gon.md"
664,"Di tích lịch sử Lam Kinh – Di tích lịch sử kéo dài trăm năm (2026)","Điểm du lịch nổi tiếng",2025-04-11,Phase 4,"https://nucuoimekong.com/khu-di-tich-lich-su-lam-kinh-thanh-hoa","/Users/huynhtronghieu/Documents/thericetour/nucuoimekong_blog_data/all_docx/664_khu-di-tich-lich-su-lam-kinh-thanh-hoa.docx","/Users/huynhtronghieu/Documents/thericetour/nucuoimekong_blog_data/all_posts/664_khu-di-tich-lich-su-lam-kinh-thanh-hoa.md"
665,"Khu du lịch Xẻo Quýt: Vẻ đẹp sinh thái và ký ức chiến khu","Điểm du lịch nổi tiếng",2025-04-11,Phase 4,"https://nucuoimekong.com/khu-du-lich-xeo-quyt","/Users/huynhtronghieu/Documents/thericetour/nucuoimekong_blog_data/all_docx/665_khu-du-lich-xeo-quyt.docx","/Users/huynhtronghieu/Documents/thericetour/nucuoimekong_blog_data/all_posts/665_khu-du-lich-xeo-quyt.md"
666,"Suối cá thần – Khám phá câu chuyện kì bí tại suối cá thần","Điểm du lịch nổi tiếng",2025-04-11,Phase 4,"https://nucuoimekong.com/suoi-ca-than-thanh-hoa","/Users/huynhtronghieu/Documents/thericetour/nucuoimekong_blog_data/all_docx/666_suoi-ca-than-thanh-hoa.docx","/Users/huynhtronghieu/Documents/thericetour/nucuoimekong_blog_data/all_posts/666_suoi-ca-than-thanh-hoa.md"
667,"Kinh nghiệm du lịch Hà Lan – Địa điểm du lịch hot nhất (2026)","Khám phá và trải nghiệm",2025-04-11,Phase 4,"https://nucuoimekong.com/kinh-nghiem-du-lich-ha-lan-tu-tuc","/Users/huynhtronghieu/Documents/thericetour/nucuoimekong_blog_data/all_docx/667_kinh-nghiem-du-lich-ha-lan-tu-tuc.docx","/Users/huynhtronghieu/Documents/thericetour/nucuoimekong_blog_data/all_posts/667_kinh-nghiem-du-lich-ha-lan-tu-tuc.md"
668,"Du lịch Lào tự túc – Kinh nghiệm khám phá “đất nước triệu voi”","Khám phá và trải nghiệm",2025-04-11,Phase 4,"https://nucuoimekong.com/kinh-nghiem-du-lich-lao","/Users/huynhtronghieu/Documents/thericetour/nucuoimekong_blog_data/all_docx/668_kinh-nghiem-du-lich-lao.docx","/Users/huynhtronghieu/Documents/thericetour/nucuoimekong_blog_data/all_posts/668_kinh-nghiem-du-lich-lao.md"
669,"Hồ Tràm Vũng Tàu – Thiên đường hải sản và chụp ảnh check-in","Điểm du lịch nổi tiếng",2025-04-11,Phase 4,"https://nucuoimekong.com/khu-du-lich-ho-tram-vung-tau","/Users/huynhtronghieu/Documents/thericetour/nucuoimekong_blog_data/all_docx/669_khu-du-lich-ho-tram-vung-tau.docx","/Users/huynhtronghieu/Documents/thericetour/nucuoimekong_blog_data/all_posts/669_khu-du-lich-ho-tram-vung-tau.md"
670,"Kinh nghiệm du lịch Bỉ – Khám phá “vương quốc socola” cực hot","Khám phá và trải nghiệm",2025-04-11,Phase 4,"https://nucuoimekong.com/kinh-nghiem-du-lich-bi","/Users/huynhtronghieu/Documents/thericetour/nucuoimekong_blog_data/all_docx/670_kinh-nghiem-du-lich-bi.docx","/Users/huynhtronghieu/Documents/thericetour/nucuoimekong_blog_data/all_posts/670_kinh-nghiem-du-lich-bi.md"
671,"Bản Cát Cát Sapa – Ngôi làng đẹp nhất miền Tây Bắc (2026)","Điểm du lịch nổi tiếng",2025-04-11,Phase 4,"https://nucuoimekong.com/ban-cat-cat-sapa","/Users/huynhtronghieu/Documents/thericetour/nucuoimekong_blog_data/all_docx/671_ban-cat-cat-sapa.docx","/Users/huynhtronghieu/Documents/thericetour/nucuoimekong_blog_data/all_posts/671_ban-cat-cat-sapa.md"
672,"Chùa Lá Sen Đồng Tháp- Check-in Lá Sen Khổng Lồ","Điểm du lịch nổi tiếng",2025-04-11,Phase 4,"https://nucuoimekong.com/chua-la-sen-dong-thap","/Users/huynhtronghieu/Documents/thericetour/nucuoimekong_blog_data/all_docx/672_chua-la-sen-dong-thap.docx","/Users/huynhtronghieu/Documents/thericetour/nucuoimekong_blog_data/all_posts/672_chua-la-sen-dong-thap.md"
673,"Top các địa điểm du lịch Việt Nam nổi tiếng nhất không thể bỏ lỡ","Toplist",2025-04-11,Phase 4,"https://nucuoimekong.com/dia-diem-du-lich-viet-nam","/Users/huynhtronghieu/Documents/thericetour/nucuoimekong_blog_data/all_docx/673_dia-diem-du-lich-viet-nam.docx","/Users/huynhtronghieu/Documents/thericetour/nucuoimekong_blog_data/all_posts/673_dia-diem-du-lich-viet-nam.md"
674,"Top 8 ngôi chùa Sóc Trăng có kiến trúc ấn tượng nhất 2026","Toplist; Điểm du lịch nổi tiếng",2025-04-11,Phase 4,"https://nucuoimekong.com/chua-soc-trang","/Users/huynhtronghieu/Documents/thericetour/nucuoimekong_blog_data/all_docx/674_chua-soc-trang.docx","/Users/huynhtronghieu/Documents/thericetour/nucuoimekong_blog_data/all_posts/674_chua-soc-trang.md"
675,"Ma Thiên Lãnh Tây Ninh – Điểm trekking đầy ma mị 2026","Điểm du lịch nổi tiếng",2025-04-11,Phase 4,"https://nucuoimekong.com/ma-thien-lanh-tay-ninh","/Users/huynhtronghieu/Documents/thericetour/nucuoimekong_blog_data/all_docx/675_ma-thien-lanh-tay-ninh.docx","/Users/huynhtronghieu/Documents/thericetour/nucuoimekong_blog_data/all_posts/675_ma-thien-lanh-tay-ninh.md"
676,"Đặc sản Phú Yên – Top 25 món ăn nhất định phải thử","Toplist; Đặc sản địa phương",2025-04-11,Phase 4,"https://nucuoimekong.com/dac-san-phu-yen","/Users/huynhtronghieu/Documents/thericetour/nucuoimekong_blog_data/all_docx/676_dac-san-phu-yen.docx","/Users/huynhtronghieu/Documents/thericetour/nucuoimekong_blog_data/all_posts/676_dac-san-phu-yen.md"
677,"Cầu Hàm Rồng – Chứng tích lịch sử quan trọng Thanh Hoá (2026)","Điểm du lịch nổi tiếng",2025-04-11,Phase 4,"https://nucuoimekong.com/cau-ham-rong-thanh-hoa","/Users/huynhtronghieu/Documents/thericetour/nucuoimekong_blog_data/all_docx/677_cau-ham-rong-thanh-hoa.docx","/Users/huynhtronghieu/Documents/thericetour/nucuoimekong_blog_data/all_posts/677_cau-ham-rong-thanh-hoa.md"
678,"Du lịch Hà Giang – Choáng ngộp với 14 điểm đến nổi tiếng (2026)","Điểm du lịch nổi tiếng",2025-04-11,Phase 4,"https://nucuoimekong.com/kinh-nghiem-du-lich-ha-giang","/Users/huynhtronghieu/Documents/thericetour/nucuoimekong_blog_data/all_docx/678_kinh-nghiem-du-lich-ha-giang.docx","/Users/huynhtronghieu/Documents/thericetour/nucuoimekong_blog_data/all_posts/678_kinh-nghiem-du-lich-ha-giang.md"
679,"Kinh nghiệm du lịch Nha Trang: Ăn gì, chơi gì, ở đâu? (2026)","Khám phá và trải nghiệm",2025-04-11,Phase 4,"https://nucuoimekong.com/kinh-nghiem-du-lich-nha-trang","/Users/huynhtronghieu/Documents/thericetour/nucuoimekong_blog_data/all_docx/679_kinh-nghiem-du-lich-nha-trang.docx","/Users/huynhtronghieu/Documents/thericetour/nucuoimekong_blog_data/all_posts/679_kinh-nghiem-du-lich-nha-trang.md"
680,"Yên Tử Quảng Ninh – Trải nghiệm “đất thiêng” tiên cảnh (2026)","Điểm du lịch nổi tiếng",2025-04-11,Phase 4,"https://nucuoimekong.com/kinh-nghiem-du-lich-yen-tu","/Users/huynhtronghieu/Documents/thericetour/nucuoimekong_blog_data/all_docx/680_kinh-nghiem-du-lich-yen-tu.docx","/Users/huynhtronghieu/Documents/thericetour/nucuoimekong_blog_data/all_posts/680_kinh-nghiem-du-lich-yen-tu.md"
681,"Khu du lịch sinh thái Mỹ Phước Thành với đồng sen “mê hồn” 2026","Điểm du lịch nổi tiếng",2025-04-11,Phase 4,"https://nucuoimekong.com/khu-du-lich-sinh-thai-phuoc-my-thanh-dong-thap","/Users/huynhtronghieu/Documents/thericetour/nucuoimekong_blog_data/all_docx/681_khu-du-lich-sinh-thai-phuoc-my-thanh-dong-thap.docx","/Users/huynhtronghieu/Documents/thericetour/nucuoimekong_blog_data/all_posts/681_khu-du-lich-sinh-thai-phuoc-my-thanh-dong-thap.md"
682,"Chùa Kim Tiên An Giang – Vãng cảnh chốn bồng lai “Bảy Núi”","Điểm du lịch nổi tiếng",2025-04-11,Phase 4,"https://nucuoimekong.com/chua-kim-tien-an-giang","/Users/huynhtronghieu/Documents/thericetour/nucuoimekong_blog_data/all_docx/682_chua-kim-tien-an-giang.docx","/Users/huynhtronghieu/Documents/thericetour/nucuoimekong_blog_data/all_posts/682_chua-kim-tien-an-giang.md"
683,"Du lịch Hà Tiên Kiên Giang – Top 8 điểm đến hấp dẫn nhất 2026","Toplist; Điểm du lịch nổi tiếng",2025-04-11,Phase 4,"https://nucuoimekong.com/kinh-nghiem-du-lich-ha-tien","/Users/huynhtronghieu/Documents/thericetour/nucuoimekong_blog_data/all_docx/683_kinh-nghiem-du-lich-ha-tien.docx","/Users/huynhtronghieu/Documents/thericetour/nucuoimekong_blog_data/all_posts/683_kinh-nghiem-du-lich-ha-tien.md"
684,"Tuyệt Tình Cốc – Tuyệt cảnh “sống ảo” tại Hải Phòng (2026)","Điểm du lịch nổi tiếng",2025-04-11,Phase 4,"https://nucuoimekong.com/tuyet-tinh-coc-hai-phong","/Users/huynhtronghieu/Documents/thericetour/nucuoimekong_blog_data/all_docx/684_tuyet-tinh-coc-hai-phong.docx","/Users/huynhtronghieu/Documents/thericetour/nucuoimekong_blog_data/all_posts/684_tuyet-tinh-coc-hai-phong.md"
685,"Top 20 Du lịch Tây Ninh – không nên bỏ lỡ 2026","Toplist; Điểm du lịch nổi tiếng",2025-04-11,Phase 4,"https://nucuoimekong.com/du-lich-tay-ninh-co-gi-choi","/Users/huynhtronghieu/Documents/thericetour/nucuoimekong_blog_data/all_docx/685_du-lich-tay-ninh-co-gi-choi.docx","/Users/huynhtronghieu/Documents/thericetour/nucuoimekong_blog_data/all_posts/685_du-lich-tay-ninh-co-gi-choi.md"
686,"Top các địa điểm du lịch Thanh Hóa mới nhất 2026","Điểm du lịch nổi tiếng",2025-04-11,Phase 4,"https://nucuoimekong.com/dia-diem-du-lich-thanh-hoa","/Users/huynhtronghieu/Documents/thericetour/nucuoimekong_blog_data/all_docx/686_dia-diem-du-lich-thanh-hoa.docx","/Users/huynhtronghieu/Documents/thericetour/nucuoimekong_blog_data/all_posts/686_dia-diem-du-lich-thanh-hoa.md"
687,"Chợ Đông Ba (Huế) có gì mà khiến du khách ‘mê mẩn’ suốt 100 năm qua?","Điểm du lịch nổi tiếng",2025-04-11,Phase 4,"https://nucuoimekong.com/cho-dong-ba-hue","/Users/huynhtronghieu/Documents/thericetour/nucuoimekong_blog_data/all_docx/687_cho-dong-ba-hue.docx","/Users/huynhtronghieu/Documents/thericetour/nucuoimekong_blog_data/all_posts/687_cho-dong-ba-hue.md"
688,"Khám phá công viên giải trí Kittyd & Minnied – ĐH Võ Trường Toản","Điểm du lịch nổi tiếng",2025-04-11,Phase 4,"https://nucuoimekong.com/cong-vien-giai-tri-kittyd-minnied-dai-hoc-vo-truong-toan","/Users/huynhtronghieu/Documents/thericetour/nucuoimekong_blog_data/all_docx/688_cong-vien-giai-tri-kittyd-minnied-dai-hoc-vo-truong-toan.docx","/Users/huynhtronghieu/Documents/thericetour/nucuoimekong_blog_data/all_posts/688_cong-vien-giai-tri-kittyd-minnied-dai-hoc-vo-truong-toan.md"
689,"Đồi cừu Vũng Tàu – Địa điểm check in đẹp từng centimet","Điểm du lịch nổi tiếng",2025-04-11,Phase 4,"https://nucuoimekong.com/doi-cuu-vung-tau","/Users/huynhtronghieu/Documents/thericetour/nucuoimekong_blog_data/all_docx/689_doi-cuu-vung-tau.docx","/Users/huynhtronghieu/Documents/thericetour/nucuoimekong_blog_data/all_posts/689_doi-cuu-vung-tau.md"
690,"Chùa Vĩnh Nghiêm – Điểm du lịch tâm linh nổi tiếng Sài Gòn","Điểm du lịch nổi tiếng",2025-04-11,Phase 4,"https://nucuoimekong.com/chua-vinh-nghiem","/Users/huynhtronghieu/Documents/thericetour/nucuoimekong_blog_data/all_docx/690_chua-vinh-nghiem.docx","/Users/huynhtronghieu/Documents/thericetour/nucuoimekong_blog_data/all_posts/690_chua-vinh-nghiem.md"
691,"Bán Đảo Sơn Trà – Hướng dẫn du lịch Bán đảo Sơn Trà (2026)","Điểm du lịch nổi tiếng",2025-04-11,Phase 4,"https://nucuoimekong.com/ban-dao-son-tra-da-nang","/Users/huynhtronghieu/Documents/thericetour/nucuoimekong_blog_data/all_docx/691_ban-dao-son-tra-da-nang.docx","/Users/huynhtronghieu/Documents/thericetour/nucuoimekong_blog_data/all_posts/691_ban-dao-son-tra-da-nang.md"
692,"Chùa Bà Đen Tây Ninh – Du lịch tâm linh nổi tiếng nhất Việt Nam","Điểm du lịch nổi tiếng",2025-04-11,Phase 4,"https://nucuoimekong.com/chua-ba-den-tay-ninh","/Users/huynhtronghieu/Documents/thericetour/nucuoimekong_blog_data/all_docx/692_chua-ba-den-tay-ninh.docx","/Users/huynhtronghieu/Documents/thericetour/nucuoimekong_blog_data/all_posts/692_chua-ba-den-tay-ninh.md"
693,"Nhà úp ngược Sa Đéc – Ngôi nhà độc nhất vô nhị miền Tây","Điểm du lịch nổi tiếng",2025-04-11,Phase 4,"https://nucuoimekong.com/nha-up-nguoc-sa-dec-dong-thap","/Users/huynhtronghieu/Documents/thericetour/nucuoimekong_blog_data/all_docx/693_nha-up-nguoc-sa-dec-dong-thap.docx","/Users/huynhtronghieu/Documents/thericetour/nucuoimekong_blog_data/all_posts/693_nha-up-nguoc-sa-dec-dong-thap.md"
694,"Khám phá Top 11 lễ hội ở miền Nam (2026)","Văn hóa và lễ hội",2025-04-11,Phase 4,"https://nucuoimekong.com/cac-le-hoi-o-mien-nam","/Users/huynhtronghieu/Documents/thericetour/nucuoimekong_blog_data/all_docx/694_cac-le-hoi-o-mien-nam.docx","/Users/huynhtronghieu/Documents/thericetour/nucuoimekong_blog_data/all_posts/694_cac-le-hoi-o-mien-nam.md"
695,"Top 15 món đặc sản Nam Du hấp dẫn (2026)","Đặc sản địa phương",2025-04-11,Phase 4,"https://nucuoimekong.com/dac-san-nam-du","/Users/huynhtronghieu/Documents/thericetour/nucuoimekong_blog_data/all_docx/695_dac-san-nam-du.docx","/Users/huynhtronghieu/Documents/thericetour/nucuoimekong_blog_data/all_posts/695_dac-san-nam-du.md"
696,"Nhà cổ Cai Cường – Nhà cổ đẹp nhất cù lao An Bình (2026)","Điểm du lịch nổi tiếng",2025-04-11,Phase 4,"https://nucuoimekong.com/nha-co-cai-cuong","/Users/huynhtronghieu/Documents/thericetour/nucuoimekong_blog_data/all_docx/696_nha-co-cai-cuong.docx","/Users/huynhtronghieu/Documents/thericetour/nucuoimekong_blog_data/all_posts/696_nha-co-cai-cuong.md"
697,"Bảo tàng Lịch sử Việt Nam – Khoảnh khắc lịch sử thiêng liêng","Điểm du lịch nổi tiếng",2025-04-11,Phase 4,"https://nucuoimekong.com/bao-tang-lich-su-viet-nam","/Users/huynhtronghieu/Documents/thericetour/nucuoimekong_blog_data/all_docx/697_bao-tang-lich-su-viet-nam.docx","/Users/huynhtronghieu/Documents/thericetour/nucuoimekong_blog_data/all_posts/697_bao-tang-lich-su-viet-nam.md"
698,"Lẩu gà lá é Đà Lạt – Top 10 quán lẩu ngon nức tiếng (2026)","Review ẩm thực; Toplist",2025-04-10,Phase 4,"https://nucuoimekong.com/lau-ga-la-e-da-lat","/Users/huynhtronghieu/Documents/thericetour/nucuoimekong_blog_data/all_docx/698_lau-ga-la-e-da-lat.docx","/Users/huynhtronghieu/Documents/thericetour/nucuoimekong_blog_data/all_posts/698_lau-ga-la-e-da-lat.md"
699,"Hầm Thủ Thiêm – Điểm hẹn check in, ăn uống cuối tuần Sài Gòn","Điểm du lịch nổi tiếng",2025-04-10,Phase 4,"https://nucuoimekong.com/ham-thu-thiem","/Users/huynhtronghieu/Documents/thericetour/nucuoimekong_blog_data/all_docx/699_ham-thu-thiem.docx","/Users/huynhtronghieu/Documents/thericetour/nucuoimekong_blog_data/all_posts/699_ham-thu-thiem.md"
700,"Check-in Phố cổ Hội An – Vẻ đẹp lắng đọng theo thời gian","Điểm du lịch nổi tiếng",2025-04-10,Phase 4,"https://nucuoimekong.com/pho-co-hoi-an","/Users/huynhtronghieu/Documents/thericetour/nucuoimekong_blog_data/all_docx/700_pho-co-hoi-an.docx","/Users/huynhtronghieu/Documents/thericetour/nucuoimekong_blog_data/all_posts/700_pho-co-hoi-an.md"
701,"Phở Hà Nội – Top 16 quán phở gia truyền cực ngon 2026","Review ẩm thực; Toplist",2025-04-10,Phase 4,"https://nucuoimekong.com/pho-ha-noi","/Users/huynhtronghieu/Documents/thericetour/nucuoimekong_blog_data/all_docx/701_pho-ha-noi.docx","/Users/huynhtronghieu/Documents/thericetour/nucuoimekong_blog_data/all_posts/701_pho-ha-noi.md"
702,"Khu du lịch Đại Nam – Khu giải trí tích hợp đỉnh cao","Điểm du lịch nổi tiếng",2025-04-10,Phase 4,"https://nucuoimekong.com/khu-du-lich-dai-nam","/Users/huynhtronghieu/Documents/thericetour/nucuoimekong_blog_data/all_docx/702_khu-du-lich-dai-nam.docx","/Users/huynhtronghieu/Documents/thericetour/nucuoimekong_blog_data/all_posts/702_khu-du-lich-dai-nam.md"
703,"Top 14 món ăn đặc sản Côn Đảo không thể bỏ lỡ","Đặc sản địa phương",2025-04-09,Phase 4,"https://nucuoimekong.com/dac-san-con-dao","/Users/huynhtronghieu/Documents/thericetour/nucuoimekong_blog_data/all_docx/703_dac-san-con-dao.docx","/Users/huynhtronghieu/Documents/thericetour/nucuoimekong_blog_data/all_posts/703_dac-san-con-dao.md"
704,"Chùa Xiêm Cán – Khám phá ngôi chùa đẹp nhất Bạc Liêu","Điểm du lịch nổi tiếng",2025-04-09,Phase 4,"https://nucuoimekong.com/chua-xiem-can-bac-lieu","/Users/huynhtronghieu/Documents/thericetour/nucuoimekong_blog_data/all_docx/704_chua-xiem-can-bac-lieu.docx","/Users/huynhtronghieu/Documents/thericetour/nucuoimekong_blog_data/all_posts/704_chua-xiem-can-bac-lieu.md"
705,"Top 6 tour miền Tây 2 ngày 1 đêm nổi bật 2026","Toplist",2025-04-08,Phase 4,"https://nucuoimekong.com/tong-hop-tour-mien-tay-2-ngay-1-dem-dang-di-nhat","/Users/huynhtronghieu/Documents/thericetour/nucuoimekong_blog_data/all_docx/705_tong-hop-tour-mien-tay-2-ngay-1-dem-dang-di-nhat.docx","/Users/huynhtronghieu/Documents/thericetour/nucuoimekong_blog_data/all_posts/705_tong-hop-tour-mien-tay-2-ngay-1-dem-dang-di-nhat.md"
706,"Top 7 tour du lịch miền Tây đáng trải nghiệm","Toplist",2025-04-08,Phase 4,"https://nucuoimekong.com/tong-hop-tour-du-lich-mien-tay-dang-trai-nghiem","/Users/huynhtronghieu/Documents/thericetour/nucuoimekong_blog_data/all_docx/706_tong-hop-tour-du-lich-mien-tay-dang-trai-nghiem.docx","/Users/huynhtronghieu/Documents/thericetour/nucuoimekong_blog_data/all_posts/706_tong-hop-tour-du-lich-mien-tay-dang-trai-nghiem.md"
707,"Cồn Thới Sơn Tiền Giang – Check-in miệt vườn miền Tây","Điểm du lịch nổi tiếng",2025-04-08,Phase 4,"https://nucuoimekong.com/con-thoi-son-tien-giang","/Users/huynhtronghieu/Documents/thericetour/nucuoimekong_blog_data/all_docx/707_con-thoi-son-tien-giang.docx","/Users/huynhtronghieu/Documents/thericetour/nucuoimekong_blog_data/all_posts/707_con-thoi-son-tien-giang.md"
708,"Tổng hợp các tour Cần Thơ hấp dẫn 2026","Toplist",2025-04-08,Phase 4,"https://nucuoimekong.com/tong-hop-tour-can-tho-hap-dan","/Users/huynhtronghieu/Documents/thericetour/nucuoimekong_blog_data/all_docx/708_tong-hop-tour-can-tho-hap-dan.docx","/Users/huynhtronghieu/Documents/thericetour/nucuoimekong_blog_data/all_posts/708_tong-hop-tour-can-tho-hap-dan.md"
709,"Tổng hợp 4 tour du lịch An Giang nổi bật tại Nụ Cười Mê Kông","Toplist",2025-04-08,Phase 4,"https://nucuoimekong.com/tong-hop-tour-du-lich-an-giang-tai-nu-cuoi-me-kong","/Users/huynhtronghieu/Documents/thericetour/nucuoimekong_blog_data/all_docx/709_tong-hop-tour-du-lich-an-giang-tai-nu-cuoi-me-kong.docx","/Users/huynhtronghieu/Documents/thericetour/nucuoimekong_blog_data/all_posts/709_tong-hop-tour-du-lich-an-giang-tai-nu-cuoi-me-kong.md"
710,"Tổng hợp các tour du lịch Cà Mau hot tại Nụ Cười Mê Kông","Toplist",2025-04-08,Phase 4,"https://nucuoimekong.com/tour-du-lich-ca-mau-hot-tai-nu-cuoi-me-kong","/Users/huynhtronghieu/Documents/thericetour/nucuoimekong_blog_data/all_docx/710_tour-du-lich-ca-mau-hot-tai-nu-cuoi-me-kong.docx","/Users/huynhtronghieu/Documents/thericetour/nucuoimekong_blog_data/all_posts/710_tour-du-lich-ca-mau-hot-tai-nu-cuoi-me-kong.md"
711,"Kinh nghiệm du lịch Dubai tự túc mới nhất 2026","Khám phá và trải nghiệm",2025-04-08,Phase 4,"https://nucuoimekong.com/kinh-nghiem-du-lich-dubai-tu-tuc","/Users/huynhtronghieu/Documents/thericetour/nucuoimekong_blog_data/all_docx/711_kinh-nghiem-du-lich-dubai-tu-tuc.docx","/Users/huynhtronghieu/Documents/thericetour/nucuoimekong_blog_data/all_posts/711_kinh-nghiem-du-lich-dubai-tu-tuc.md"
712,"Top 22 đặc sản Nha Trang “không thể chối từ” 2026","Toplist; Đặc sản địa phương",2025-04-08,Phase 4,"https://nucuoimekong.com/dac-san-nha-trang","/Users/huynhtronghieu/Documents/thericetour/nucuoimekong_blog_data/all_docx/712_dac-san-nha-trang.docx","/Users/huynhtronghieu/Documents/thericetour/nucuoimekong_blog_data/all_posts/712_dac-san-nha-trang.md"
713,"Cánh đồng muối Bạc Liêu – Địa điểm check-in “hot rần rần”","Điểm du lịch nổi tiếng",2025-04-08,Phase 4,"https://nucuoimekong.com/canh-dong-muoi-bac-lieu","/Users/huynhtronghieu/Documents/thericetour/nucuoimekong_blog_data/all_docx/713_canh-dong-muoi-bac-lieu.docx","/Users/huynhtronghieu/Documents/thericetour/nucuoimekong_blog_data/all_posts/713_canh-dong-muoi-bac-lieu.md"
714,"Chợ nổi Ngã Năm – Ngắm trọn vẻ đẹp văn hóa Việt 2026","Điểm du lịch nổi tiếng",2025-04-08,Phase 4,"https://nucuoimekong.com/cho-noi-nga-nam-soc-trang","/Users/huynhtronghieu/Documents/thericetour/nucuoimekong_blog_data/all_docx/714_cho-noi-nga-nam-soc-trang.docx","/Users/huynhtronghieu/Documents/thericetour/nucuoimekong_blog_data/all_posts/714_cho-noi-nga-nam-soc-trang.md"
715,"Combo Côn Đảo 2 ngày 1 đêm – Di chuyển máy bay từ Cần Thơ","Combo du lịch",2025-04-08,Phase 4,"https://nucuoimekong.com/combo-con-dao-2-ngay-1-dem-may-bay","/Users/huynhtronghieu/Documents/thericetour/nucuoimekong_blog_data/all_docx/715_combo-con-dao-2-ngay-1-dem-may-bay.docx","/Users/huynhtronghieu/Documents/thericetour/nucuoimekong_blog_data/all_posts/715_combo-con-dao-2-ngay-1-dem-may-bay.md"
716,"Nhà thờ Domaine De Marie – Châu Âu thu nhỏ giữa Đà Lạt","Điểm du lịch nổi tiếng",2025-04-08,Phase 4,"https://nucuoimekong.com/nha-tho-domaine-de-marie","/Users/huynhtronghieu/Documents/thericetour/nucuoimekong_blog_data/all_docx/716_nha-tho-domaine-de-marie.docx","/Users/huynhtronghieu/Documents/thericetour/nucuoimekong_blog_data/all_posts/716_nha-tho-domaine-de-marie.md"
717,"Chùa Chén Kiểu Sóc Trăng – “Độc đáo” ngôi chùa kiến trúc bằng “chén”","Điểm du lịch nổi tiếng",2025-04-06,Phase 4,"https://nucuoimekong.com/chua-chen-kieu","/Users/huynhtronghieu/Documents/thericetour/nucuoimekong_blog_data/all_docx/717_chua-chen-kieu.docx","/Users/huynhtronghieu/Documents/thericetour/nucuoimekong_blog_data/all_posts/717_chua-chen-kieu.md"
718,"Bảo Tàng Cần Thơ: Lịch Sử, Văn Hóa & Trải Nghiệm 2026","Điểm du lịch nổi tiếng",2025-04-05,Phase 4,"https://nucuoimekong.com/bao-tang-can-tho","/Users/huynhtronghieu/Documents/thericetour/nucuoimekong_blog_data/all_docx/718_bao-tang-can-tho.docx","/Users/huynhtronghieu/Documents/thericetour/nucuoimekong_blog_data/all_posts/718_bao-tang-can-tho.md"
719,"Chùa Quan Âm Đà Lạt – Ngôi chùa nổi tiếng ở Đà Lạt (2026)","Điểm du lịch nổi tiếng",2025-04-05,Phase 4,"https://nucuoimekong.com/chua-quan-am-da-lat","/Users/huynhtronghieu/Documents/thericetour/nucuoimekong_blog_data/all_docx/719_chua-quan-am-da-lat.docx","/Users/huynhtronghieu/Documents/thericetour/nucuoimekong_blog_data/all_posts/719_chua-quan-am-da-lat.md"
720,"Tu viện Bát Nhã Bảo Lộc – Thiền viện đẹp nhất tại Lâm Đồng?","Điểm du lịch nổi tiếng",2025-04-05,Phase 4,"https://nucuoimekong.com/tu-vien-bat-nha-bao-loc","/Users/huynhtronghieu/Documents/thericetour/nucuoimekong_blog_data/all_docx/720_tu-vien-bat-nha-bao-loc.docx","/Users/huynhtronghieu/Documents/thericetour/nucuoimekong_blog_data/all_posts/720_tu-vien-bat-nha-bao-loc.md"
721,"Ngọn hải đăng Vũng Tàu – Khám phá nét đẹp hoang sơ ở Vũng Tàu","Điểm du lịch nổi tiếng",2025-04-05,Phase 4,"https://nucuoimekong.com/ngon-hai-dang-vung-tau","/Users/huynhtronghieu/Documents/thericetour/nucuoimekong_blog_data/all_docx/721_ngon-hai-dang-vung-tau.docx","/Users/huynhtronghieu/Documents/thericetour/nucuoimekong_blog_data/all_posts/721_ngon-hai-dang-vung-tau.md"
722,"Top 28 đặc Sản Cà Mau nhất định phải thử 2026","Toplist; Đặc sản địa phương",2025-04-04,Phase 4,"https://nucuoimekong.com/dac-san-ca-mau","/Users/huynhtronghieu/Documents/thericetour/nucuoimekong_blog_data/all_docx/722_dac-san-ca-mau.docx","/Users/huynhtronghieu/Documents/thericetour/nucuoimekong_blog_data/all_posts/722_dac-san-ca-mau.md"
723,"Chùa Nam Nhã Cần Thơ: Dấu Ấn Văn Hóa & Tâm Linh 2026","Điểm du lịch nổi tiếng",2025-04-04,Phase 4,"https://nucuoimekong.com/chua-nam-nha-can-tho","/Users/huynhtronghieu/Documents/thericetour/nucuoimekong_blog_data/all_docx/723_chua-nam-nha-can-tho.docx","/Users/huynhtronghieu/Documents/thericetour/nucuoimekong_blog_data/all_posts/723_chua-nam-nha-can-tho.md"
724,"Đình Bình Thủy – Biểu tượng văn hóa miền Tây Nam Bộ 2026","Điểm du lịch nổi tiếng",2025-04-02,Phase 4,"https://nucuoimekong.com/dinh-binh-thuy-can-tho","/Users/huynhtronghieu/Documents/thericetour/nucuoimekong_blog_data/all_docx/724_dinh-binh-thuy-can-tho.docx","/Users/huynhtronghieu/Documents/thericetour/nucuoimekong_blog_data/all_posts/724_dinh-binh-thuy-can-tho.md"
725,"Cầu đi bộ Ninh Kiều: Biểu Tượng & Kinh nghiệm du lịch 2026","Điểm du lịch nổi tiếng",2025-04-01,Phase 4,"https://nucuoimekong.com/cau-tinh-yeu-can-tho","/Users/huynhtronghieu/Documents/thericetour/nucuoimekong_blog_data/all_docx/725_cau-tinh-yeu-can-tho.docx","/Users/huynhtronghieu/Documents/thericetour/nucuoimekong_blog_data/all_posts/725_cau-tinh-yeu-can-tho.md"
726,"Cầu Cần Thơ: Lịch Sử, Thông Tin, Kinh Nghiệm Du Lịch 2026","Khám phá và trải nghiệm",2025-03-30,Phase 4,"https://nucuoimekong.com/cau-can-tho","/Users/huynhtronghieu/Documents/thericetour/nucuoimekong_blog_data/all_docx/726_cau-can-tho.docx","/Users/huynhtronghieu/Documents/thericetour/nucuoimekong_blog_data/all_posts/726_cau-can-tho.md"
727,"Vé tàu Rạch Giá Hòn Sơn – Giá vé mới nhất từ các hãng tàu","Vé tàu",2025-03-29,Phase 4,"https://nucuoimekong.com/ve-tau-rach-gia-hon-son","/Users/huynhtronghieu/Documents/thericetour/nucuoimekong_blog_data/all_docx/727_ve-tau-rach-gia-hon-son.docx","/Users/huynhtronghieu/Documents/thericetour/nucuoimekong_blog_data/all_posts/727_ve-tau-rach-gia-hon-son.md"
728,"Vì sao phải mua tour du lịch nước ngoài tại Nụ Cười Mê Kông?","Tin tức",2025-03-27,Phase 4,"https://nucuoimekong.com/vi-sao-phai-mua-tour-nuoc-ngoai-tai-nu-cuoi-me-kong","/Users/huynhtronghieu/Documents/thericetour/nucuoimekong_blog_data/all_docx/728_vi-sao-phai-mua-tour-nuoc-ngoai-tai-nu-cuoi-me-kong.docx","/Users/huynhtronghieu/Documents/thericetour/nucuoimekong_blog_data/all_posts/728_vi-sao-phai-mua-tour-nuoc-ngoai-tai-nu-cuoi-me-kong.md"
729,"Chợ Đêm Ninh Kiều Cần Thơ: Thiên đường ẩm thực & Mua sắm 2026","Điểm du lịch nổi tiếng",2025-03-27,Phase 4,"https://nucuoimekong.com/cho-dem-can-tho","/Users/huynhtronghieu/Documents/thericetour/nucuoimekong_blog_data/all_docx/729_cho-dem-can-tho.docx","/Users/huynhtronghieu/Documents/thericetour/nucuoimekong_blog_data/all_posts/729_cho-dem-can-tho.md"
730,"Top tour Đại Lễ 30/4-1/5: Vui Lễ Chơi Xa – Ưu Đãi Bao La","Tin tức; Toplist",2025-03-25,Phase 4,"https://nucuoimekong.com/top-tour-dai-le-30-4-1-5","/Users/huynhtronghieu/Documents/thericetour/nucuoimekong_blog_data/all_docx/730_top-tour-dai-le-30-4-1-5.docx","/Users/huynhtronghieu/Documents/thericetour/nucuoimekong_blog_data/all_posts/730_top-tour-dai-le-30-4-1-5.md"
731,"Vui Lễ chơi xa – Ưu đãi bao la cho dịp lễ 30/4-1/5","Khuyến mãi - Mã giảm giá",2025-03-25,Phase 4,"https://nucuoimekong.com/khuyen-mai-tour-le-30-4-1-5","/Users/huynhtronghieu/Documents/thericetour/nucuoimekong_blog_data/all_docx/731_khuyen-mai-tour-le-30-4-1-5.docx","/Users/huynhtronghieu/Documents/thericetour/nucuoimekong_blog_data/all_posts/731_khuyen-mai-tour-le-30-4-1-5.md"
732,"Kinh nghiệm du lịch Phú Quốc – Check-in “đảo ngọc” xinh đẹp","Khám phá và trải nghiệm",2025-03-24,Phase 4,"https://nucuoimekong.com/kinh-nghiem-du-lich-phu-quoc","/Users/huynhtronghieu/Documents/thericetour/nucuoimekong_blog_data/all_docx/732_kinh-nghiem-du-lich-phu-quoc.docx","/Users/huynhtronghieu/Documents/thericetour/nucuoimekong_blog_data/all_posts/732_kinh-nghiem-du-lich-phu-quoc.md"
733,"Chùa Phật Học – Ngôi chùa linh thiêng ở Cần Thơ","Điểm du lịch nổi tiếng",2025-03-23,Phase 4,"https://nucuoimekong.com/chua-phat-hoc","/Users/huynhtronghieu/Documents/thericetour/nucuoimekong_blog_data/all_docx/733_chua-phat-hoc.docx","/Users/huynhtronghieu/Documents/thericetour/nucuoimekong_blog_data/all_posts/733_chua-phat-hoc.md"
734,"Chùa Ông Cần Thơ: Lịch Sử, Kiến Trúc & Kinh Nghiệm Du Lịch","Điểm du lịch nổi tiếng",2025-03-09,Phase 4,"https://nucuoimekong.com/chua-ong-can-tho","/Users/huynhtronghieu/Documents/thericetour/nucuoimekong_blog_data/all_docx/734_chua-ong-can-tho.docx","/Users/huynhtronghieu/Documents/thericetour/nucuoimekong_blog_data/all_posts/734_chua-ong-can-tho.md"
735,"Chùa Kiến An Cung Sa Đéc Đồng Tháp cổ kính và linh thiêng","Điểm du lịch nổi tiếng",2025-03-06,Phase 4,"https://nucuoimekong.com/chua-kien-an-cung","/Users/huynhtronghieu/Documents/thericetour/nucuoimekong_blog_data/all_docx/735_chua-kien-an-cung.docx","/Users/huynhtronghieu/Documents/thericetour/nucuoimekong_blog_data/all_posts/735_chua-kien-an-cung.md"
736,"Hòn Sơn – Check-in “Maldives thu nhỏ” cực đẹp miền Tây (2026)","Điểm du lịch nổi tiếng",2025-02-27,Phase 4,"https://nucuoimekong.com/kinh-nghiem-du-lich-hon-son-kien-giang","/Users/huynhtronghieu/Documents/thericetour/nucuoimekong_blog_data/all_docx/736_kinh-nghiem-du-lich-hon-son-kien-giang.docx","/Users/huynhtronghieu/Documents/thericetour/nucuoimekong_blog_data/all_posts/736_kinh-nghiem-du-lich-hon-son-kien-giang.md"
737,"Vườn quốc gia U Minh Hạ – Check-in cung đường xuyên rừng","Khám phá và trải nghiệm",2025-02-27,Phase 4,"https://nucuoimekong.com/vuon-quoc-gia-u-minh-ha","/Users/huynhtronghieu/Documents/thericetour/nucuoimekong_blog_data/all_docx/737_vuon-quoc-gia-u-minh-ha.docx","/Users/huynhtronghieu/Documents/thericetour/nucuoimekong_blog_data/all_posts/737_vuon-quoc-gia-u-minh-ha.md"
738,"Biển Ba Động Trà Vinh – Kinh nghiệm du lịch thực tế hấp dẫn","Điểm du lịch nổi tiếng",2025-02-26,Phase 4,"https://nucuoimekong.com/bien-ba-dong-tra-vinh","/Users/huynhtronghieu/Documents/thericetour/nucuoimekong_blog_data/all_docx/738_bien-ba-dong-tra-vinh.docx","/Users/huynhtronghieu/Documents/thericetour/nucuoimekong_blog_data/all_posts/738_bien-ba-dong-tra-vinh.md"
739,"Mẹo 13 cách chụp ảnh đẹp bằng điện thoại hiệu quả nhất (2026)","Tips du lịch hay",2025-02-25,Phase 4,"https://nucuoimekong.com/cach-chup-anh-dep-bang-dien-thoai","/Users/huynhtronghieu/Documents/thericetour/nucuoimekong_blog_data/all_docx/739_cach-chup-anh-dep-bang-dien-thoai.docx","/Users/huynhtronghieu/Documents/thericetour/nucuoimekong_blog_data/all_posts/739_cach-chup-anh-dep-bang-dien-thoai.md"
740,"Khu di tích lịch sử Giàn Gừa – Khám phá cây giàn gừa khổng lồ","Điểm du lịch nổi tiếng",2025-02-24,Phase 4,"https://nucuoimekong.com/khu-di-tich-gian-gua-can-tho","/Users/huynhtronghieu/Documents/thericetour/nucuoimekong_blog_data/all_docx/740_khu-di-tich-gian-gua-can-tho.docx","/Users/huynhtronghieu/Documents/thericetour/nucuoimekong_blog_data/all_posts/740_khu-di-tich-gian-gua-can-tho.md"
741,"Đặc sản miền Tây – Top 28 món ăn ngon nhất định phải thử (2026)","Review ẩm thực; Về miền Tây; Đặc sản địa phương",2025-02-23,Phase 4,"https://nucuoimekong.com/dac-san-mien-tay","/Users/huynhtronghieu/Documents/thericetour/nucuoimekong_blog_data/all_docx/741_dac-san-mien-tay.docx","/Users/huynhtronghieu/Documents/thericetour/nucuoimekong_blog_data/all_posts/741_dac-san-mien-tay.md"
742,"Chợ nổi Phong Điền: Nét văn hóa sông nước đặc sắc của Cần Thơ","Điểm du lịch nổi tiếng",2025-02-21,Phase 4,"https://nucuoimekong.com/cho-noi-phong-dien-can-tho","/Users/huynhtronghieu/Documents/thericetour/nucuoimekong_blog_data/all_docx/742_cho-noi-phong-dien-can-tho.docx","/Users/huynhtronghieu/Documents/thericetour/nucuoimekong_blog_data/all_posts/742_cho-noi-phong-dien-can-tho.md"
743,"Chiến dịch CSR Chợ nổi Cái Răng: “Đón Tết trên sông” 2026","Phát triển bền vững; Tin tức",2025-02-20,Phase 4,"https://nucuoimekong.com/chien-dich-csr-cho-noi-cai-rang-don-tet-tren-song","/Users/huynhtronghieu/Documents/thericetour/nucuoimekong_blog_data/all_docx/743_chien-dich-csr-cho-noi-cai-rang-don-tet-tren-song.docx","/Users/huynhtronghieu/Documents/thericetour/nucuoimekong_blog_data/all_posts/743_chien-dich-csr-cho-noi-cai-rang-don-tet-tren-song.md"
744,"Chợ nổi Miền Tây – Top 8 ngôi chợ nổi nức tiếng “vùng đất 9 rồng”","Điểm du lịch nổi tiếng",2025-02-17,Phase 4,"https://nucuoimekong.com/cho-noi-mien-tay","/Users/huynhtronghieu/Documents/thericetour/nucuoimekong_blog_data/all_docx/744_cho-noi-mien-tay.docx","/Users/huynhtronghieu/Documents/thericetour/nucuoimekong_blog_data/all_posts/744_cho-noi-mien-tay.md"
745,"Chợ Tịnh Biên Châu Đốc An Giang | Có bán đặc sản gì","Đặc sản địa phương; Điểm du lịch nổi tiếng",2025-02-15,Phase 4,"https://nucuoimekong.com/cho-tinh-bien","/Users/huynhtronghieu/Documents/thericetour/nucuoimekong_blog_data/all_docx/745_cho-tinh-bien.docx","/Users/huynhtronghieu/Documents/thericetour/nucuoimekong_blog_data/all_posts/745_cho-tinh-bien.md"
746,"Chùa Munir Ansay – Ngôi chùa Khmer đẹp nhất Cần Thơ","Điểm du lịch nổi tiếng",2025-02-10,Phase 4,"https://nucuoimekong.com/chua-khmer-can-tho-munir-ansay","/Users/huynhtronghieu/Documents/thericetour/nucuoimekong_blog_data/all_docx/746_chua-khmer-can-tho-munir-ansay.docx","/Users/huynhtronghieu/Documents/thericetour/nucuoimekong_blog_data/all_posts/746_chua-khmer-can-tho-munir-ansay.md"
747,"Du lịch Bến Tre – Khám phá “Vương quốc dừa” ở miền Tây (2026)","Khám phá và trải nghiệm",2025-02-07,Phase 4,"https://nucuoimekong.com/kinh-nghiem-du-lich-ben-tre","/Users/huynhtronghieu/Documents/thericetour/nucuoimekong_blog_data/all_docx/747_kinh-nghiem-du-lich-ben-tre.docx","/Users/huynhtronghieu/Documents/thericetour/nucuoimekong_blog_data/all_posts/747_kinh-nghiem-du-lich-ben-tre.md"
748,"Núi Két An Giang – Khám phá Thất Sơn huyền bí An Giang (2026)","Điểm du lịch nổi tiếng",2025-02-02,Phase 4,"https://nucuoimekong.com/nui-ket-an-giang","/Users/huynhtronghieu/Documents/thericetour/nucuoimekong_blog_data/all_docx/748_nui-ket-an-giang.docx","/Users/huynhtronghieu/Documents/thericetour/nucuoimekong_blog_data/all_posts/748_nui-ket-an-giang.md"
749,"Tàu cao tốc Mai Linh Express: Trải nghiệm 5 sao tuyến Cần Thơ – Côn Đảo","Vé tàu",2025-02-02,Phase 4,"https://nucuoimekong.com/co-gi-trong-tau-cao-toc-mai-linh-express","/Users/huynhtronghieu/Documents/thericetour/nucuoimekong_blog_data/all_docx/749_co-gi-trong-tau-cao-toc-mai-linh-express.docx","/Users/huynhtronghieu/Documents/thericetour/nucuoimekong_blog_data/all_posts/749_co-gi-trong-tau-cao-toc-mai-linh-express.md"
750,"Vé tàu Hà Tiên Tiên Hải: Lịch tàu, giá vé đi Đảo Hải Tặc năm 2026","Dịch vụ; Vé tàu",2025-02-02,Phase 4,"https://nucuoimekong.com/ve-tau-ha-tien-tien-hai","/Users/huynhtronghieu/Documents/thericetour/nucuoimekong_blog_data/all_docx/750_ve-tau-ha-tien-tien-hai.docx","/Users/huynhtronghieu/Documents/thericetour/nucuoimekong_blog_data/all_posts/750_ve-tau-ha-tien-tien-hai.md"
751,"Vườn quýt hồng Lai Vung Đồng Tháp – Địa điểm cực đẹp mùa Tết","Điểm du lịch nổi tiếng",2025-01-31,Phase 4,"https://nucuoimekong.com/vuon-quyt-hong-lai-vung","/Users/huynhtronghieu/Documents/thericetour/nucuoimekong_blog_data/all_docx/751_vuon-quyt-hong-lai-vung.docx","/Users/huynhtronghieu/Documents/thericetour/nucuoimekong_blog_data/all_posts/751_vuon-quyt-hong-lai-vung.md"
752,"Chùa Thiên Mụ ở Huế – Khám phá “linh hồn” của đất Cố đô 2026","Điểm du lịch nổi tiếng",2025-01-30,Phase 4,"https://nucuoimekong.com/chua-thien-mu-hue","/Users/huynhtronghieu/Documents/thericetour/nucuoimekong_blog_data/all_docx/752_chua-thien-mu-hue.docx","/Users/huynhtronghieu/Documents/thericetour/nucuoimekong_blog_data/all_posts/752_chua-thien-mu-hue.md"
753,"Top 22 đặc sản Cần Thơ – Các món ăn ngon nhất Cần Thơ (2026)","Review ẩm thực; Đặc sản địa phương",2025-01-30,Phase 4,"https://nucuoimekong.com/dac-san-can-tho","/Users/huynhtronghieu/Documents/thericetour/nucuoimekong_blog_data/all_docx/753_dac-san-can-tho.docx","/Users/huynhtronghieu/Documents/thericetour/nucuoimekong_blog_data/all_posts/753_dac-san-can-tho.md"
754,"Búng Bình Thiên – Khám phá “hồ nước ngọt trời ban” tại An Giang","Điểm du lịch nổi tiếng",2025-01-29,Phase 4,"https://nucuoimekong.com/bung-binh-thien","/Users/huynhtronghieu/Documents/thericetour/nucuoimekong_blog_data/all_docx/754_bung-binh-thien.docx","/Users/huynhtronghieu/Documents/thericetour/nucuoimekong_blog_data/all_posts/754_bung-binh-thien.md"
755,"Cù lao Mây – Khám phá miệt vườn sông nước Vĩnh Long (2026)","Điểm du lịch nổi tiếng",2025-01-28,Phase 4,"https://nucuoimekong.com/cu-lao-may-vinh-long","/Users/huynhtronghieu/Documents/thericetour/nucuoimekong_blog_data/all_docx/755_cu-lao-may-vinh-long.docx","/Users/huynhtronghieu/Documents/thericetour/nucuoimekong_blog_data/all_posts/755_cu-lao-may-vinh-long.md"
756,"Cù lao Tân Phong – Điểm đến lý tưởng du lịch Tiền Giang","Điểm du lịch nổi tiếng",2025-01-27,Phase 4,"https://nucuoimekong.com/cu-lao-tan-phong","/Users/huynhtronghieu/Documents/thericetour/nucuoimekong_blog_data/all_docx/756_cu-lao-tan-phong.docx","/Users/huynhtronghieu/Documents/thericetour/nucuoimekong_blog_data/all_posts/756_cu-lao-tan-phong.md"
757,"Cồn Chim – Du lịch cộng đồng “Ốc đảo xanh” của Trà Vinh 2026","Điểm du lịch nổi tiếng",2025-01-25,Phase 4,"https://nucuoimekong.com/con-chim-tra-vinh","/Users/huynhtronghieu/Documents/thericetour/nucuoimekong_blog_data/all_docx/757_con-chim-tra-vinh.docx","/Users/huynhtronghieu/Documents/thericetour/nucuoimekong_blog_data/all_posts/757_con-chim-tra-vinh.md"
758,"Eo Gió Kỳ Co Quy Nhơn – Địa điểm check-in cực “ảo” 2026","Điểm du lịch nổi tiếng",2025-01-20,Phase 4,"https://nucuoimekong.com/eo-gio-ky-co-quy-nhon","/Users/huynhtronghieu/Documents/thericetour/nucuoimekong_blog_data/all_docx/758_eo-gio-ky-co-quy-nhon.docx","/Users/huynhtronghieu/Documents/thericetour/nucuoimekong_blog_data/all_posts/758_eo-gio-ky-co-quy-nhon.md"
759,"Mẹ Nam Hải Bạc Liêu – Bí ẩn về Quan Âm Phật Đài (2026)","Điểm du lịch nổi tiếng",2025-01-20,Phase 4,"https://nucuoimekong.com/me-nam-hai-bac-lieu","/Users/huynhtronghieu/Documents/thericetour/nucuoimekong_blog_data/all_docx/759_me-nam-hai-bac-lieu.docx","/Users/huynhtronghieu/Documents/thericetour/nucuoimekong_blog_data/all_posts/759_me-nam-hai-bac-lieu.md"
760,"Chợ nổi Cái Bè Tiền Giang – Kinh nghiệm du lịch từ A đến Z (2026)","Điểm du lịch nổi tiếng",2025-01-19,Phase 4,"https://nucuoimekong.com/cho-noi-cai-be","/Users/huynhtronghieu/Documents/thericetour/nucuoimekong_blog_data/all_docx/760_cho-noi-cai-be.docx","/Users/huynhtronghieu/Documents/thericetour/nucuoimekong_blog_data/all_posts/760_cho-noi-cai-be.md"
761,"Chùa Phật Ngọc Xá Lợi – Ngôi chùa “hot” nhất Vĩnh Long (2026)","Điểm du lịch nổi tiếng",2025-01-19,Phase 4,"https://nucuoimekong.com/chua-phat-ngoc-xa-loi-vinh-long","/Users/huynhtronghieu/Documents/thericetour/nucuoimekong_blog_data/all_docx/761_chua-phat-ngoc-xa-loi-vinh-long.docx","/Users/huynhtronghieu/Documents/thericetour/nucuoimekong_blog_data/all_posts/761_chua-phat-ngoc-xa-loi-vinh-long.md"
762,"Núi Cấm An Giang – Bí ẩn vùng đất “Thất Sơn” huyền bí (2026)","Điểm du lịch nổi tiếng",2025-01-19,Phase 4,"https://nucuoimekong.com/nui-cam-an-giang","/Users/huynhtronghieu/Documents/thericetour/nucuoimekong_blog_data/all_docx/762_nui-cam-an-giang.docx","/Users/huynhtronghieu/Documents/thericetour/nucuoimekong_blog_data/all_posts/762_nui-cam-an-giang.md"
763,"Khám phá chùa Lầu – Vẻ đẹp độc đáo của “Tiểu Nhật Bản”","Điểm du lịch nổi tiếng",2025-01-16,Phase 4,"https://nucuoimekong.com/chua-lau-tinh-bien-an-giang","/Users/huynhtronghieu/Documents/thericetour/nucuoimekong_blog_data/all_docx/763_chua-lau-tinh-bien-an-giang.docx","/Users/huynhtronghieu/Documents/thericetour/nucuoimekong_blog_data/all_posts/763_chua-lau-tinh-bien-an-giang.md"
764,"Hồ Tà Pạ – Vẻ đẹp “Tuyệt Tình Cốc” ở An Giang (2026)","Điểm du lịch nổi tiếng",2025-01-14,Phase 4,"https://nucuoimekong.com/ho-ta-pa-an-giang","/Users/huynhtronghieu/Documents/thericetour/nucuoimekong_blog_data/all_docx/764_ho-ta-pa-an-giang.docx","/Users/huynhtronghieu/Documents/thericetour/nucuoimekong_blog_data/all_posts/764_ho-ta-pa-an-giang.md"
765,"Khám phá khu du lịch Ông Đề-Ăn chơi thả ga đậm chất miền Tây","Điểm du lịch nổi tiếng",2025-01-14,Phase 4,"https://nucuoimekong.com/khu-du-lich-ong-de","/Users/huynhtronghieu/Documents/thericetour/nucuoimekong_blog_data/all_docx/765_khu-du-lich-ong-de.docx","/Users/huynhtronghieu/Documents/thericetour/nucuoimekong_blog_data/all_posts/765_khu-du-lich-ong-de.md"
766,"Chùa Bánh Xèo An Giang – Viếng Thiền viện Đông Lai (2026)","Điểm du lịch nổi tiếng",2025-01-13,Phase 4,"https://nucuoimekong.com/chua-banh-xeo-an-giang","/Users/huynhtronghieu/Documents/thericetour/nucuoimekong_blog_data/all_docx/766_chua-banh-xeo-an-giang.docx","/Users/huynhtronghieu/Documents/thericetour/nucuoimekong_blog_data/all_posts/766_chua-banh-xeo-an-giang.md"
767,"Làng nổi Châu Đốc An Giang – Ngôi làng độc đáo ở miền Tây","Điểm du lịch nổi tiếng",2025-01-13,Phase 4,"https://nucuoimekong.com/lang-noi-chau-doc-an-giang","/Users/huynhtronghieu/Documents/thericetour/nucuoimekong_blog_data/all_docx/767_lang-noi-chau-doc-an-giang.docx","/Users/huynhtronghieu/Documents/thericetour/nucuoimekong_blog_data/all_posts/767_lang-noi-chau-doc-an-giang.md"
768,"Căn nhà dát vàng ở Cần Thơ – “Cung điện” độc đáo tại Tây Đô","Điểm du lịch nổi tiếng",2025-01-11,Phase 4,"https://nucuoimekong.com/can-nha-dat-vang-can-tho","/Users/huynhtronghieu/Documents/thericetour/nucuoimekong_blog_data/all_docx/768_can-nha-dat-vang-can-tho.docx","/Users/huynhtronghieu/Documents/thericetour/nucuoimekong_blog_data/all_posts/768_can-nha-dat-vang-can-tho.md"
769,"Chợ nổi Ngã Bảy – “Chợ nổi Phụng Hiệp” ở Hậu Giang","Điểm du lịch nổi tiếng",2025-01-10,Phase 4,"https://nucuoimekong.com/cho-noi-nga-bay-hau-giang","/Users/huynhtronghieu/Documents/thericetour/nucuoimekong_blog_data/all_docx/769_cho-noi-nga-bay-hau-giang.docx","/Users/huynhtronghieu/Documents/thericetour/nucuoimekong_blog_data/all_posts/769_cho-noi-nga-bay-hau-giang.md"
770,"Nụ Cười Mê Kông – Tết An Yên","Tin tức",2025-01-08,Phase 4,"https://nucuoimekong.com/tet-an-yen","/Users/huynhtronghieu/Documents/thericetour/nucuoimekong_blog_data/all_docx/770_tet-an-yen.docx","/Users/huynhtronghieu/Documents/thericetour/nucuoimekong_blog_data/all_posts/770_tet-an-yen.md"
771,"Đảo Hải Tặc Kiên Giang – Cùng phượt “đảo Robinson”","Điểm du lịch nổi tiếng",2025-01-07,Phase 4,"https://nucuoimekong.com/dao-hai-tac-kien-giang","/Users/huynhtronghieu/Documents/thericetour/nucuoimekong_blog_data/all_docx/771_dao-hai-tac-kien-giang.docx","/Users/huynhtronghieu/Documents/thericetour/nucuoimekong_blog_data/all_posts/771_dao-hai-tac-kien-giang.md"
772,"Top 23 các quán ăn vặt ngon rẻ – Các món ăn vặt ngon ở Cần Thơ","Review ẩm thực; Toplist Cần Thơ; Đặc sản địa phương",2025-01-07,Phase 4,"https://nucuoimekong.com/quan-an-vat-can-tho","/Users/huynhtronghieu/Documents/thericetour/nucuoimekong_blog_data/all_docx/772_quan-an-vat-can-tho.docx","/Users/huynhtronghieu/Documents/thericetour/nucuoimekong_blog_data/all_posts/772_quan-an-vat-can-tho.md"
773,"Thiền Viện Trúc Lâm Chánh Giác – Khám phá “Tiểu Ấn Độ” Tiền Giang","Điểm du lịch nổi tiếng",2025-01-07,Phase 4,"https://nucuoimekong.com/thien-vien-truc-lam-chanh-giac-tien-giang","/Users/huynhtronghieu/Documents/thericetour/nucuoimekong_blog_data/all_docx/773_thien-vien-truc-lam-chanh-giac-tien-giang.docx","/Users/huynhtronghieu/Documents/thericetour/nucuoimekong_blog_data/all_posts/773_thien-vien-truc-lam-chanh-giac-tien-giang.md"
774,"Đồi Tức Dụp – Khám phá “đồi 2 triệu đô la” tại An Giang","Điểm du lịch nổi tiếng",2025-01-07,Phase 4,"https://nucuoimekong.com/doi-tuc-dup-an-giang","/Users/huynhtronghieu/Documents/thericetour/nucuoimekong_blog_data/all_docx/774_doi-tuc-dup-an-giang.docx","/Users/huynhtronghieu/Documents/thericetour/nucuoimekong_blog_data/all_posts/774_doi-tuc-dup-an-giang.md"
775,"Kinh nghiệm du lịch Sài Gòn từ A đến Z – Khám phá Hòn Ngọc Viễn Đông","Khám phá và trải nghiệm",2025-01-07,Phase 4,"https://nucuoimekong.com/kinh-nghiem-du-lich-sai-gon","/Users/huynhtronghieu/Documents/thericetour/nucuoimekong_blog_data/all_docx/775_kinh-nghiem-du-lich-sai-gon.docx","/Users/huynhtronghieu/Documents/thericetour/nucuoimekong_blog_data/all_posts/775_kinh-nghiem-du-lich-sai-gon.md"
776,"Du lịch Bạc Liêu – Kinh nghiệm du lịch Bạc Liêu từ A đến Z","Khám phá và trải nghiệm",2025-01-07,Phase 4,"https://nucuoimekong.com/kinh-nghiem-du-lich-bac-lieu","/Users/huynhtronghieu/Documents/thericetour/nucuoimekong_blog_data/all_docx/776_kinh-nghiem-du-lich-bac-lieu.docx","/Users/huynhtronghieu/Documents/thericetour/nucuoimekong_blog_data/all_posts/776_kinh-nghiem-du-lich-bac-lieu.md"
777,"Thiền viện Trúc Lâm Sóc Trăng – Điểm đến tâm linh 2026","Điểm du lịch nổi tiếng",2025-01-06,Phase 4,"https://nucuoimekong.com/thien-vien-truc-lam-soc-trang","/Users/huynhtronghieu/Documents/thericetour/nucuoimekong_blog_data/all_docx/777_thien-vien-truc-lam-soc-trang.docx","/Users/huynhtronghieu/Documents/thericetour/nucuoimekong_blog_data/all_posts/777_thien-vien-truc-lam-soc-trang.md"
778,"Cần Giờ có gì vui – Kinh nghiệm du lịch Cần Giờ từ A đến Z","Khám phá và trải nghiệm",2025-01-04,Phase 4,"https://nucuoimekong.com/khu-du-lich-can-gio","/Users/huynhtronghieu/Documents/thericetour/nucuoimekong_blog_data/all_docx/778_khu-du-lich-can-gio.docx","/Users/huynhtronghieu/Documents/thericetour/nucuoimekong_blog_data/all_posts/778_khu-du-lich-can-gio.md"
779,"Đồng Sen Tháp Mười – Lạc vào xứ sở “sen hồng” miền Tây (2026)","Điểm du lịch nổi tiếng",2025-01-04,Phase 4,"https://nucuoimekong.com/dong-sen-thap-muoi","/Users/huynhtronghieu/Documents/thericetour/nucuoimekong_blog_data/all_docx/779_dong-sen-thap-muoi.docx","/Users/huynhtronghieu/Documents/thericetour/nucuoimekong_blog_data/all_posts/779_dong-sen-thap-muoi.md"
780,"Khu du lịch Vạn Hương Mai – Điểm vui chơi hấp dẫn tại An Giang","Điểm du lịch nổi tiếng",2025-01-04,Phase 4,"https://nucuoimekong.com/khu-du-lich-van-huong-mai","/Users/huynhtronghieu/Documents/thericetour/nucuoimekong_blog_data/all_docx/780_khu-du-lich-van-huong-mai.docx","/Users/huynhtronghieu/Documents/thericetour/nucuoimekong_blog_data/all_posts/780_khu-du-lich-van-huong-mai.md"
781,"Vườn quốc gia U Minh Thượng – Thiên nhiên hoang dã Miền Tây","Điểm du lịch nổi tiếng",2025-01-02,Phase 4,"https://nucuoimekong.com/vuon-quoc-gia-u-minh-thuong","/Users/huynhtronghieu/Documents/thericetour/nucuoimekong_blog_data/all_docx/781_vuon-quoc-gia-u-minh-thuong.docx","/Users/huynhtronghieu/Documents/thericetour/nucuoimekong_blog_data/all_posts/781_vuon-quoc-gia-u-minh-thuong.md"
782,"Khám phá Ma Thiên Lãnh – Chinh phục ngọn núi bí ẩn ở Hòn Sơn","Điểm du lịch nổi tiếng",2025-01-02,Phase 4,"https://nucuoimekong.com/ma-thien-lanh-hon-son","/Users/huynhtronghieu/Documents/thericetour/nucuoimekong_blog_data/all_docx/782_ma-thien-lanh-hon-son.docx","/Users/huynhtronghieu/Documents/thericetour/nucuoimekong_blog_data/all_posts/782_ma-thien-lanh-hon-son.md"
783,"Top 24 vườn hoa Đà Lạt cực đẹp – Tha hồ check-in sống ảo","Khám phá và trải nghiệm; Toplist",2025-01-02,Phase 4,"https://nucuoimekong.com/vuon-hoa-da-lat-dep","/Users/huynhtronghieu/Documents/thericetour/nucuoimekong_blog_data/all_docx/783_vuon-hoa-da-lat-dep.docx","/Users/huynhtronghieu/Documents/thericetour/nucuoimekong_blog_data/all_posts/783_vuon-hoa-da-lat-dep.md"
784,"Quần đảo Bà Lụa – Khám phá Ba Hòn Đầm nổi tiếng tại Kiên Giang","Khám phá và trải nghiệm",2025-01-01,Phase 4,"https://nucuoimekong.com/quan-dao-ba-lua-kien-giang","/Users/huynhtronghieu/Documents/thericetour/nucuoimekong_blog_data/all_docx/784_quan-dao-ba-lua-kien-giang.docx","/Users/huynhtronghieu/Documents/thericetour/nucuoimekong_blog_data/all_posts/784_quan-dao-ba-lua-kien-giang.md"
785,"Hội chợ du lịch quốc tế Cần Thơ | Những điều thú vị ở VITM 2019","Tin tức; Văn hóa và lễ hội",2025-01-01,Phase 4,"https://nucuoimekong.com/hoi-cho-du-lich-quoc-te-can-tho-2019","/Users/huynhtronghieu/Documents/thericetour/nucuoimekong_blog_data/all_docx/785_hoi-cho-du-lich-quoc-te-can-tho-2019.docx","/Users/huynhtronghieu/Documents/thericetour/nucuoimekong_blog_data/all_posts/785_hoi-cho-du-lich-quoc-te-can-tho-2019.md"
786,"Núi Cô Tô – Săn mây trên đỉnh núi cực đẹp ở An Giang (2026)","Điểm du lịch nổi tiếng",2025-01-01,Phase 4,"https://nucuoimekong.com/nui-co-to-an-giang","/Users/huynhtronghieu/Documents/thericetour/nucuoimekong_blog_data/all_docx/786_nui-co-to-an-giang.docx","/Users/huynhtronghieu/Documents/thericetour/nucuoimekong_blog_data/all_posts/786_nui-co-to-an-giang.md"
787,"Chợ đêm Phú Quốc – “Thiên đường ẩm thực” ở Phú Quốc (2026)","Điểm du lịch nổi tiếng",2021-06-22,Phase 4,"https://nucuoimekong.com/cho-dem-phu-quoc","/Users/huynhtronghieu/Documents/thericetour/nucuoimekong_blog_data/all_docx/787_cho-dem-phu-quoc.docx","/Users/huynhtronghieu/Documents/thericetour/nucuoimekong_blog_data/all_posts/787_cho-dem-phu-quoc.md"
788,"Hòn Thơm Phú Quốc – Thiên đường nghỉ dưỡng hấp dẫn 2026","Điểm du lịch nổi tiếng",2021-01-04,Phase 4,"https://nucuoimekong.com/hon-thom-phu-quoc","/Users/huynhtronghieu/Documents/thericetour/nucuoimekong_blog_data/all_docx/788_hon-thom-phu-quoc.docx","/Users/huynhtronghieu/Documents/thericetour/nucuoimekong_blog_data/all_posts/788_hon-thom-phu-quoc.md"