Tên File,Tiêu Đề,Thể Loại,Địa Lý,Độ Ưu Tiên
001_khu-du-lich-happy-land-ben-luc-long-an.md,"Khu du lịch Happy Land Bến Lức: hiện trạng, giá vé và địa chỉ mới",Điểm du lịch nổi tiếng,Khác,Trung bình (Vệ tinh)
002_kinh-nghiem-du-lich-nam-du-kien-giang.md,Kinh nghiệm du lịch Nam Du từ A đến Z (2026),Khám phá và trải nghiệm,Khác,Cao (Pillar)
003_trai-cay-mien-tay-nam-bo.md,24 đặc sản trái cây miền Tây nổi tiếng nhất định phải thử,Toplist; Về miền Tây; Đặc sản địa phương,Khác,Cao (Pillar)
004_cau-trang-tien-hue.md,"Cầu Tràng Tiền Huế: Lịch sử, kiến trúc và cách tham quan",Điểm du lịch nổi tiếng,Khác,Trung bình (Vệ tinh)
005_safari-my-quynh-long-an.md,"Safari Mỹ Quỳnh: Giá vé, khu vui chơi và kinh nghiệm đi",Điểm du lịch nổi tiếng,Khác,Trung bình (Vệ tinh)
006_khan-ran-nam-bo.md,Khăn rằn Nam Bộ: Biểu tượng văn hóa & lịch sử 300 năm của Miền Tây,Văn hóa và lễ hội,Khác,Cao (Pillar)
007_nha-co-huynh-thuy-le.md,Nhà cổ Huỳnh Thủy Lê – Nơi lưu giữ mối tình vượt biên giới,Điểm du lịch nổi tiếng,Khác,Trung bình (Vệ tinh)
008_khu-du-lich-lan-vuong-ben-tre.md,Khu du lịch Lan Vương: Kinh nghiệm vui chơi 2026,Điểm du lịch nổi tiếng,Khác,Trung bình (Vệ tinh)
009_homestay-hon-son.md,Top 20 homestay Hòn Sơn sống ảo cực “chất” 2026,Homestay; Toplist,Khác,Trung bình (Vệ tinh)
010_bien-can-tho.md,Biển Cần Thơ – “Mini Beach” Cần Thơ có gì đặc biệt? (2026),Điểm du lịch nổi tiếng,Cần Thơ,Trung bình (Vệ tinh)
011_khu-du-lich-buu-long.md,Khu du lịch Bửu Long – “Vịnh Hạ Long thu nhỏ” ở Đồng Nai,Điểm du lịch nổi tiếng,Hạ Long,Trung bình (Vệ tinh)
012_dac-san-da-lat.md,Đặc sản Đà Lạt – Top 30 món ăn nổi tiếng mùa se lạnh,Review ẩm thực; Đặc sản địa phương,Đà Lạt,Cao (Pillar)
013_hu-tieu-sau-hoai.md,Pizza hủ tiếu – Lò hủ tiếu truyền thống Sáu Hoài Cần Thơ (2026),Điểm du lịch nổi tiếng,Cần Thơ,Trung bình (Vệ tinh)
014_banh-mi-hoi-an.md,Bánh mì Hội An | Danh sách 13 quán ăn ngon nức tiếng (2026),Review ẩm thực; Toplist,Khác,Cao (Pillar)
015_com-tam-long-xuyen.md,Cơm Tấm Long Xuyên –  7 quán cơm ngon nhất ở Long Xuyên,Review ẩm thực; Đặc sản địa phương,Khác,Cao (Pillar)
016_quan-lau-mam-can-tho-ngon.md,Danh sách 13 Quán Lẩu Mắm Cần Thơ Ngon Mang Vị Quê Miền Tây,Toplist; Đặc sản địa phương,Cần Thơ,Cao (Pillar)
017_mieu-ba-chua-xu.md,Miếu Bà Chúa Xứ – Điểm du lịch tâm linh nổi tiếng ở An Giang,Văn hóa và lễ hội; Điểm du lịch nổi tiếng,An Giang,Cao (Pillar)
018_khach-san-can-tho.md,Khách sạn Cần Thơ – Top 10 khách sạn “xịn sò” nhất 2026,Khách sạn; Toplist,Cần Thơ,Thấp (Thông tin/Dịch vụ)
019_lang-hoa-sa-dec.md,Làng hoa Sa Đéc – “Vương quốc hoa” sắc màu ở Đồng Tháp,Điểm du lịch nổi tiếng,Đồng Tháp,Trung bình (Vệ tinh)
020_cho-can-tho.md,Top 9 khu chợ Cần Thơ nổi tiếng không thể bỏ lỡ năm 2026,Toplist Cần Thơ,Cần Thơ,Trung bình (Vệ tinh)
021_chua-som-rong-soc-trang.md,Chùa Som Rong Sóc Trăng – Cẩm nang tham quan & chụp ảnh đẹp từ A–Z (2026),Điểm du lịch nổi tiếng,Sóc Trăng,Trung bình (Vệ tinh)
022_nha-hat-cao-van-lau.md,Nhà hát Cao Văn Lầu – Check-in “Nhà hát nón lá” lớn nhất Việt Nam,Điểm du lịch nổi tiếng,Khác,Trung bình (Vệ tinh)
023_cho-noi-cai-rang-can-tho.md,Cẩm nang du lịch trải nghiệm Chợ nổi Cái Răng hoàn hảo nhất 2026,Điểm du lịch nổi tiếng,Khác,Trung bình (Vệ tinh)
024_mercury-phu-quoc-resort-villas.md,Mercury Phu Quoc Resort & Villas – đối tác lưu trú Phú Quốc,Đối tác,Phú Quốc,Trung bình (Vệ tinh)
025_tong-hop-dich-vu-tai-nu-cuoi-me-kong.md,Tổng hợp toàn bộ dịch vụ tại Nụ Cười Mê Kông 2026,Dịch vụ; Tin tức,Khác,Thấp (Thông tin/Dịch vụ)
026_dinh-cau-phu-quoc.md,Dinh Cậu Phú Quốc – Truyền thuyết ly kỳ và biểu tượng tâm linh nổi tiếng,Điểm du lịch nổi tiếng,Phú Quốc,Trung bình (Vệ tinh)
027_dac-san-bun-nuoc-leo-soc-trang.md,Bún nước lèo Sóc Trăng – Đặc sản trứ danh ở đất miền Tây (2026),Review ẩm thực; Đặc sản địa phương,Sóc Trăng,Cao (Pillar)
028_chua-doi-soc-trang.md,Chùa Dơi Sóc Trăng-Ngôi chùa cổ với câu chuyện kì bí (2026),Điểm du lịch nổi tiếng,Sóc Trăng,Trung bình (Vệ tinh)
029_canh-dong-dien-gio-bac-lieu.md,Cánh đồng Điện gió Bạc Liêu – Địa Điểm “Sống Ảo” Cực Chất,Điểm du lịch nổi tiếng,Bạc Liêu,Trung bình (Vệ tinh)
030_tau-truong-tuyen.md,Tàu Trường Tuyền Cần Thơ – đối tác chiến lược của Nụ Cười Mê Kông,Đối tác,Cần Thơ,Trung bình (Vệ tinh)
031_dia-diem-du-lich-vinh-long.md,33 địa điểm du lịch Vĩnh Long sau sáp nhập đáng trải nghiệm,Khám phá và trải nghiệm,Vĩnh Long,Cao (Pillar)
032_nha-cong-tu-bac-lieu.md,"Nhà Công tử Bạc Liêu: Giá vé, giờ mở cửa và kinh nghiệm tham quan",Điểm du lịch nổi tiếng,Bạc Liêu,Trung bình (Vệ tinh)
033_cong-vien-nuoc-dam-sen.md,Công viên nước Đầm Sen – Đại dương trò chơi ở Sài Gòn 2026,Điểm du lịch nổi tiếng,Sài Gòn,Trung bình (Vệ tinh)
034_cu-lao-tan-quy.md,Cù lao Tân Quy – Đặc sắc miệt vườn sông nước Vĩnh Long (2026),Điểm du lịch nổi tiếng,Vĩnh Long,Trung bình (Vệ tinh)
035_so-dien-thoai-taxi-can-tho.md,Số điện thoại taxi Cần Thơ cập nhật năm 2026 – Còn hoạt động,Tips du lịch hay,Cần Thơ,Trung bình (Vệ tinh)
036_trai-ran-dong-tam-tien-giang.md,"Trại Rắn Đồng Tâm – Kinh nghiệm, địa chỉ, giá vé cập nhật 2026",Điểm du lịch nổi tiếng,Khác,Trung bình (Vệ tinh)
037_lang-noi-tan-lap-long-an.md,Làng nổi Tân Lập Long An – Kinh nghiệm du lịch tự túc (2026),Điểm du lịch nổi tiếng,Long An,Cao (Pillar)
038_kinh-nghiem-du-lich-long-an.md,Kinh nghiệm du lịch Long An – Top 7 điểm du lịch thơ mộng (2026),Khám phá và trải nghiệm,Long An,Cao (Pillar)
039_dac-san-long-an.md,Top 15 món đặc sản Long An ngon nhất định phải thử (2026),Toplist; Đặc sản địa phương,Long An,Cao (Pillar)
040_doi-tac-hop-tac-xa-du-lich-con-son.md,HTX du lịch Cồn Sơn – đối tác du lịch cộng đồng chiến lược| Nụ Cười Mê Kông,Đối tác,Khác,Trung bình (Vệ tinh)
041_dia-diem-du-lich-tien-giang.md,Kinh nghiệm du lịch Tiền Giang 2026: Top 15+ địa điểm và đặc sản nổi tiếng,Toplist; Điểm du lịch nổi tiếng,Tiền Giang,Cao (Pillar)
042_du-lich-dong-thap-co-gi-choi.md,Top 17+ địa điểm du lịch Đồng Tháp hấp dẫn không thể bỏ lỡ,Khám phá và trải nghiệm; Điểm du lịch nổi tiếng,Đồng Tháp,Cao (Pillar)
043_kinh-nghiem-du-lich-can-tho.md,Kinh nghiệm du lịch Cần Thơ 2026: Top 10 địa điểm du lịch hấp dẫn nhất,Khám phá và trải nghiệm,Cần Thơ,Cao (Pillar)
044_xe-pham-ngo-can-tho.md,Xe Phạm Ngô Cần Thơ – đối tác cho thuê xe du lịch chiến lược của Nụ Cười Mê Kông,Đối tác,Cần Thơ,Trung bình (Vệ tinh)
045_doi-tac-tan-dai-phong.md,Đối tác Tân Đại Phong – bến tàu du lịch hiện đại tại Cần Thơ,Đối tác,Cần Thơ,Trung bình (Vệ tinh)
046_xe-phat-dat-can-tho.md,Xe Phát Đạt Cần Thơ – Đối tác vận chuyển của Nụ Cười Mê Kông,Đối tác,Cần Thơ,Trung bình (Vệ tinh)
047_kinh-nghiem-du-lich-ca-mau.md,Du lịch Cà Mau – Điểm cuối cùng cực Nam của Tổ Quốc (2026),Khám phá và trải nghiệm,Cà Mau,Cao (Pillar)
048_ben-ninh-kieu.md,Bến Ninh Kiều Cần Thơ có gì ăn chơi? Cẩm Nang du lịch CHI TIẾT A-Z 2026,Điểm du lịch nổi tiếng,Cần Thơ,Trung bình (Vệ tinh)
049_tong-hop-tour-du-lich-mien-tay-1-ngay.md,Tổng hợp 3 hành trình du lịch miền Tây 1 ngày giá rẻ,Toplist,Khác,Trung bình (Vệ tinh)
050_tuan-le-van-hoa-du-lich-can-tho-2026.md,Tuần lễ văn hóa du lịch Cần Thơ 2026: lịch hoạt động,Tin tức,Cần Thơ,Thấp (Thông tin/Dịch vụ)
051_chinh-sach-phat-trien-ben-vung.md,Chính sách phát triển bền vững của Nụ Cười Mê Kông,Phát triển bền vững,Khác,Cao (Pillar)
052_gia-ve-tau-cao-toc-di-dat-mui-nam-can-ca-mau.md,Giá thuê cano đi Đất Mũi hành trình 55km xuyên rừng đước Cà Mau,Thuê tàu; ghe,Cà Mau,Thấp (Thông tin/Dịch vụ)
053_checklist-truong-doan-tour-doan-doanh-nghiep.md,Checklist trưởng đoàn tour đoàn doanh nghiệp đầy đủ nhất,Tips du lịch hay,Khác,Trung bình (Vệ tinh)
054_dao-nami-han-quoc.md,Kinh nghiệm du lịch Đảo Nami – Gangwon Hàn Quốc 4 mùa trong năm,Điểm du lịch nổi tiếng,Khác,Cao (Pillar)
055_trung-son-clinic-can-tho.md,Nụ Cười Mê Kông hợp tác Trung Sơn Clinic & Center Lab Việt Nam,Đối tác,Khác,Trung bình (Vệ tinh)
056_trong-rung-ngap-man-cu-lao-dung.md,Trồng rừng ngập mặn Cù Lao Dung – Ngày Môi Trường Thế Giới,Phát triển bền vững,Khác,Cao (Pillar)
057_phong-kham-da-khoa-hong-duc.md,Phòng Khám Đa Khoa Hồng Đức – cùng nhau vươn ra biển lớn,Chưa phân loại; Tour đoàn,Khác,Trung bình (Vệ tinh)
058_khuyen-mai-tour-he.md,Vui hè thả ga – Deal hời cực đã | Khuyến mãi tour hè 2026 Nụ Cười Mê Kông,Khuyến mãi - Mã giảm giá,Khác,Thấp (Thông tin/Dịch vụ)
059_tour-doan-nha-phan-phoi-nhut-tung.md,Đại Gia Đình Nhựt Tùng cùng ra biển – Hành trình tri ân tại Phú Quốc,Tour đoàn,Phú Quốc,Trung bình (Vệ tinh)
060_tour-doan-cong-ty-isc-tap-doan-th-can-tho-an-giang.md,Tour Đoàn Công Ty ISC – Tập Đoàn TH khám phá Cần Thơ – An Giang 4N3D,Tour đoàn,"Cần Thơ, An Giang",Trung bình (Vệ tinh)
061_thue-xe-con-dao.md,"Thuê xe Côn Đảo giá rẻ – Xe 7, 16, 29, 34, 39, 47 chỗ (2026)",Thuê xe,Khác,Thấp (Thông tin/Dịch vụ)
062_tour-doan-benh-vien-quoc-te-phuong-chau.md,Bệnh Viện Quốc Tế Phương Châu – 4 năm đồng hành với hơn 3000 du khách,Tour đoàn,Khác,Trung bình (Vệ tinh)
063_tour-doan-eximbank-can-tho-tai-phan-thiet.md,"Tour đoàn Eximbank Cần Thơ tại Phan Thiết – Gắn kết niềm tin, vượt mọi hành trình",Tour đoàn,Cần Thơ,Trung bình (Vệ tinh)
064_tour-doan-vietbank-tai-phan-thiet.md,Hành trình Vietbank tại Phan Thiết – 18 năm mạnh mẽ vươn cao,Tour đoàn,Khác,Trung bình (Vệ tinh)
065_thue-tau-chau-doc-lang-cham.md,Thuê tàu Châu Đốc Làng Chăm Châu Giang- Nhà Dệt- Thánh Đường Hồi Giáo,Thuê tàu; ghe,Khác,Thấp (Thông tin/Dịch vụ)
066_kinh-nghiem-du-lich-an-giang.md,Du Lịch An Giang – Kinh nghiệm du lịch từ A đến Z (2026),Khám phá và trải nghiệm,An Giang,Cao (Pillar)
067_rung-tram-tra-su.md,Rừng Tràm Trà Sư An Giang – Thiên Đường Xanh Giữa Miền Tây 2026,Điểm du lịch nổi tiếng,An Giang,Trung bình (Vệ tinh)
068_kinh-nghiem-du-lich-soc-trang.md,Kinh nghiệm du lịch Sóc Trăng chi tiết và cập nhật mới nhất,Khám phá và trải nghiệm,Sóc Trăng,Cao (Pillar)
069_miet-vuon-trai-cay-can-tho.md,Top 15 vườn trái cây Cần Thơ nổi tiếng nhất kèm giá vé 2026,Toplist; Điểm du lịch nổi tiếng,Cần Thơ,Trung bình (Vệ tinh)
070_vietbank-study-tour-2026.md,CSE – Vietbank Study Tour 2026 tại Vũng Tàu: Từ giảng đường đến thực tế,Tour đoàn,Vũng Tàu,Trung bình (Vệ tinh)
071_hanh-trinh-gieo-nu-cuoi.md,Gieo nụ cười: Chuỗi hoạt động thiện nguyện vì cộng đồng của Nụ Cười Mê Kông,Phát triển bền vững,Khác,Cao (Pillar)
072_nu-cuoi-me-kong-dong-hanh-dien-dan-xay-dung-tinh-ban-dep.md,Nụ Cười Mê Kông đồng hành diễn đàn “Xây dựng tình bạn đẹp – Nói không với bạo lực học đường”,Phát triển bền vững; Tin tức,Khác,Cao (Pillar)
073_giam-doc-lu-hanh-tieu-bieu-2025.md,Giám đốc Nụ Cười Mê Kông được vinh danh Giám đốc lữ hành tiêu biểu 2025,Tin tức,Khác,Thấp (Thông tin/Dịch vụ)
074_khu-du-lich-sinh-thai-can-tho.md,“Rụng tim” với Top 15 khu du lịch sinh thái Cần Thơ 2026,Toplist; Điểm du lịch nổi tiếng,Cần Thơ,Trung bình (Vệ tinh)
075_ho-thac-ba.md,"Review Hồ Thác Bà: Chèo thuyền, cắm trại & trải nghiệm văn hóa",Điểm du lịch nổi tiếng,Khác,Trung bình (Vệ tinh)
076_su-menh-du-lich-ben-vung.md,Tuyên bố Sứ mệnh Du lịch Bền vững của Nụ Cười Mê Kông,Phát triển bền vững,Khác,Cao (Pillar)
077_mini-app-nu-cuoi-me-kong.md,"Mini App Nụ Cười Mê Kông: Đặt tour dễ dàng, nhận ngàn ưu đãi",Khuyến mãi - Mã giảm giá,Khác,Thấp (Thông tin/Dịch vụ)
078_deo-khau-pha.md,Đèo Khau Phạ – Tứ đại đỉnh đèo tại vùng cao Lào Cai,Điểm du lịch nổi tiếng,Khác,Trung bình (Vệ tinh)
079_den-tho-vua-hung-tai-can-tho.md,Đền thờ vua Hùng tại Cần Thơ – Điểm đến nổi bật năm 2026,Điểm du lịch nổi tiếng,Cần Thơ,Trung bình (Vệ tinh)
080_nha-hang-can-tho.md,Nhà hàng Cần Thơ – Top 12 nhà hàng nổi tiếng tại Cần Thơ (2026),Review ẩm thực; Toplist,Cần Thơ,Cao (Pillar)
081_top-10-phong-ve-may-bay-can-tho.md,Top 10 phòng vé máy bay Cần Thơ – Săn vé máy bay giá rẻ (2026),Toplist Cần Thơ; Vé máy bay,Khác,Thấp (Thông tin/Dịch vụ)
082_mo-han-mac-tu.md,Mộ Hàn Mặc Tử Quy Nhơn – Hành trình về với thi sĩ tài hoa yểu mệnh,Điểm du lịch nổi tiếng,Quy Nhơn,Trung bình (Vệ tinh)
083_chua-ho-quoc-phu-quoc.md,Chùa Hộ Quốc Phú Quốc: Kinh nghiệm tham quan và kiến trúc độc đáo,Điểm du lịch nổi tiếng,Phú Quốc,Trung bình (Vệ tinh)
084_lang-phong-quy-hoa.md,"Làng phong Quy Hòa – nơi lịch sử, đau thương và bình yên cùng tồn tại",Điểm du lịch nổi tiếng,Khác,Trung bình (Vệ tinh)
085_hoa-lu.md,Hoa Lư – Kinh đô lưu giữ dấu ấn lịch sử và văn hóa Việt Nam,Điểm du lịch nổi tiếng,Khác,Trung bình (Vệ tinh)
086_nu-cuoi-me-kong-hiep-hoi-du-lich-can-tho.md,Nụ Cười Mê Kông đắc cử Ban Thường vụ Hiệp hội Du lịch Cần Thơ,Tin tức,Cần Thơ,Thấp (Thông tin/Dịch vụ)
087_dich-vu-tau-mystic.md,"Gía dịch vụ tàu Mystic Cần Thơ: Chợ nổi Cái Răng, ngắm hoàng hôn, ăn tối",Thuê tàu; ghe,Cần Thơ,Thấp (Thông tin/Dịch vụ)
088_bai-tam-hoang-hau.md,Bãi tắm Hoàng Hậu ở Quy Nhơn: Review chi tiết từ A–Z cho du khách,Điểm du lịch nổi tiếng,Quy Nhơn,Trung bình (Vệ tinh)
089_suoi-giang.md,Kinh nghiệm du lịch Suối Giàng Văn Chấn gợi ý ẩm thực và điểm đến 2026,Điểm du lịch nổi tiếng,Khác,Cao (Pillar)
090_du-thuyen-mv-la-marguerite.md,Du thuyền MV La Marguerite có gì đặc biệt? Review các dịch vụ trên tàu,Khám phá và trải nghiệm,Khác,Cao (Pillar)
091_deo-me-pia.md,Đèo Mẻ Pia – Hành trình chinh phục con đèo 14 tầng tại Cao Bằng,Điểm du lịch nổi tiếng,Khác,Trung bình (Vệ tinh)
092_dao-ba-goa.md,Khám phá Đảo Bà Góa – Trải nghiệm du lịch cùng những câu chuyện thú vị,Điểm du lịch nổi tiếng,Khác,Trung bình (Vệ tinh)
093_thac-dau-dang.md,Thác Đầu Đẳng – Thắng cảnh thiên nhiễn vườn quốc gia Ba Bể,Điểm du lịch nổi tiếng,Khác,Trung bình (Vệ tinh)
094_hoi-thao-du-lich-duong-song-can-tho.md,Nụ Cười Mê Kông vinh dự tham gia Hội thảo du lịch đường sông Cần Thơ,Tin tức,Cần Thơ,Thấp (Thông tin/Dịch vụ)
095_suoi-le-nin.md,Suối Lê Nin Pác Bó: Chạm tay vào dòng nước xanh ngọc huyền thoại,Điểm du lịch nổi tiếng,Khác,Trung bình (Vệ tinh)
096_pac-bo.md,Khu di tích Pác Bó Cao Bằng: Dấu ấn lịch sử hào hùng giữa non nước,Điểm du lịch nổi tiếng,Khác,Trung bình (Vệ tinh)
097_song-nho-que.md,Sông Nho Quế – Kinh nghiệm tham quan và giá dịch vụ,Điểm du lịch nổi tiếng,Khác,Trung bình (Vệ tinh)
098_hem-tu-san.md,"Hẻm Tu Sản – Điểm đến bí ẩn, trải nghiệm độc đáo của văn hóa Việt Nam",Điểm du lịch nổi tiếng,Khác,Trung bình (Vệ tinh)
099_sung-la.md,"Kinh nghiệm du lịch Sủng Là: Mùa đẹp, góc chụp và món ngon nên thử",Điểm du lịch nổi tiếng,Khác,Cao (Pillar)
100_bang-gia-cho-thue-ghe-nho-di-cho-noi-can-tho.md,Bảng giá thuê ghe đi chợ nổi Cái Răng Cần Thơ giá tốt,Thuê tàu; ghe,Cần Thơ,Thấp (Thông tin/Dịch vụ)
101_thue-tau-di-cho-noi-long-xuyen.md,Thuê Tàu Đi Chợ Nổi Long Xuyên: Sắc Màu Chợ Truyền Thống,Thuê tàu; ghe,Khác,Thấp (Thông tin/Dịch vụ)
102_pho-cao.md,"Kinh nghiệm du lịch Phố Cáo Tuyên Quang – di chuyển, ăn uống",Điểm du lịch nổi tiếng,Khác,Cao (Pillar)
103_thong-bao-phu-thu-nhien-lieu.md,Thông báo áp dụng phụ thu nhiên liệu do biến động giá xăng dầu,Thông báo,Khác,Thấp (Thông tin/Dịch vụ)
104_thue-xe-sai-gon-mien-tay.md,"Thuê xe Sài Gòn Miền Tây giá rẻ – Xe 7, 16, 29, 34, 45 chỗ (2026)",Thuê xe,Sài Gòn,Thấp (Thông tin/Dịch vụ)
105_thue-xe-can-tho-bac-lieu.md,"Thuê xe Cần Thơ Bạc Liêu: Xe 4-45 chỗ giá rẻ, VAT đầy đủ",Thuê xe,"Cần Thơ, Bạc Liêu",Thấp (Thông tin/Dịch vụ)
106_thue-xe-can-tho-dong-thap.md,"Thuê xe Cần Thơ Đồng Tháp giá rẻ – Xe 4, 7, 16, 29, 34, 45 chỗ",Thuê xe,"Cần Thơ, Đồng Tháp",Thấp (Thông tin/Dịch vụ)
107_thue-xe-ca-mau.md,"Bảng giá cho thuê xe Cà Mau – Xe 4, 7, 16, 29, 45 chỗ (cập nhật 2026)",Thuê xe,Cà Mau,Thấp (Thông tin/Dịch vụ)
108_thue-xe-can-tho-tien-giang.md,"Thuê xe Cần Thơ Tiền Giang giá rẻ – Xe 4, 7, 16, 22 chỗ (VAT đầy đủ)",Thuê xe,"Cần Thơ, Tiền Giang",Thấp (Thông tin/Dịch vụ)
109_thue-xe-can-tho-di-long-an.md,"Thuê xe Cần Thơ đi Long An – Xe 4, 7, 16, 29, 45 chỗ (2026)",Thuê xe,"Cần Thơ, Long An",Thấp (Thông tin/Dịch vụ)
110_thue-xe-can-tho-di-sai-gon.md,"Thuê xe Cần Thơ đi Sài Gòn giá rẻ – Xe 4, 7, 16, 29, 45 chỗ",Thuê xe,"Cần Thơ, Sài Gòn",Thấp (Thông tin/Dịch vụ)
111_thue-xe-can-tho-di-chau-doc-an-giang.md,"Thuê xe Cần Thơ đi Châu Đốc An Giang – Xe 4, 7, 16, 29, 45 chỗ",Thuê xe,"Cần Thơ, An Giang",Thấp (Thông tin/Dịch vụ)
112_thue-xe-dua-don-san-bay-can-tho-gia-re.md,Thuê xe đưa đón sân bay Cần Thơ – Từ 4 đến 25 chỗ (2026),Thuê xe,Cần Thơ,Thấp (Thông tin/Dịch vụ)
113_thue-xe-can-tho-gia-re.md,"Thuê xe Cần Thơ giá rẻ – Xe 4, 7, 16, 22, 29, 45 chỗ (2026)",Thuê xe,Cần Thơ,Thấp (Thông tin/Dịch vụ)
114_thue-xe-can-tho-di-tran-de-soc-trang.md,Thuê Xe Cần Thơ đi Trần Đề Sóc Trăng – 4 đến 45 chỗ,Thuê xe,"Cần Thơ, Sóc Trăng",Thấp (Thông tin/Dịch vụ)
115_thue-xe-du-lich-phu-quoc.md,"Thuê xe Phú Quốc – Xe có tài xế, xe tự lái 7 – 45 chỗ",Thuê xe,Phú Quốc,Thấp (Thông tin/Dịch vụ)
116_thue-xe-can-tho-di-tra-vinh.md,"Thuê xe Cần Thơ đi Trà Vinh giá rẻ – Xe 4, 7, 16, 29, 45 chỗ",Thuê xe,"Cần Thơ, Trà Vinh",Thấp (Thông tin/Dịch vụ)
117_thue-xe-di-an-giang-tu-sai-gon.md,"Thuê xe đi An Giang từ Sài Gòn – Xe 7, 16, 22, 33, 45 chỗ",Thuê xe,An Giang,Thấp (Thông tin/Dịch vụ)
118_thue-xe-can-tho-di-vung-tau.md,"Thuê xe Cần Thơ đi Vũng Tàu giá rẻ – Xe 4, 7, 16, 29, 45 chỗ",Thuê xe,"Cần Thơ, Vũng Tàu",Thấp (Thông tin/Dịch vụ)
119_thue-xe-can-tho-di-ben-tre.md,"Thuê xe Cần Thơ đi Bến Tre giá rẻ – Xe 4, 7, 16, 29, 34, 45 chỗ",Thuê xe,"Cần Thơ, Bến Tre",Thấp (Thông tin/Dịch vụ)
120_thue-xe-can-tho-di-rach-gia.md,"Thuê xe Cần Thơ đi Rạch Giá – Xe 4, 7, 16, 29, 45 chỗ (2026)",Thuê xe,Cần Thơ,Thấp (Thông tin/Dịch vụ)
121_thue-xe-can-tho-di-da-lat.md,"Thuê xe Cần Thơ đi Đà Lạt: Dịch vụ uy tín, giá tốt 2026",Thuê xe,"Cần Thơ, Đà Lạt",Thấp (Thông tin/Dịch vụ)
122_thue-xe-may-con-dao.md,Tự do khám phá Côn Đảo bằng xe máy – Trải nghiệm đích thực,Thuê xe,Khác,Thấp (Thông tin/Dịch vụ)
123_du-lich-da-lat.md,Du lịch Đà Lạt – Check-in thành phố Mộng Mơ,Khám phá và trải nghiệm,Đà Lạt,Cao (Pillar)
124_dia-diem-san-may-da-lat.md,Top 13 địa điểm săn mây Đà Lạt “hót hòn họt” (2026),Toplist; Điểm du lịch nổi tiếng,Đà Lạt,Trung bình (Vệ tinh)
125_khuyen-mai-voucher-yeu-thuong-8-3.md,"Ưu đãi Quốc tế Phụ nữ 8/3: Voucher yêu thương, tôn vinh phái đẹp",Khuyến mãi - Mã giảm giá,Khác,Thấp (Thông tin/Dịch vụ)
126_pho-co-dong-van.md,Phố Cổ Đồng Văn – Trải nghiệm nét đẹp cổ kính vùng cao,Điểm du lịch nổi tiếng,Khác,Trung bình (Vệ tinh)
127_lang-van-hoa-du-lich-lung-cam.md,Làng văn hoá du lịch Lũng Cẩm – Điểm đến đậm bản sắc ở cao nguyên,Điểm du lịch nổi tiếng,Khác,Trung bình (Vệ tinh)
128_to-chuc-tham-gia-le-hoi-tong-phong-can-tho-2026.md,Nụ Cười Mê Kông tổ chức tham gia Lễ hội Tống Phong Cần Thơ 2026,Tin tức,Cần Thơ,Thấp (Thông tin/Dịch vụ)
129_ra-mat-phong-rd.md,"Ra Mắt Phòng R&D: Tiên phong đổi mới, Nâng tầm trải nghiệm du lịch",Phát triển bền vững; Tin tức; Văn hoá doanh nghiệp,Khác,Cao (Pillar)
130_ho-ba-be.md,Hồ Ba Bể – Hồ nước ngọt tự nhiên lớn bậc nhất Việt Nam,Điểm du lịch nổi tiếng,Khác,Trung bình (Vệ tinh)
131_bai-sao-phu-quoc.md,Bãi Sao Phú Quốc-Check in bãi biển đẹp nhất Phú Quốc (2026),Điểm du lịch nổi tiếng,Phú Quốc,Trung bình (Vệ tinh)
132_mang-xuan-ve-cho-noi-2026.md,Mang xuân về Chợ Nổi: Hành trình tri ân những người “giữ hồn” di sản,Tin tức,Khác,Thấp (Thông tin/Dịch vụ)
133_tet-yeu-thuong-2026.md,Nụ Cười Mê Kông và hành trình “Tết yêu thương 2026” tại Sóc Trăng,Phát triển bền vững; Văn hoá doanh nghiệp,Sóc Trăng,Cao (Pillar)
134_dong-nguom-ngao.md,Động Ngườm Ngao: Khám phá vẻ đẹp thạch nhũ độc đáo,Điểm du lịch nổi tiếng,Khác,Trung bình (Vệ tinh)
135_ve-tau-rach-gia-nam-du.md,Vé tàu Rạch Giá Nam Du – Đặt vé nhanh chóng 2026,Vé tàu,Khác,Thấp (Thông tin/Dịch vụ)
136_dong-thien-cung.md,Động Thiên Cung: Kỳ quan nhũ đá huyền ảo giữa di sản Vịnh Hạ Long,Điểm du lịch nổi tiếng,Hạ Long,Trung bình (Vệ tinh)
137_ve-tau-rach-gia-phu-quoc.md,Vé tàu Rạch Giá Phú Quốc – Lịch tàu giá vé của 3 hãng tàu,Vé tàu,Phú Quốc,Thấp (Thông tin/Dịch vụ)
138_ve-tau-cao-toc-sai-gon-con-dao.md,Vé tàu cao tốc Sài Gòn Côn Đảo – Phú Quý Express 2026,Vé tàu,Sài Gòn,Thấp (Thông tin/Dịch vụ)
139_ve-tau-sai-gon-vung-tau-tau-cao-toc-greenlines.md,Vé Tàu Sài Gòn Vũng Tàu – Tàu cao tốc Greenlines,Vé tàu,"Sài Gòn, Vũng Tàu",Thấp (Thông tin/Dịch vụ)
140_ve-tau-soc-trang-con-dao.md,Vé tàu Sóc Trăng Côn Đảo – Cập nhật thông tin mới nhất 2026,Vé tàu,Sóc Trăng,Thấp (Thông tin/Dịch vụ)
141_ve-tau-phan-thiet-phu-quy.md,"Vé tàu Phan Thiết Phú Quý: Cập nhật lịch tàu, giá vé mới 2026",Vé tàu,Khác,Thấp (Thông tin/Dịch vụ)
142_ve-tau-sa-ky-di-ly-son.md,"Đặt vé tàu Sa Kỳ đi Lý Sơn: Lịch tàu, giá vé 2026",Vé tàu,Khác,Thấp (Thông tin/Dịch vụ)
143_ve-tau-tran-de-con-dao.md,"Vé tàu Trần Đề Côn Đảo: Cập nhật lịch chạy, giá vé mới nhất 2026",Vé tàu,Khác,Thấp (Thông tin/Dịch vụ)
144_ca-phe-lang-art.md,Cà phê Lặng Art Đà Lạt: Quán cà phê của những người nhân viên đặc biệt,Điểm du lịch nổi tiếng,Đà Lạt,Trung bình (Vệ tinh)
145_fantasy-park.md,Fantasy Park Bà Nà Hills: Trải nghiệm giải trí đẳng cấp thế giới,Điểm du lịch nổi tiếng,Khác,Trung bình (Vệ tinh)
146_ve-tau-di-hon-ngang-nam-du.md,"Đặt vé tàu đi Hòn Ngang Nam Du: Lịch tàu, giá vé 2026",Vé tàu,Khác,Thấp (Thông tin/Dịch vụ)
147_mongo-land.md,Mongo Land Đà Lạt: Mông Cổ thu nhỏ giữa núi rừng Tây Nguyên,Điểm du lịch nổi tiếng,Đà Lạt,Trung bình (Vệ tinh)
148_ca-phe-me-linh.md,Cà phê Mê Linh: Không gian tôn vinh hương vị đặc sản Đà Lạt,Điểm du lịch nổi tiếng,Đà Lạt,Trung bình (Vệ tinh)
149_thac-ban-gioc.md,Thác Bản Giốc Cao Bằng – Top 4 thác xuyên quốc gia lớn nhất thế giới,Điểm du lịch nổi tiếng,Khác,Trung bình (Vệ tinh)
150_thac-voi.md,Thác Voi Đà Lạt: Vẻ đẹp hùng vĩ giữa đại ngàn Tây Nguyên,Điểm du lịch nổi tiếng,Đà Lạt,Trung bình (Vệ tinh)
151_ve-tau-rach-gia-hon-tre.md,Bảng giá vé tàu Rạch Giá Hòn Tre 2026 tàu cao tốc Superdong chỉ 74K,Vé tàu,Khác,Thấp (Thông tin/Dịch vụ)
152_ga-da-lat.md,Ga Đà Lạt: Dấu ấn vượt thời gian giữa lòng phố núi,Điểm du lịch nổi tiếng,Đà Lạt,Trung bình (Vệ tinh)
153_ve-tau-phu-quoc-tho-chau.md,"Đặt vé tàu Phú Quốc Thổ Châu (Thổ Chu) nhanh chóng, giá vé 2026 chỉ 334k",Vé tàu,Phú Quốc,Thấp (Thông tin/Dịch vụ)
154_langbiang-land.md,LangBiang Land: Tổ hợp vui chơi sống ảo quên lối về ở Đà Lạt,Điểm du lịch nổi tiếng,Đà Lạt,Trung bình (Vệ tinh)
155_cong-chieng-da-lat.md,Văn hóa cồng chiêng Đà Lạt: Huyền thoại giữa đại ngàn Tây Nguyên,Văn hóa và lễ hội,Đà Lạt,Cao (Pillar)
156_hang-pac-bo.md,Hang Pác Bó – Di tích lịch sử và danh thắng nổi tiếng Cao Bằng,Điểm du lịch nổi tiếng,Khác,Trung bình (Vệ tinh)
157_nui-langbiang.md,Núi LangBiang: Chinh phục “nóc nhà” của Đà Lạt,Điểm du lịch nổi tiếng,Đà Lạt,Trung bình (Vệ tinh)
158_ve-tau-vung-tau-con-dao-phu-quoc-express.md,"Vé tàu Vũng Tàu Côn Đảo – Tàu Thăng Long (PQE): Lịch tàu, Giá vé 2026",Vé tàu,Vũng Tàu,Thấp (Thông tin/Dịch vụ)
159_bai-dai-nha-trang.md,Bãi Dài Nha Trang: Bãi biển đẹp mê hồn vươn tầm quốc tế,Điểm du lịch nổi tiếng,Nha Trang,Trung bình (Vệ tinh)
160_cot-co-lung-cu.md,Kinh nghiệm du lịch Cột cờ Lũng Cú: Lưu ý di chuyển và chi phí,Điểm du lịch nổi tiếng,Khác,Cao (Pillar)
161_nha-yen-nha-trang.md,Nhà Yến Nha Trang: Ngôi nhà của dòng Yến sào thượng hạng,Điểm du lịch nổi tiếng,Nha Trang,Trung bình (Vệ tinh)
162_ve-tau-ha-tien-phu-quoc.md,"Vé tàu Hà Tiên Phú Quốc : Giá vé, lịch trình 2 hãng tàu cập nhật 2026",Vé tàu,Phú Quốc,Thấp (Thông tin/Dịch vụ)
163_hon-chong.md,Hòn Chồng Nha Trang: “Kỳ quan” đá xếp chồng độc nhất vô nhị,Điểm du lịch nổi tiếng,Nha Trang,Trung bình (Vệ tinh)
164_megalive-tet-binh-ngo-2026.md,"Megalive Tết Bính Ngọ 2026: Săn deal khủng, du xuân trọn vị",Khuyến mãi - Mã giảm giá,Khác,Thấp (Thông tin/Dịch vụ)
165_vinh-san-ho.md,Vịnh San Hô Nha Trang: “Tọa độ vàng” cho những tín đồ yêu biển,Điểm du lịch nổi tiếng,Nha Trang,Trung bình (Vệ tinh)
166_deo-ma-pi-leng.md,Ý nghĩa Đèo Mã Pí Lèng – Một trong “Tứ đại đỉnh đèo” miền Bắc,Điểm du lịch nổi tiếng,Khác,Trung bình (Vệ tinh)
167_con-se-tre.md,Đảo Con Sẻ Tre: Ngôi làng “thuần tre” độc bản giữa Vịnh Nha Trang,Điểm du lịch nổi tiếng,Nha Trang,Trung bình (Vệ tinh)
168_chua-long-son.md,Chùa Long Sơn: Tượng Phật nhập niết bàn giữa phố biển Nha Trang,Điểm du lịch nổi tiếng,Nha Trang,Trung bình (Vệ tinh)
169_nha-tho-nui-nha-trang.md,Nhà Thờ Núi Nha Trang: Tuyệt tác Gothic Châu Âu giữa lòng phố biển,Điểm du lịch nổi tiếng,Nha Trang,Trung bình (Vệ tinh)
170_tata-show.md,TATA Show: Siêu phẩm 10 triệu USD tại VinWonders Nha Trang,Điểm du lịch nổi tiếng,Nha Trang,Trung bình (Vệ tinh)
171_nu-cuoi-me-kong-tai-tro-cuoc-thi-design-thinking.md,Cuộc thi Design Thinking 2026: Nụ Cười Mê Kông cùng sinh viên “đánh thức” Chợ nổi,Tin tức,Khác,Thấp (Thông tin/Dịch vụ)
172_thuy-cung-vinpearl-nha-trang.md,Thủy cung Vinpearl Nha Trang: “Đại dương thu nhỏ” đẹp tựa cổ tích,Điểm du lịch nổi tiếng,Nha Trang,Trung bình (Vệ tinh)
173_vinwonders-nha-trang.md,VinWonders Nha Trang: Thiên đường giải trí đẳng cấp trên đảo Hòn Tre,Điểm du lịch nổi tiếng,Nha Trang,Trung bình (Vệ tinh)
174_thue-xe-can-tho-di-ca-mau.md,"Thuê xe Cần Thơ đi Cà Mau – Xe 4, 7, 16, 29, 45 chỗ (2026)",Thuê xe,"Cần Thơ, Cà Mau",Thấp (Thông tin/Dịch vụ)
175_chua-thien-hung.md,Chùa Thiên Hưng: Nơi lưu giữ Ngọc Xá Lợi linh thiêng đất Võ,Điểm du lịch nổi tiếng,Khác,Trung bình (Vệ tinh)
176_tinh-xa-ngoc-hoa.md,Tịnh xá Ngọc Hòa Quy Nhơn: Điểm dừng chân linh thiêng giữa biển trời,Điểm du lịch nổi tiếng,Quy Nhơn,Trung bình (Vệ tinh)
177_thue-tau-tan-dai-phong-can-tho.md,"Thuê tàu Tân Đại Phong Cần Thơ – Giá tốt, hỗ trợ trọn hành trình",Thuê tàu; ghe,Cần Thơ,Thấp (Thông tin/Dịch vụ)
178_bai-dua-quy-nhon.md,Bãi Dứa Quy Nhơn: Thiên đường san hô dưới chân núi Nhơn Lý,Điểm du lịch nổi tiếng,Quy Nhơn,Trung bình (Vệ tinh)
179_thap-nghinh-phong.md,Tháp Nghinh Phong: Biểu tượng mới đầy kiêu hãnh của Phú Yên,Điểm du lịch nổi tiếng,Khác,Trung bình (Vệ tinh)
180_chua-thanh-luong.md,Chùa Thanh Lương: Ngôi chùa san hô độc đáo ở Phú Yên,Chưa phân loại; Điểm du lịch nổi tiếng,Khác,Trung bình (Vệ tinh)
181_khuyen-mai-vong-quay-may-man.md,"Khuyến mãi Vòng quay may mắn: Vi vu chơi xa, quà tặng bao la",Khuyến mãi - Mã giảm giá,Khác,Thấp (Thông tin/Dịch vụ)
182_bai-xep-quy-nhon.md,Bãi Xếp Quy Nhơn: Thiên đường biển đẹp tựa phim Hàn,Điểm du lịch nổi tiếng,Quy Nhơn,Trung bình (Vệ tinh)
183_dam-o-loan.md,Đầm Ô Loan Phú Yên: Tuyệt tác hoàng hôn dưới chân đèo,Điểm du lịch nổi tiếng,Khác,Trung bình (Vệ tinh)
184_ghenh-da-dia.md,Khám phá Ghềnh Đá Đĩa Phú Yên: Kỳ quan đá bazan độc đáo ven biển,Chưa phân loại; Điểm du lịch nổi tiếng,Khác,Trung bình (Vệ tinh)
185_nha-tho-mang-lang.md,Khám phá Nhà Thờ Mằng Lăng Phú Yên: Kiến trúc cổ và giá trị lịch sử,Chưa phân loại; Điểm du lịch nổi tiếng,Khác,Trung bình (Vệ tinh)
186_mon-an-binh-dinh.md,Khám phá ẩm thực Bình Định: Top món ngon đặc trưng vùng đất Võ,Đặc sản địa phương,Khác,Cao (Pillar)
187_kham-pha-quang-truong-quy-nhon-trai-tim-soi-dong-cua-thanh-pho-bien.md,Khám phá Quảng Trường Quy Nhơn: Trái tim sôi động của thành phố biển,Điểm du lịch nổi tiếng,Quy Nhơn,Trung bình (Vệ tinh)
188_thap-doi-quy-nhon.md,Tháp Đôi Quy Nhơn: Khám Phá Kiến Trúc Cổ Và Giá Trị Lịch Sử,Điểm du lịch nổi tiếng,Quy Nhơn,Trung bình (Vệ tinh)
189_ghenh-rang-tien-sa.md,Ghềnh Ráng Tiên Sa: viên ngọc quý của biển núi Quy Nhơn,Điểm du lịch nổi tiếng,Quy Nhơn,Trung bình (Vệ tinh)
190_cau-song-han.md,Cầu Sông Hàn Đà Nẵng: Cầu quay độc đáo có một không hai,Điểm du lịch nổi tiếng,Đà Nẵng,Trung bình (Vệ tinh)
191_bao-tang-dieu-khac-cham.md,Bảo tàng Điêu khắc Chăm: Lưu giữ tinh hoa nghệ thuật Chăm Pa xưa,Điểm du lịch nổi tiếng,Khác,Trung bình (Vệ tinh)
192_khuyen-mai-tour-tet-2026.md,"Khuyến mãi Tour Tết 2026: Du xuân Bính Ngọ, Tết thêm gắn kết",Khuyến mãi - Mã giảm giá,Khác,Thấp (Thông tin/Dịch vụ)
193_cong-vien-apec.md,Công viên APEC Đà Nẵng: Nghệ thuật hiện đại giữa trung tâm thành phố,Điểm du lịch nổi tiếng,Đà Nẵng,Trung bình (Vệ tinh)
194_cong-vien-ky-quan-da-nang.md,Công viên Kỳ Quan Đà Nẵng: Điểm mô phỏng kỳ quan thế giới đầy ấn tượng,Điểm du lịch nổi tiếng,Đà Nẵng,Trung bình (Vệ tinh)
195_vinh-lang-co.md,Vịnh Lăng Cô: Thiên đường biển xanh giữa đèo Hải Vân,Điểm du lịch nổi tiếng,Khác,Trung bình (Vệ tinh)
196_giai-marathon-quoc-te-di-san-can-tho-2025.md,Nụ Cười Mê Kông đồng hành cùng Giải Marathon quốc tế di sản Cần Thơ 2026,Khuyến mãi - Mã giảm giá; Tin tức,Cần Thơ,Thấp (Thông tin/Dịch vụ)
197_festival-hoa-kieng-sa-dec.md,Festival Hoa – Kiểng Sa Đéc lần II năm 2026: Sắc hoa ngày mới,Tin tức,Khác,Thấp (Thông tin/Dịch vụ)
198_dong-van.md,Đồng Văn – Vùng cao nguyên đá đậm bản sắc Tuyên Quang,Điểm du lịch nổi tiếng,Khác,Trung bình (Vệ tinh)
199_nu-cuoi-me-kong-tham-gia-famtrip-quy-chau-2025.md,Nụ Cười Mê Kông tham gia famtrip Quý Châu cùng 100 doanh nghiệp lữ hành Việt Nam,Tin tức,Khác,Thấp (Thông tin/Dịch vụ)
200_cao-lau-hoi-an.md,Cao lầu Hội An: Tinh hoa ẩm thực xứ Quảng,Review ẩm thực,Khác,Cao (Pillar)
201_cot-moc-so-0-ha-giang.md,Cột mốc số 0 Hà Giang – Lịch trình kết hợp tham quan cao nguyên đá,Điểm du lịch nổi tiếng,Khác,Trung bình (Vệ tinh)
202_nuoc-mot-hoi-an.md,Nước Mót Hội An: Biểu tượng vỉa hè nơi phố Hội,Review ẩm thực,Khác,Cao (Pillar)
203_nui-doi-co-tien-quan-ba.md,Núi Đôi Cô Tiên Quản Bạ – Kỳ quan đôi núi huyền thoại giữa cao nguyên,Điểm du lịch nổi tiếng,Khác,Trung bình (Vệ tinh)
204_chua-hoa-yen.md,Chùa Hoa Yên – Nét linh thiêng và vẻ đẹp bao la trên núi Yên Tử,Điểm du lịch nổi tiếng,Khác,Trung bình (Vệ tinh)
205_chua-dong-yen-tu.md,Chùa Đồng Yên Tử – Biểu tượng linh thiêng trên đỉnh thiêng Yên Tử,Điểm du lịch nổi tiếng,Khác,Trung bình (Vệ tinh)
206_hon-ga-choi.md,Khám phá Hòn Gà Chọi – Biểu tượng nổi bật của kỳ quan Vịnh Hạ Long,Điểm du lịch nổi tiếng,Hạ Long,Trung bình (Vệ tinh)
207_hon-cho-da.md,Hòn Chó Đá – Dấu ấn độc đáo giữa quần thể kỳ quan Vịnh Hạ Long,Điểm du lịch nổi tiếng,Hạ Long,Trung bình (Vệ tinh)
208_hon-dinh-huong.md,Khám phá Hòn Đỉnh Hương – Biểu tượng đặc sắc của Di sản Vịnh Hạ Long,Điểm du lịch nổi tiếng,Hạ Long,Trung bình (Vệ tinh)
209_hon-rua.md,Hòn Rùa – Biểu tượng thiên nhiên độc đáo giữa biển trời Khánh Hoà,Điểm du lịch nổi tiếng,Khác,Trung bình (Vệ tinh)
210_cho-phien-bac-ha.md,Chợ Phiên Bắc Hà – Nét văn hoá độc đáo giữa núi rừng Tây Bắc,Điểm du lịch nổi tiếng,Khác,Trung bình (Vệ tinh)
211_nha-san-bac-ho.md,Nhà sàn Bác Hồ: Không gian sống giản dị và những ký ức còn mãi,Điểm du lịch nổi tiếng,Khác,Trung bình (Vệ tinh)
212_quang-truong-ba-dinh.md,Quảng trường Ba Đình: Biểu tượng lịch sử của Thủ đô Hà Nội,Điểm du lịch nổi tiếng,Hà Nội,Trung bình (Vệ tinh)
213_banh-com-hang-than.md,Bánh cốm Hàng Than: Hương vị truyền thống và nét đẹp văn hóa Hà Nội,Đặc sản địa phương,Hà Nội,Cao (Pillar)
214_xe-bus-2-tang-hop-on-hop-off-sai-gon.md,"Vé xe bus 2 tầng Sài Gòn – Lộ trình, lịch chạy & giá vé chi tiết",Thuê xe,Sài Gòn,Thấp (Thông tin/Dịch vụ)
215_cau-the-huc.md,Cầu Thê Húc: Dải lụa đỏ quyến rũ giữa lòng Hồ Hoàn Kiếm,Điểm du lịch nổi tiếng,Khác,Trung bình (Vệ tinh)
216_kem-trang-tien.md,Kem Tràng Tiền: Ký ức ngọt ngào của người Hà Nội,Review ẩm thực,Hà Nội,Cao (Pillar)
217_den-ngoc-son.md,Đền Ngọc Sơn: Biểu tượng không thể tách rời của Hà Nội,Điểm du lịch nổi tiếng,Hà Nội,Trung bình (Vệ tinh)
218_cho-dem-sapa.md,Chợ đêm Sapa: Trung tâm ẩm thực sôi động của thị trấn mờ sương,Điểm du lịch nổi tiếng,Sapa,Trung bình (Vệ tinh)
219_nu-cuoi-me-kong-don-doan-famtrip-quoc-te.md,Nụ Cười Mê Kông đón đoàn Famtrip quốc tế cùng lan toả bản sắc Miền Tây,Tin tức,Khác,Thấp (Thông tin/Dịch vụ)
220_hoang-thanh-thang-long.md,Hoàng thành Thăng Long: Nơi lưu giữ dấu ấn các triều đại Việt Nam,Điểm du lịch nổi tiếng,Khác,Trung bình (Vệ tinh)
221_chua-tran-quoc.md,Chùa Trấn Quốc: Dấu ấn tâm linh nghìn năm của Hà Nội,Điểm du lịch nổi tiếng,Hà Nội,Trung bình (Vệ tinh)
222_y-ty.md,Y Tý: Khám phá thiên đường mua sắm bất tận tại vùng núi Tây Bắc,Điểm du lịch nổi tiếng,Khác,Trung bình (Vệ tinh)
223_thanh-dia-la-vang.md,Thánh địa La Vang: Điểm hành hương nổi tiếng nhất Quảng Trị,Điểm du lịch nổi tiếng,Khác,Trung bình (Vệ tinh)
224_vi-tuyen-17.md,Vĩ tuyến 17: Ranh giới lịch sử và điểm đến nổi tiếng Quảng Trị,Điểm du lịch nổi tiếng,Khác,Trung bình (Vệ tinh)
225_duong-truong-son.md,Đường Trường Sơn: huyền thoại con đường máu và hoa,Khám phá và trải nghiệm,Khác,Cao (Pillar)
226_dong-thien-duong.md,Động Thiên Đường Quảng Bình: Tuyệt tác hang khô dài nhất châu Á,Điểm du lịch nổi tiếng,Khác,Trung bình (Vệ tinh)
227_deo-o-quy-ho.md,"Trải Nghiệm Đèo Ô Quy Hồ: Cảnh Đẹp, Check-in, ăn uống & gợi ý lịch trình",Khám phá và trải nghiệm,Khác,Cao (Pillar)
228_lang-khai-dinh.md,Khám phá Lăng Khải Định: Kiến trúc hoàng gia & di sản văn hóa Việt Nam,Điểm du lịch nổi tiếng,Khác,Trung bình (Vệ tinh)
229_lang-chai-lang-co.md,Làng Chài Lăng Cô: Nét bình yên hoài cổ giữa vịnh biển Miền Trung,Khám phá và trải nghiệm; Điểm du lịch nổi tiếng,Khác,Cao (Pillar)
230_lang-phap.md,Làng Pháp Bà Nà Hills: Ngôi làng Châu Âu giữa mây núi Đà Nẵng,Điểm du lịch nổi tiếng,Đà Nẵng,Trung bình (Vệ tinh)
231_khu-pho-co-ha-noi.md,Khu phố cổ Hà Nội: Khám phá văn hóa và ẩm thực 36 phố phường,Điểm du lịch nổi tiếng,Hà Nội,Trung bình (Vệ tinh)
232_chua-cau-nhat-ban.md,Chùa Cầu Nhật Bản: Nét giao thoa độc đáo giữa lòng phố cổ Hội An,Điểm du lịch nổi tiếng,Khác,Trung bình (Vệ tinh)
233_phu-chu-tich.md,Phủ Chủ Tịch: Nơi lưu giữ di sản Chủ tịch Hồ Chí Minh giữa lòng thủ đô,Điểm du lịch nổi tiếng,Khác,Trung bình (Vệ tinh)
234_thang-co.md,Thắng Cố: Món đặc sản huyền thoại của vùng Tây Bắc,Review ẩm thực,Khác,Cao (Pillar)
235_thuy-dien-thac-ba.md,Thủy điện Thác Bà: Kỳ quan nhân tạo giữa lòng Tây Bắc,Điểm du lịch nổi tiếng,Khác,Trung bình (Vệ tinh)
236_cho-coc-leu.md,Chợ Cốc Lếu: Thiên đường mua sắm sầm uất của Lào Cai,Điểm du lịch nổi tiếng,Khác,Trung bình (Vệ tinh)
237_cong-troi-sapa.md,Cổng Trời Sapa: Khám phá thiên đường săn mây bất tận,Điểm du lịch nổi tiếng,Sapa,Trung bình (Vệ tinh)
238_nu-cuoi-me-kong-don-doan-seaef.md,Nụ Cười Mê Kông đón Đoàn SEAEF đại biểu Liên đoàn Thể thao Điện tử ĐNA tham quan Chợ Nổi Cái Răng,Tin tức,Khác,Thấp (Thông tin/Dịch vụ)
239_eca-2025.md,Cần Thơ đăng cai Giải eSports châu Á ECA 2026,Tin tức,Cần Thơ,Thấp (Thông tin/Dịch vụ)
240_le-hoi-van-hoa-song-nuoc-can-tho-2025.md,Lễ hội Văn hoá Sông Nước Cần Thơ 2026: Sắc Màu Miền Tây,Tin tức,Cần Thơ,Thấp (Thông tin/Dịch vụ)
241_dat-tour-nhan-gio-luc-binh-thu-cong.md,"Đặt tour signature, nhận ngay giỏ lục bình thủ công",Khuyến mãi - Mã giảm giá,Khác,Thấp (Thông tin/Dịch vụ)
242_nu-cuoi-me-kong-ki-hop-tac-cung-tatinta.md,Nụ Cười Mê Kông kí hợp tác cùng Tatinta mở rộng giới hạn trải nghiệm du lịch,Tin tức,Khác,Thấp (Thông tin/Dịch vụ)
243_tham-du-khai-mac-le-hoi-ok-om-bok-2025.md,Nụ Cười Mê Kông khảo sát Sóc Trăng & tham dự Khai mạc Lễ hội Ok Om Bok 2026,Tin tức,Sóc Trăng,Thấp (Thông tin/Dịch vụ)
244_ve-tau-can-tho-con-dao.md,Vé Tàu Cần Thơ Côn Đảo – Mai Linh Express,Vé tàu,Cần Thơ,Thấp (Thông tin/Dịch vụ)
245_du-lich-moc-chau-son-la.md,Mộc Châu Sơn La – “Mê đắm” cao nguyên Tây Bắc (2026),Điểm du lịch nổi tiếng,Khác,Trung bình (Vệ tinh)
246_deo-hai-van.md,Đèo Hải Vân – Tuyệt tác “cung đường đệ nhất” Việt Nam 2026,Khám phá và trải nghiệm,Khác,Cao (Pillar)
247_chua-vinh-trang.md,Chùa Vĩnh Tràng – Viếng ngôi chùa cổ lớn nhất tại Tiền Giang,Điểm du lịch nổi tiếng,Tiền Giang,Trung bình (Vệ tinh)
248_suoi-tien-mui-ne.md,Suối tiên Mũi Né – Khám phá dòng suối có 1-0-2 ở Việt Nam 2026,Điểm du lịch nổi tiếng,Khác,Trung bình (Vệ tinh)
249_thap-cham-poshanu-mui-ne.md,Tháp chàm Poshanư Mũi Né – Kiến trúc cổ Vương Quốc Chăm Pa,Điểm du lịch nổi tiếng,Khác,Trung bình (Vệ tinh)
250_khach-san-con-dao.md,"Top 15 khách sạn Côn Đảo giá tốt, được yêu thích nhất 2026",Khách sạn,Khác,Thấp (Thông tin/Dịch vụ)
251_con-dao-vo-thi-sau.md,Chị Võ Thị Sáu – Viếng thăm mộ chị Võ Thị Sáu ở Côn Đảo (2026),Điểm du lịch nổi tiếng,Khác,Trung bình (Vệ tinh)
252_dac-san-da-nang.md,Đặc sản Đà Nẵng – Top 25+ món ngon nhất định phải thử (2026),Toplist; Đặc sản địa phương,Đà Nẵng,Cao (Pillar)
253_le-hoi-via-ba-chua-xu.md,Lễ hội vía Bà Chúa Xứ Núi Sam – Đặc sắc vùng đất Thất Sơn An Giang,Văn hóa và lễ hội,An Giang,Cao (Pillar)
254_nui-ta-cu.md,Núi Tà Cú – Thánh địa du lịch tâm linh ở Bình Thuận (2026),Điểm du lịch nổi tiếng,Khác,Trung bình (Vệ tinh)
255_khach-san-sai-gon.md,Khám phá Top 10 khách sạn 5 sao đẳng cấp tại TP. Hồ Chí Minh,Khách sạn,Khác,Thấp (Thông tin/Dịch vụ)
256_cau-rong-da-nang.md,Cầu Rồng Đà Nẵng – Kinh nghiệm ngắm cầu rồng phun lửa,Khám phá và trải nghiệm; Điểm du lịch nổi tiếng,Đà Nẵng,Cao (Pillar)
257_homestay-sai-gon.md,Top 13 Homestay view đẹp tại Sài Gòn với mức giá bình dân 2026,Homestay,Sài Gòn,Trung bình (Vệ tinh)
258_du-lich-rach-gia-kien-giang.md,Du lịch Rạch Giá – Cẩm nang du lịch từ A đến Z năm 2026,Khám phá và trải nghiệm,Khác,Cao (Pillar)
259_bai-bien-my-khe-da-nang.md,Biển Mỹ Khê – Kinh nghiệm du lịch Biển Mỹ Khê Đà Nẵng (2026),Điểm du lịch nổi tiếng,Đà Nẵng,Cao (Pillar)
260_tuong-ca-chep-hoa-rong-da-nang.md,Cá chép hóa rồng Đà Nẵng – Mãn nhãn bức tượng hot nhất 2026,Điểm du lịch nổi tiếng,Đà Nẵng,Trung bình (Vệ tinh)
261_kinh-nghiem-dat-ve-tau-sai-gon-con-dao.md,Kinh nghiệm đặt vé tàu Sài Gòn Côn Đảo từ A – Z,Vé tàu,Sài Gòn,Thấp (Thông tin/Dịch vụ)
262_bien-lagi-binh-thuan.md,Lagi Bình Thuận – Tất tần tật kinh nghiệm du lịch Biển Lagi (2026),Khám phá và trải nghiệm,Khác,Cao (Pillar)
263_cau-tinh-yeu-da-nang.md,Cầu tình yêu Đà Nẵng – Địa điểm check-in lãng mạn (2026),Điểm du lịch nổi tiếng,Đà Nẵng,Trung bình (Vệ tinh)
264_ba-na-hills-da-nang.md,Bà Nà Hills – “Châu Âu thu nhỏ trong lòng thành phố”,Điểm du lịch nổi tiếng,Khác,Trung bình (Vệ tinh)
265_ngu-hanh-son-da-nang.md,Ngũ Hành Sơn Đà Nẵng – Danh thắng hùng vĩ tại Việt Nam,Điểm du lịch nổi tiếng,Đà Nẵng,Trung bình (Vệ tinh)
266_kinh-nghiem-du-lich-dao-cat-ba.md,Du lịch Cát Bà – Khám phá “viên ngọc xanh” cực đẹp gần vịnh Hạ Long,Điểm du lịch nổi tiếng,Hạ Long,Trung bình (Vệ tinh)
267_chua-tam-chuc-ha-nam.md,Chùa Tam Chúc Hà Nam – Một trong những ngôi chùa lớn tại Việt Nam,Điểm du lịch nổi tiếng,Khác,Trung bình (Vệ tinh)
268_bien-hon-rom-mui-ne.md,Biển Hòn Rơm – Kinh nghiệm vi vu ăn chơi xứ biển từ A – Z (2026),Điểm du lịch nổi tiếng,Khác,Trung bình (Vệ tinh)
269_nha-hang-con-dao.md,Nhà hàng Côn Đảo-Top 15 nhà hàng với nhiều món ngon hấp dẫn,Review ẩm thực; Toplist,Khác,Cao (Pillar)
270_cu-lao-cau-binh-thuan.md,Cù lao Câu – Thiên đường hoang sơ giữa lòng Bình Thuận (2026),Điểm du lịch nổi tiếng,Khác,Trung bình (Vệ tinh)
271_chua-linh-thuu-tien-giang.md,Chùa Linh Thứu – Check in ngôi chùa lâu đời tại Tiền Giang (2026),Điểm du lịch nổi tiếng,Tiền Giang,Trung bình (Vệ tinh)
272_chua-hang-chau-doc-an-giang.md,Chùa Hang Châu Đốc An Giang – Cẩm nang du lịch & bí ẩn ít người biết (2026),Điểm du lịch nổi tiếng,An Giang,Trung bình (Vệ tinh)
273_lau-dai-ruou-vang.md,Lâu đài rượu vang Mũi Né – “Thành Âu” nguy nga cổ kính,Điểm du lịch nổi tiếng,Khác,Trung bình (Vệ tinh)
274_khu-du-lich-van-hoa-phuong-nam.md,Khu du lịch văn hóa Phương Nam – Cẩm nang du lịch từ A-Z,Điểm du lịch nổi tiếng,Khác,Trung bình (Vệ tinh)
275_quan-hu-tieu-ngon-o-sa-dec.md,Quán hủ tiếu ngon ở Sa Đéc – Top 9 địa điểm “giữ chân” khách,Review ẩm thực,Khác,Cao (Pillar)
276_canh-dong-ta-pa-an-giang.md,Cánh đồng Tà Pạ – Chiêm ngưỡng “bức họa đồng quê” An Giang,Điểm du lịch nổi tiếng,An Giang,Trung bình (Vệ tinh)
277_lang-chai-mui-ne.md,Làng chài Mũi Né – Điểm du lịch ngập tràn hải sản cực kì tươi ngon,Điểm du lịch nổi tiếng,Khác,Trung bình (Vệ tinh)
278_dac-san-dong-thap.md,Đặc sản Đồng Tháp – Top 17 món nổi tiếng tại “Xử Sở Sen Hồng”,Đặc sản địa phương,Đồng Tháp,Cao (Pillar)
279_kinh-nghiem-di-tour-con-dao-2-ngay-1-dem.md,Kinh nghiệm thực tế đi tour Côn Đảo 2 ngày 1 đêm từ Sài Gòn,Khám phá và trải nghiệm,Sài Gòn,Cao (Pillar)
280_dao-tho-chu-kien-giang.md,Đảo Thổ Chu – Khám phá “Viên ngọc thô” của miền Nam Tổ Quốc,Điểm du lịch nổi tiếng,Khác,Trung bình (Vệ tinh)
281_cau-vang-da-nang.md,Cầu Vàng Đà Nẵng – Check-in biểu tượng du lịch Việt Nam (2026),Điểm du lịch nổi tiếng,Đà Nẵng,Trung bình (Vệ tinh)
282_chua-linh-ung-da-nang.md,Chùa Linh Ứng Đà Nẵng – Nơi du lịch tâm linh ấn tượng năm 2026,Điểm du lịch nổi tiếng,Đà Nẵng,Trung bình (Vệ tinh)
283_homestay-tien-giang.md,Homestay Tiền Giang – Top 13 homestay miệt vườn (2026),Homestay; Toplist,Tiền Giang,Trung bình (Vệ tinh)
284_thanh-dia-my-son.md,Thánh địa Mỹ Sơn – Tuyệt tác của nền văn hóa Chăm Pa,Điểm du lịch nổi tiếng,Khác,Trung bình (Vệ tinh)
285_hoi-nghi-doanh-nghiep-du-lich-can-tho-2025.md,Nụ Cười Mê Kông tham dự Hội nghị Doanh nghiệp Du lịch Cần Thơ 2026,Tin tức,Cần Thơ,Thấp (Thông tin/Dịch vụ)
286_khach-san-charmant-suites-can-tho.md,Khách sạn Charmant Suites Cần Thơ| Dịch vụ 5 sao cao cấp với hồ bơi vô cực,Khách sạn,Cần Thơ,Thấp (Thông tin/Dịch vụ)
287_company-trip-nha-trang-2025.md,The Journey of Smile: Hành trình khó quên của Nụ Cười Mê Kông tại Nha Trang,Văn hoá doanh nghiệp,Nha Trang,Trung bình (Vệ tinh)
288_smile-guide-day-2025.md,Nụ Cười Mê Kông tổ chức Ngày hội hướng dẫn viên Miền Tây: Smile Guide Day 10/2025,Văn hoá doanh nghiệp,Khác,Trung bình (Vệ tinh)
289_ganh-dau-phu-quoc.md,Khám phá Gành Dầu Phú Quốc với cảnh biển đẹp và hải sản tươi ngon,Điểm du lịch nổi tiếng,Phú Quốc,Trung bình (Vệ tinh)
290_marriott-tiep-quan-van-hanh-legacy-mekong.md,Marriott tiếp quản vận hành Legacy Mekong: Bước đột phá du lịch cao cấp Miền Tây,Tin tức,Khác,Thấp (Thông tin/Dịch vụ)
291_cong-vien-san-ho-phu-quoc-namaste.md,Công viên San Hô Phú Quốc Namaste| Trải nghiệm trò chơi dưới đáy biển,Điểm du lịch nổi tiếng,Phú Quốc,Trung bình (Vệ tinh)
292_chua-su-muon.md,Chùa Sư Muôn Phú Quốc – Cổ tự trăm năm bên triền núi Điện Tiên,Điểm du lịch nổi tiếng,Phú Quốc,Trung bình (Vệ tinh)
293_dinh-than-nguyen-trung-truc-phu-quoc.md,Đền Thần Nguyễn Trung Trực – Di tích anh hùng giữa biển trời Phú Quốc,Điểm du lịch nổi tiếng,Phú Quốc,Trung bình (Vệ tinh)
294_aquatopia-hon-thom.md,Aquatopia Hòn Thơm – Thiên đường công viên nước đẳng cấp tại Phú Quốc,Điểm du lịch nổi tiếng,Phú Quốc,Trung bình (Vệ tinh)
295_hon-may-rut.md,Hòn Mây Rút – Viên ngọc hoang sơ quyến rũ giữa biển trời Phú Quốc,Điểm du lịch nổi tiếng,Phú Quốc,Trung bình (Vệ tinh)
296_show-sac-mau-venice-phu-quoc.md,Show Sắc Màu Venice – Bữa tiệc ánh sáng và âm nhạc tại Grand World,Văn hóa và lễ hội,Khác,Cao (Pillar)
297_bao-tang-gau-teddy-phu-quoc.md,Bảo tàng gấu Teddy Phú Quốc| Thế giới gấu bông kỳ diệu tại Grand World,Điểm du lịch nổi tiếng,Phú Quốc,Trung bình (Vệ tinh)
298_ems-healing-spa.md,Đặc Quyền Mekong Smile Club: Chữa lành toàn diện tại Em’s Healing Spa,Khuyến mãi - Mã giảm giá,Khác,Thấp (Thông tin/Dịch vụ)
299_nu-cuoi-me-kong-dai-ly-sun-phuquoc-airways.md,Nụ Cười Mê Kông vinh dự trở thành đại lý Sun PhuQuoc Airways,Tin tức,Khác,Thấp (Thông tin/Dịch vụ)
300_hon-hai-bo-dap-nam-du.md,Hòn Hai Bờ Đập – Chạm vào thiên nhiên hoang sơ giữa biển trời Nam Du,Điểm du lịch nổi tiếng,Khác,Trung bình (Vệ tinh)
301_tour-chuyen-de.md,Tour Chuyên Đề – Brainstorm Chiến Lược: Retreat sáng tạo cùng Nụ Cười Mê Kông,Tour thiết kế riêng,Khác,Trung bình (Vệ tinh)
302_tour-giao-luu-van-hoa.md,Tour Giao Lưu Văn Hóa – Du Lịch Cộng Đồng: Trải nghiệm chân thực và bền vững,Tour thiết kế riêng,Khác,Trung bình (Vệ tinh)
303_tour-khong-dien-thoai.md,Tour không điện thoại: Detox số – Sống chậm – Reset tinh thần,Tour thiết kế riêng,Khác,Trung bình (Vệ tinh)
304_hu-tieu-my-tho.md,Hủ tiếu Mỹ Tho – Tinh hoa ẩm thực trứ danh miền tây (2026),Đặc sản địa phương,Khác,Cao (Pillar)
305_nu-cuoi-me-kong-tai-hoi-cho-ite-hcmc-2025.md,Nụ Cười Mê Kông góp mặt tại Hội chợ ITE HCMC 2026,Tin tức,Khác,Thấp (Thông tin/Dịch vụ)
306_uu-dai-ve-may-bay-quoc-te-ho-chieu.md,Ưu đãi mua vé máy bay quốc tế: Hộ chiếu nằm chờ – Vé đã có chưa?,Khuyến mãi - Mã giảm giá,Khác,Thấp (Thông tin/Dịch vụ)
307_khach-san-phu-quoc-gia-re.md,Khách sạn Phú Quốc – Top 34 khách sạn view đẹp lung linh,Khách sạn; Toplist,Phú Quốc,Thấp (Thông tin/Dịch vụ)
308_homestay-can-tho.md,Top 14 homestay Cần Thơ có view đẹp lung linh “triệu like” 2026,Homestay,Cần Thơ,Trung bình (Vệ tinh)
309_khach-san-ca-mau.md,"Khách sạn Cà Mau – Top 20 địa chỉ uy tín, giá tốt nhất 2026",Khách sạn; Toplist,Cà Mau,Thấp (Thông tin/Dịch vụ)
310_homestay-nam-du.md,"Homestay Nam Du – Top 8 resort, homestay đẹp “hút hồn” 2026",Homestay; Toplist,Khác,Trung bình (Vệ tinh)
311_legacy-mekong-resort-can-tho.md,Legacy Mekong – Resort 5 sao giữa thiên đường sông nước Cần Thơ,Khách sạn,Cần Thơ,Thấp (Thông tin/Dịch vụ)
312_khuyen-mai-tour-le-2-9.md,"Khuyến mãi Tour lễ 2/9: Vui lễ chơi xa, ưu đãi bao la",Khuyến mãi - Mã giảm giá,Khác,Thấp (Thông tin/Dịch vụ)
313_khuyen-mai-ve-tau-phu-quoc-express.md,Khuyến mãi vé tàu Phú Quốc Express – Vi vu biển đảo với giá tiết kiệm,Khuyến mãi - Mã giảm giá,Phú Quốc,Thấp (Thông tin/Dịch vụ)
314_xanh-sm-hop-tac-nu-cuoi-me-kong-xanh-tho-dia.md,Xanh SM hợp tác cùng Nụ Cười Mê Kông: Ưu đãi độc quyền trong Xanh Thổ Địa,Khuyến mãi - Mã giảm giá,Khác,Thấp (Thông tin/Dịch vụ)
315_khu-du-lich-cong-dong-tu-nhuan.md,Du lịch Cà Mau 2026 – Khám phá khu du lịch cộng đồng Tư Nhuần,Điểm du lịch nổi tiếng,Cà Mau,Trung bình (Vệ tinh)
316_top-cong-ty-cho-thue-xe-can-tho.md,"Top 18 công ty cho thuê xe ở Cần Thơ – giá rẻ, chất lượng, uy tín",Thuê xe; Toplist Cần Thơ,Cần Thơ,Thấp (Thông tin/Dịch vụ)
317_kinh-nghiem-du-lich-mien-tay.md,Kinh nghiệm du lịch miền Tây – Top 45 địa điểm hấp dẫn nhất năm 2026,Khám phá và trải nghiệm,Khác,Cao (Pillar)
318_nha-co-binh-thuy.md,Nhà cổ Bình Thủy: Chứng nhân lịch sử của vùng đất Tây Đô,Điểm du lịch nổi tiếng,Khác,Trung bình (Vệ tinh)
319_lang-thoai-ngoc-hau.md,Lăng Thoại Ngọc Hầu – Ghi nhớ công ơn công thần khai hoang mở cõi,Điểm du lịch nổi tiếng,Khác,Trung bình (Vệ tinh)
320_thien-vien-truc-lam-phuong-nam.md,"Thiền Viện Trúc Lâm Phương Nam: Lịch sử, Kiến trúc & Du lịch",Điểm du lịch nổi tiếng,Khác,Trung bình (Vệ tinh)
321_khu-du-lich-my-khanh-can-tho.md,Khu du lịch Mỹ Khánh: Kinh nghiệm du lịch miệt vườn 2026,Điểm du lịch nổi tiếng,Khác,Trung bình (Vệ tinh)
322_ong-dao-dua.md,Ông Đạo Dừa: Sự thật về vị tu sĩ kỳ lạ gắn liền với Cồn Phụng Bến Tre,Văn hóa và lễ hội,Bến Tre,Cao (Pillar)
323_canh-dong-thot-not-an-giang.md,Cánh đồng thốt nốt An Giang – Điểm check-in giữa thiên nhiên biên giới 2026,Điểm du lịch nổi tiếng,An Giang,Trung bình (Vệ tinh)
324_chua-tay-an-co-tu.md,Chùa Tây An Cổ Tự – Về chốn linh thiêng ở An Giang (2026),Điểm du lịch nổi tiếng,An Giang,Trung bình (Vệ tinh)
325_con-son-can-tho.md,Cồn Sơn Cần Thơ – Du lịch cộng đồng đậm chất miền Tây,Điểm du lịch nổi tiếng,Cần Thơ,Trung bình (Vệ tinh)
326_khu-tuong-niem-nhac-si-cao-van-lau.md,Khu tưởng niệm nhạc sĩ Cao Văn Lầu và câu chuyện Dạ cổ hoài lang,Điểm du lịch nổi tiếng,Khác,Trung bình (Vệ tinh)
327_can-nha-mau-tim-can-tho.md,Căn nhà màu tím Cần Thơ: Coffee – phim trường Cần Thơ,Điểm du lịch nổi tiếng,Cần Thơ,Trung bình (Vệ tinh)
328_di-tim-linh-hon-cua-vung-dat-mien-tay.md,Đi tìm Linh hồn của vùng đất Miền Tây?,Phát triển bền vững,Khác,Cao (Pillar)
329_lang-rung-vo-doi-ca-mau.md,"Làng rừng Vồ Dơi: lịch sử, ý nghĩa & kinh nghiệm du lịch chi tiết",Điểm du lịch nổi tiếng,Khác,Cao (Pillar)
330_tran-thanh-thai.md,Trần Thanh Thái – Nhà sáng lập Công ty Nụ Cười Mê Kông,Văn hoá doanh nghiệp,Khác,Trung bình (Vệ tinh)
331_cay-beo-cho-noi-mien-tay.md,Cây bẹo: biểu tượng văn hóa độc đáo của Chợ nổi Miền Tây,Văn hóa và lễ hội,Khác,Cao (Pillar)
332_tour-doan-truong.md,"Tour đoàn trường – Tri ân đội ngũ, tiếp lửa nghề giáo",Tour thiết kế riêng,Khác,Trung bình (Vệ tinh)
333_tour-hoc-sinh-sinh-vien-giao-duc-trai-nghiem.md,"Tour Học sinh Sinh viên: giáo dục toàn diện, trải nghiệm an toàn",Tour thiết kế riêng,Khác,Trung bình (Vệ tinh)
334_nu-cuoi-me-kong-nhan-giay-khen-so-vhtt-dl-can-tho.md,Nụ Cười Mê Kông nhận giấy khen nhân dịp kỷ niệm 65 năm ngày Du lịch Việt Nam,Tin tức,Khác,Thấp (Thông tin/Dịch vụ)
335_tour-du-lich-danh-cho-nha-phan-phoi.md,Tour du lịch dành cho nhà phân phối | Gắn kết – Tri ân – Bứt phá,Tour thiết kế riêng,Khác,Trung bình (Vệ tinh)
336_tour-nghi-duong-vip.md,"Tour nghỉ dưỡng VIP – Sống chất, nghỉ sang, tận hưởng đúng nghĩa",Tour thiết kế riêng,Khác,Trung bình (Vệ tinh)
337_tour-du-lich-co-quan.md,"Tour du lịch cơ quan nhà nước chuyên nghiệp, đúng chuẩn",Tour thiết kế riêng,Khác,Trung bình (Vệ tinh)
338_tour-viet-kieu.md,Tour Việt Kiều – Cầu nối yêu thương khi về thăm quê hương,Tour thiết kế riêng,Khác,Trung bình (Vệ tinh)
339_chuong-trinh-khach-hang-than-thiet.md,Chương trình khách hàng thân thiết – Mekong Smile Club,Khuyến mãi - Mã giảm giá,Khác,Thấp (Thông tin/Dịch vụ)
340_nu-cuoi-me-kong-nhan-tripadvisor-travellers-choice.md,Nụ Cười Mê Kông vinh dự nhận giải Tripadvisor Travellers’ Choice 2026,Tin tức,Khác,Thấp (Thông tin/Dịch vụ)
341_tour-gen-z.md,"Tour gen Z – Gắn kết hội bạn, lưu giữ thanh xuân",Tour thiết kế riêng,Khác,Trung bình (Vệ tinh)
342_mieu-cau-hoang-tu-cai-gan-lien-truyen-thuyet-viet.md,Di Tích Miếu Cậu Hoàng Tử Cải Gắn Liền Truyền Thuyết Việt,Điểm du lịch nổi tiếng,Khác,Trung bình (Vệ tinh)
343_tour-du-lich-gia-dinh.md,"Tour du lịch gia đình – Trọn gói riêng tư, gắn kết cảm xúc",Tour thiết kế riêng,Khác,Trung bình (Vệ tinh)
344_tour-doan-ngan-hang.md,"Tour đoàn ngân hàng – Gắn kết đội ngũ, nâng tầm thương hiệu",Tour thiết kế riêng,Khác,Trung bình (Vệ tinh)
345_voucher-du-lich-giai-quyet-ganh-nang-team-building.md,Voucher du lịch giải quyết gánh nặng team building bao năm qua cho doanh nghiệp,Phát triển bền vững; Tin tức,Khác,Cao (Pillar)
346_vuon-quoc-gia-mui-ca-mau.md,Vườn Quốc Gia Mũi Cà Mau – Trải nghiệm lý thú tại rừng đước,Điểm du lịch nổi tiếng,Cà Mau,Trung bình (Vệ tinh)
347_ma-khuyen-mai-ve-may-bay.md,Mã Khuyến Mãi Vé Máy Bay Tháng 7/2026 tại Nụ Cười Mê Kông,Khuyến mãi - Mã giảm giá,Khác,Thấp (Thông tin/Dịch vụ)
348_bang-gia-cho-thue-tau-cho-noi-cai-rang.md,Bảng giá thuê tàu thuyền đi chợ nổi Cái Răng 2026,Thuê tàu; ghe,Khác,Thấp (Thông tin/Dịch vụ)
349_thue-xe-can-tho-phan-thiet.md,"Thuê xe Cần Thơ đi Phan Thiết – Xe 4, 7, 16, 22, 29, 45 chỗ",Thuê xe,Cần Thơ,Thấp (Thông tin/Dịch vụ)
350_thanh-duong-tac-say.md,Thánh Đường Tắc Sậy – điểm hành hương thiêng liêng nhất Bạc Liêu,Điểm du lịch nổi tiếng,Bạc Liêu,Trung bình (Vệ tinh)
351_du-lich-phu-yen.md,Du lịch Phú Yên – Top 22+ địa điểm “sống ảo” đẹp mê ly (2026),Khám phá và trải nghiệm; Toplist,Khác,Cao (Pillar)
352_lo-gach-mang-thit-vinh-long.md,Lò gạch Mang Thít – Khám phá “Vương quốc gạch đỏ” lớn nhất Miền Tây,Điểm du lịch nổi tiếng,Khác,Trung bình (Vệ tinh)
353_dam-thi-tuong.md,Đầm Thị Tường Cà Mau – Biển hồ lãng mạn đất chín rồng (2026),Điểm du lịch nổi tiếng,Cà Mau,Trung bình (Vệ tinh)
354_tour-tet-2024.md,"Chùm Tour Tết 2026 – Du xuân Miền Tây, Gắn kết đông đầy",Tin tức,Khác,Thấp (Thông tin/Dịch vụ)
355_nha-thung-nuoc-mam-phu-quoc.md,Nhà thùng nước mắm Phú Quốc – Nơi sinh ra hương vị biển cả,Điểm du lịch nổi tiếng,Phú Quốc,Trung bình (Vệ tinh)
356_dac-san-ha-noi.md,Top 21 đặc sản Hà Nội cực ngon – Tinh túy ẩm thực Việt Nam,Toplist; Đặc sản địa phương,Hà Nội,Cao (Pillar)
357_trai-ban-chua-mien-tay.md,Trái bần – Top 8 món ăn độc đáo từ trái bần chua miền Tây,Đặc sản địa phương,Khác,Cao (Pillar)
358_dac-san-phu-quoc.md,Đặc sản Phú Quốc – Top 25 món ăn ngon nhất 2026,Toplist; Đặc sản địa phương,Phú Quốc,Cao (Pillar)
359_vuon-quoc-gia-tram-chim.md,Vườn Quốc Gia Tràm Chim – Về thăm quê hương Sếu Đầu Đỏ,Điểm du lịch nổi tiếng,Khác,Trung bình (Vệ tinh)
360_do-di-bien.md,Đồ đi biển – 21 cách mix đồ đi biển thoải mái và “trendy” nhất 2026,Tips du lịch hay,Khác,Trung bình (Vệ tinh)
361_hang-son-doong.md,Hang Sơn Đoòng – Vẻ đẹp thiên nhiên kì vĩ của thế giới,Điểm du lịch nổi tiếng,Khác,Trung bình (Vệ tinh)
362_danh-sach-combo-con-dao.md,Danh sách Combo Côn Đảo giá rẻ cập nhật 2026,Tin tức,Khác,Thấp (Thông tin/Dịch vụ)
363_tau-cao-toc-phu-quoc-express-thong-tin-chi-tiet.md,"Tàu cao tốc Phú Quốc Express: Vượt biển nhanh gọn, du lịch an toàn",Vé tàu,Phú Quốc,Thấp (Thông tin/Dịch vụ)
364_vuon-trai-cay-cai-mon.md,Vườn trái cây Cái Mơn – “Vương quốc trái cây” Bến Tre (2026),Điểm du lịch nổi tiếng,Bến Tre,Trung bình (Vệ tinh)
365_khu-du-lich-vinh-sang.md,Khu du lịch Vinh Sang: Điểm thư giãn tuyệt vời tại Vĩnh Long,Điểm du lịch nổi tiếng,Vĩnh Long,Trung bình (Vệ tinh)
366_du-lich-tet-2024-top-10-diem-du-lich-tet.md,Du lịch Tết 2026 – Top 10 điểm đến hấp dẫn cho Tết Nguyên đán,Toplist,Khác,Trung bình (Vệ tinh)
367_tuan-le-du-lich-tinh-hoa-mien-song-nuoc.md,Tuần lễ Du lịch TP. HCM – ĐBSCL 2026: Bản hòa ca rực rỡ,Tin tức,Khác,Thấp (Thông tin/Dịch vụ)
368_duong-sach-nguyen-van-binh-sai-gon.md,Đường sách Nguyễn Văn Bình – Nơi “thả hồn” tri thức 2026,Điểm du lịch nổi tiếng,Khác,Trung bình (Vệ tinh)
369_thao-cam-vien-sai-gon.md,Thảo Cầm Viên – Khám phá “Amazon mini” tại Sài Gòn 2026,Điểm du lịch nổi tiếng,Sài Gòn,Trung bình (Vệ tinh)
370_cho-an-dong-quan-5-sai-gon.md,Chợ An Đông – Chợ buôn sỉ thời trang lớn nhất Việt Nam,Điểm du lịch nổi tiếng,Khác,Trung bình (Vệ tinh)
371_cong-vien-le-thi-rieng-sai-gon.md,Công viên Lê Thị Riêng – Địa điểm vui chơi thú vị ở Sài Gòn,Điểm du lịch nổi tiếng,Sài Gòn,Trung bình (Vệ tinh)
372_thien-mon-son-trung-quoc.md,Thiên Môn Sơn – Đến cổng trời nổi tiếng bậc nhất Trung Quốc,Điểm du lịch nổi tiếng,Khác,Trung bình (Vệ tinh)
373_ho-xuan-huong-da-lat.md,Hồ Xuân Hương Đà Lạt – Nơi lãng mạn ở xứ sở ngàn hoa (2026),Điểm du lịch nổi tiếng,Đà Lạt,Trung bình (Vệ tinh)
374_vuon-dau-da-lat.md,Vườn dâu Đà Lạt – Check-in 10 vườn dâu “xịn xò” khó quên,Điểm du lịch nổi tiếng,Đà Lạt,Trung bình (Vệ tinh)
375_nha-tu-con-dao-hanh-trinh-nguoc-dong-lich-su-day-xuc-dong.md,Nhà tù Côn Đảo: Hành trình ngược dòng lịch sử đầy xúc động,Khám phá và trải nghiệm; Điểm du lịch nổi tiếng,Khác,Cao (Pillar)
376_cach-lam-banh-xeo-mien-tay.md,Bánh xèo miền Tây – Cách làm bánh xèo ngon (2026),Đặc sản địa phương,Khác,Cao (Pillar)
377_lang-chieu-dinh-yen.md,Làng chiếu Định Yên Đồng Tháp – Làng nghề trăm năm tuổi (2026),Điểm du lịch nổi tiếng,Đồng Tháp,Trung bình (Vệ tinh)
378_chua-ghositaram-bac-lieu.md,Chùa Ghositaram – Check-in “Thái Lan thu nhỏ” cực đẹp tại Bạc Liêu,Điểm du lịch nổi tiếng,Bạc Liêu,Trung bình (Vệ tinh)
379_van-mieu-quoc-tu-giam.md,Văn Miếu Quốc Tử Giám – Trường đại học đầu tiên của Việt Nam,Điểm du lịch nổi tiếng,Khác,Trung bình (Vệ tinh)
380_dac-san-bac-lieu.md,Đặc sản Bạc Liêu – Top 16 món ngon không thể bỏ qua (2026),Đặc sản địa phương,Bạc Liêu,Cao (Pillar)
381_chung-chi-travelife-du-lich-ben-vung.md,Travelife là gì? Hướng dẫn đạt chứng chỉ du lịch bền vững cho doanh nghiệp,Phát triển bền vững,Khác,Cao (Pillar)
382_can-tho-eco-resort.md,Cần Thơ Eco Resort – Hồ bơi nước mặn lớn nhất Cần Thơ (2026),Điểm du lịch nổi tiếng,Cần Thơ,Trung bình (Vệ tinh)
383_thien-vien-truc-lam-an-giang.md,Thiền viện Trúc lâm An Giang – “Vịnh Hạ Long” vùng Bảy núi 2026,Điểm du lịch nổi tiếng,"An Giang, Hạ Long",Trung bình (Vệ tinh)
384_tuong-chua-kito-vua-vung-tau.md,Tượng chúa Kitô Vũng Tàu – Điểm tham quan Vũng Tàu nổi tiếng,Điểm du lịch nổi tiếng,Vũng Tàu,Trung bình (Vệ tinh)
385_bien-co-thach-binh-thuan.md,Biển Cổ Thạch và những điều “độc lạ” Bình Thuận (2026),Điểm du lịch nổi tiếng,Khác,Trung bình (Vệ tinh)
386_duc-me-ta-pao-binh-thuan.md,Đức mẹ Tà Pao Bình Thuận – Trung tâm thánh mẫu đặc biệt nhất,Điểm du lịch nổi tiếng,Khác,Trung bình (Vệ tinh)
387_cho-noi-long-xuyen-an-giang.md,Chợ nổi Long Xuyên An Giang – Về miền sông nước miền Tây,Điểm du lịch nổi tiếng,An Giang,Trung bình (Vệ tinh)
388_ho-coc-vung-tau.md,Hồ Cốc Vũng Tàu – Khám phá “phim trường biển” hot nhất 2026,Điểm du lịch nổi tiếng,Vũng Tàu,Trung bình (Vệ tinh)
389_canh-dong-dien-gio-duyen-hai-tra-vinh.md,Điện Gió Duyên Hải Trà Vinh – Điểm check-in hot nhất 2026 có gì đặc biệt?,Điểm du lịch nổi tiếng,Trà Vinh,Trung bình (Vệ tinh)
390_dao-phu-quy.md,Đảo Phú Quý: Khám phá thiên đường biển đảo bình yên,Điểm du lịch nổi tiếng,Khác,Trung bình (Vệ tinh)
391_khu-du-lich-bo-cap-vang.md,Khu du lịch Bò Cạp Vàng – Điểm đến thú vị cuối tuần,Điểm du lịch nổi tiếng,Khác,Trung bình (Vệ tinh)
392_vuon-quoc-gia-phong-nha-ke-bang.md,Phong Nha Kẻ Bàng – Kỳ quan đệ nhất động ở Quảng Bình,Điểm du lịch nổi tiếng,Khác,Trung bình (Vệ tinh)
393_kinh-nghiem-du-lich-vinh-ha-long.md,Du lịch Hạ Long – Chiêm ngưỡng “Vịnh Thiên Đường” Việt Nam,Điểm du lịch nổi tiếng,Hạ Long,Trung bình (Vệ tinh)
394_kinh-nghiem-du-lich-an-do.md,Du lịch Ấn Độ – Kinh nghiệm hành hương về “Miền đất Phật”,Khám phá và trải nghiệm,Khác,Cao (Pillar)
395_kinh-nghiem-du-lich-quy-nhon.md,Kinh nghiệm Du lịch Quy Nhơn tự túc A-Z 2026,Khám phá và trải nghiệm,Quy Nhơn,Cao (Pillar)
396_ve-tau-hon-tre-nam-du.md,Vé tàu Hòn Tre Nam Du Superdong cập nhật 2026,Vé tàu,Khác,Thấp (Thông tin/Dịch vụ)
397_chua-bai-dinh-ninh-binh.md,Chùa Bái Đính Ninh Bình – Ngôi chùa đạt nhiều kỷ lục nhất Việt Nam,Điểm du lịch nổi tiếng,Ninh Bình,Trung bình (Vệ tinh)
398_mui-ca-mau.md,Mũi Cà Mau – Chinh phục cực Nam của Tổ quốc huyền thoại (2026),Điểm du lịch nổi tiếng,Cà Mau,Trung bình (Vệ tinh)
399_nong-trai-cun-puppy-farm-da-lat.md,Nông trại cún Puppy Farm – Trại cún siêu dễ thương ở Đà Lạt,Điểm du lịch nổi tiếng,Đà Lạt,Trung bình (Vệ tinh)
400_kinh-nghiem-du-lich-campuchia-tu-tuc.md,Kinh nghiệm du lịch Campuchia – Vùng đất huyền bí thiêng liêng,Khám phá và trải nghiệm,Khác,Cao (Pillar)
401_tran-bao-phat-son-thai-lan.md,Trân Bảo Phật Sơn Thái Lan – Độc đáo hình Phật dát vàng (2026),Điểm du lịch nổi tiếng,Khác,Trung bình (Vệ tinh)
402_suoi-tranh-phu-quoc.md,Suối Tranh Phú Quốc có gì hấp dẫn bạn đến thế? (Cập nhật 2026),Điểm du lịch nổi tiếng,Phú Quốc,Trung bình (Vệ tinh)
403_vuon-trai-cay-ben-tre.md,Vườn trái cây Bến Tre – Ghé thăm 7 vườn trái cây hot nhất,Điểm du lịch nổi tiếng,Bến Tre,Trung bình (Vệ tinh)
404_bau-trang-binh-thuan.md,Bàu trắng Bình Thuận – Trải nghiệm lý tưởng đồi cát trắng,Điểm du lịch nổi tiếng,Khác,Trung bình (Vệ tinh)
405_moc-tra-farm-da-lat.md,Mộc Trà Farm Đà Lạt – “Hút hồn” với cung đường Hàn Quốc,Điểm du lịch nổi tiếng,Đà Lạt,Trung bình (Vệ tinh)
406_dinh-bao-dai-da-lat.md,Dinh Bảo Đại Đà Lạt – Dinh thự cổ lung linh giữa núi rừng,Điểm du lịch nổi tiếng,Đà Lạt,Trung bình (Vệ tinh)
407_ma-rung-lu-quan-da-lat.md,Ma Rừng Lữ Quán – Điểm check-in ma mị giữa trời Đà Lạt,Điểm du lịch nổi tiếng,Đà Lạt,Trung bình (Vệ tinh)
408_quat-gio-cau-dat-da-lat.md,Quạt gió Cầu Đất Đà Lạt – Nơi “hút hồn” các tay nhiếp ảnh,Điểm du lịch nổi tiếng,Đà Lạt,Trung bình (Vệ tinh)
409_trung-tam-hoi-nghi-tiec-cuoi-can-tho.md,Top 9 trung tâm hội nghị tiệc cưới sang trọng tại Cần Thơ (2026),Toplist,Cần Thơ,Trung bình (Vệ tinh)
410_bamboo-garden-hau-giang.md,Bamboo Garden Hậu Giang – Nơi sống ảo đẹp như phim (2026),Điểm du lịch nổi tiếng,Hậu Giang,Trung bình (Vệ tinh)
411_kinh-nghiem-du-lich-hau-giang.md,Kinh nghiệm du lịch Hậu Giang – Top những địa điểm không thể bỏ qua,Khám phá và trải nghiệm; Toplist,Hậu Giang,Cao (Pillar)
412_kinh-nghiem-du-lich-trung-quoc.md,Du lịch Trung Quốc – Kinh nghiệm khám phá các địa điểm đẹp nhất,Khám phá và trải nghiệm,Khác,Cao (Pillar)
413_quan-banh-xeo-can-tho-ngon.md,Bánh xèo Cần Thơ – Top 5 quán bánh xèo ngon ở Cần Thơ (2026),Review ẩm thực; Toplist,Cần Thơ,Cao (Pillar)
414_vien-hai-duong-hoc-nha-trang.md,Viện Hải Dương học Nha Trang – Đại dương thu nhỏ (2026),Điểm du lịch nổi tiếng,Nha Trang,Trung bình (Vệ tinh)
415_mieu-ba-chua-xu-bau-muop.md,Miếu bà Chúa Xứ Bàu Mướp – Du lịch tâm linh An Giang (2026),Điểm du lịch nổi tiếng,An Giang,Trung bình (Vệ tinh)
416_khu-du-lich-nha-mat-bac-lieu.md,Khu du lịch Nhà Mát – Đi thì dễ mà ăn chơi thì quên lối về (2026),Điểm du lịch nổi tiếng,Khác,Trung bình (Vệ tinh)
417_nui-ham-rong-sapa.md,Núi Hàm Rồng Sapa – Ngọn núi rồng nổi tiếng vùng Tây Bắc (2026),Điểm du lịch nổi tiếng,Sapa,Trung bình (Vệ tinh)
418_dao-binh-hung-cam-ranh-khanh-hoa.md,Đảo Bình Hưng – Khám phá Đảo Bình Hưng từ A đến Z (2026),Điểm du lịch nổi tiếng,Khác,Trung bình (Vệ tinh)
419_danh-sach-cac-tour-hanh-huong.md,Danh sách các tour hành hương – Hành trình kết nối tâm linh,Toplist,Khác,Trung bình (Vệ tinh)
420_kinh-nghiem-du-lich-singapore-tu-tuc.md,Du lịch Singapore – Hướng dẫn du lịch đảo quốc sư tử (2026),Khám phá và trải nghiệm,Khác,Cao (Pillar)
421_dac-san-kien-giang.md,Đặc sản Kiên Giang – Top 18 món ngon ngất ngây chỉ có ở Kiên Giang,Review ẩm thực; Toplist; Đặc sản địa phương,Kiên Giang,Cao (Pillar)
422_chua-van-linh-nui-cam-an-giang.md,Chùa Vạn Linh – Ngôi chùa linh thiêng nổi tiếng An Giang,Điểm du lịch nổi tiếng,An Giang,Trung bình (Vệ tinh)
423_chua-ba-thien-hau.md,"Chùa Bà Thiên Hậu – Vẻ đẹp linh thiêng, cổ kính tại Sài Gòn",Điểm du lịch nổi tiếng,Sài Gòn,Trung bình (Vệ tinh)
424_thanh-duong-hoi-giao-an-giang.md,Thánh đường Hồi giáo Masjid Jamiul Azhar cực đẹp An Giang 2026,Điểm du lịch nổi tiếng,An Giang,Trung bình (Vệ tinh)
425_lau-vit-nau-chao-can-tho.md,Lẩu vịt nấu chao Cần Thơ – Top những quán ngon của người địa phương,Review ẩm thực; Đặc sản địa phương,Cần Thơ,Cao (Pillar)
426_lo-banh-hoi-ut-dzach-can-tho.md,Bánh hỏi Út Dzách – Lò bánh truyền thống nức tiếng Cần Thơ,Điểm du lịch nổi tiếng,Cần Thơ,Trung bình (Vệ tinh)
427_cho-binh-dien.md,Chợ Bình Điền – “Chợ không ngủ” nổi tiếng Sài Gòn,Điểm du lịch nổi tiếng,Sài Gòn,Trung bình (Vệ tinh)
428_chua-buu-long-quan-9.md,Chùa Bửu Long – Ngôi chùa chất ”Thái” chốn Sài Thành,Điểm du lịch nổi tiếng,Khác,Trung bình (Vệ tinh)
429_khu-du-lich-dien-mat-troi-an-hao.md,Khu du lịch điện mặt trời An Hảo cực “hot” ở An Giang (2026),Điểm du lịch nổi tiếng,An Giang,Trung bình (Vệ tinh)
430_lang-cu-lan-da-lat.md,Làng Cù Lần – Ghé thăm ngôi làng nổi tiếng Đà Lạt (2026),Điểm du lịch nổi tiếng,Đà Lạt,Trung bình (Vệ tinh)
431_dac-san-ben-tre.md,Đặc sản Bến Tre – Top 11 Đặc sản xứ dừa ngon ngây ngất (2026),Toplist; Đặc sản địa phương,Bến Tre,Cao (Pillar)
432_kinh-nghiem-du-lich-tra-vinh.md,Kinh nghiệm du lịch Trà Vinh – Top 7 điểm đến tuyệt vời (2026),Toplist; Điểm du lịch nổi tiếng,Trà Vinh,Cao (Pillar)
433_vuon-ca-cao-muoi-cuong.md,Vườn ca cao Mười Cương – Thưởng thức socola cực ngon ở vườn,Điểm du lịch nổi tiếng,Khác,Trung bình (Vệ tinh)
434_dai-noi-hue.md,Đại nội Huế – Check-in quần thể di tích Cố đô Huế (2026),Điểm du lịch nổi tiếng,Khác,Trung bình (Vệ tinh)
435_vuon-nho-ninh-thuan.md,Vườn nho Ninh Thuận – Bí kíp tham quan vườn nho (2026),Điểm du lịch nổi tiếng,Khác,Trung bình (Vệ tinh)
436_pu-luong-thanh-hoa.md,Pù Luông Thanh Hóa – “Ngất ngây” vẻ đẹp của núi rừng (2026),Điểm du lịch nổi tiếng,Khác,Trung bình (Vệ tinh)
437_dac-san-vinh-long.md,Top 14 đặc sản Vĩnh Long – Những món ăn tinh túy (2026),Toplist; Đặc sản địa phương,Vĩnh Long,Cao (Pillar)
438_chua-yen-tu.md,Chùa Yên Tử – Điểm đến tâm linh nổi tiếng tại Quảng Ninh,Điểm du lịch nổi tiếng,Khác,Trung bình (Vệ tinh)
439_bao-gia-trang-vien-can-tho.md,Bảo Gia Trang Viên – Review điểm du lịch “hot” nhất Cần Thơ,Điểm du lịch nổi tiếng,Cần Thơ,Trung bình (Vệ tinh)
440_sac-mau-cho-noi-diem-hen-doc-dao-giua-long-cho-noi-cai-rang.md,Sắc Màu Chợ Nổi – Điểm hẹn độc đáo giữa lòng chợ nổi Cái Răng,Điểm du lịch nổi tiếng,Khác,Trung bình (Vệ tinh)
441_chua-an-giang.md,Chùa An Giang – TOP 12 ngôi chùa đẹp và linh thiêng nhất!,Toplist; Điểm du lịch nổi tiếng,An Giang,Trung bình (Vệ tinh)
442_dia-dao-cu-chi.md,Địa đạo Củ Chi – Bí ẩn “thành phố dưới lòng đất” ở Sài Gòn,Điểm du lịch nổi tiếng,Sài Gòn,Trung bình (Vệ tinh)
443_nui-ba-den-tay-ninh.md,Núi Bà Đen Tây Ninh – Check in “nóc nhà Đông Nam Bộ”,Điểm du lịch nổi tiếng,Khác,Trung bình (Vệ tinh)
444_pho-di-bo-nguyen-hue.md,Phố đi bộ Nguyễn Huệ – Điểm ăn chơi hot nhất Sài Gòn,Điểm du lịch nổi tiếng,Sài Gòn,Trung bình (Vệ tinh)
445_mon-ngon-mien-nam.md,Món ngon miền Nam – Top 25+ đặc sản ngon nức tiếng miền Nam,Toplist; Đặc sản địa phương,Khác,Cao (Pillar)
446_vinpearl-safari-phu-quoc.md,Vinpearl Safari Phú Quốc: Khám phá vương quốc động vật hoang dã lớn nhất Việt Nam,Điểm du lịch nổi tiếng,Phú Quốc,Trung bình (Vệ tinh)
447_khu-du-lich-tre-viet.md,Khu du lịch Tre Việt – Điểm đến hấp dẫn cho hội bạn thân,Điểm du lịch nổi tiếng,Khác,Trung bình (Vệ tinh)
448_vinpearl-land-phu-quoc.md,Vinpearl Land Phú Quốc – Thiên đường giải trí lớn nhất Đảo Ngọc,Điểm du lịch nổi tiếng,Phú Quốc,Trung bình (Vệ tinh)
449_dia-diem-du-lich-gan-sai-gon.md,Địa điểm du lịch gần Sài Gòn – Top 20 điểm check-in năm 2026,Toplist,Sài Gòn,Trung bình (Vệ tinh)
450_dinh-doc-lap-sai-gon.md,Dinh Độc Lập Sài Gòn – Dấu ấn lịch sử nước nhà (2026),Điểm du lịch nổi tiếng,Sài Gòn,Trung bình (Vệ tinh)
451_mua-nuoc-noi-mien-tay.md,Mùa nước nổi miền Tây – Thưởng thức đặc sản miền Tây (2026),Về miền Tây,Khác,Trung bình (Vệ tinh)
452_cau-anh-sao.md,Cầu Ánh Sao Sài Gòn – Nơi “hẹn hò” lý tưởng Sài Gòn 2026,Điểm du lịch nổi tiếng,Sài Gòn,Trung bình (Vệ tinh)
453_bao-tang-my-thuat-ho-chi-minh.md,Bảo tàng mỹ thuật Hồ Chí Minh – Nơi lưu giữ nền văn hóa Việt,Điểm du lịch nổi tiếng,Khác,Trung bình (Vệ tinh)
454_dac-san-sa-pa.md,Đặc sản Sapa – Top 20+ Món ăn ngon nức tiếng Sapa (2026),Toplist; Đặc sản địa phương,Sapa,Cao (Pillar)
455_doi-che-cau-dat-da-lat.md,Đồi chè Cầu Đất – Review tất tần tật kinh nghiệm du lịch,Điểm du lịch nổi tiếng,Khác,Cao (Pillar)
456_me-dong-hai-bac-lieu.md,Vãng cảnh chùa Mẹ Đông Hải Bạc Liêu – Kinh nghiệm từ A-Z,Điểm du lịch nổi tiếng,Bạc Liêu,Trung bình (Vệ tinh)
457_chua-tuk-phos-tri-ton.md,Chùa Tuk Phos – Vẻ đẹp độc đáo ở Tri Tôn An Giang,Điểm du lịch nổi tiếng,An Giang,Trung bình (Vệ tinh)
458_vuon-co-bang-lang-can-tho.md,Vườn Cò Bằng Lăng Cần Thơ: Điểm đến sinh thái hấp dẫn (mới nhất 2026),Điểm du lịch nổi tiếng,Cần Thơ,Trung bình (Vệ tinh)
459_cong-vien-gia-dinh-go-vap.md,Công viên Gia Định – Khu vui chơi giải trí xanh mát tại Sài Gòn,Điểm du lịch nổi tiếng,Sài Gòn,Trung bình (Vệ tinh)
460_banh-can-da-lat.md,Bánh căn Đà Lạt – Top 10 quán bánh căn được dân “thổ địa” bật mí,Review ẩm thực; Toplist,Đà Lạt,Cao (Pillar)
461_mieu-ba-phi-yen-con-dao.md,Miếu Bà Phi Yến Côn Đảo – Điểm du lịch tâm linh nổi tiếng,Điểm du lịch nổi tiếng,Khác,Trung bình (Vệ tinh)
462_banh-mi-xiu-mai-da-lat.md,Bánh mì xíu mại Đà Lạt – Top 12 quán ăn ngon giá bình dân,Review ẩm thực; Toplist; Đặc sản địa phương,Đà Lạt,Cao (Pillar)
463_bai-dam-trau-con-dao.md,Bãi Đầm Trầu Côn Đảo – Thiên đường lọt Top 25 bãi biển đẹp nhất thế giới,Điểm du lịch nổi tiếng,Khác,Trung bình (Vệ tinh)
464_lang-hoa-van-thanh-da-lat.md,Làng hoa Vạn Thành Đà Lạt – Điểm check-in muôn màu,Điểm du lịch nổi tiếng,Đà Lạt,Trung bình (Vệ tinh)
465_ao-ba-om.md,Ao Bà Om – Hé lộ những câu chuyện kì bí tại Trà Vinh (2026),Điểm du lịch nổi tiếng,Trà Vinh,Trung bình (Vệ tinh)
466_rung-nam-cat-tien.md,Rừng Nam Cát Tiên – Địa điểm chill cuối tuần ở Đồng Nai,Điểm du lịch nổi tiếng,Khác,Trung bình (Vệ tinh)
467_nha-tho-cai-be-tien-giang.md,Nhà thờ Cái Bè Tiền Giang – Kiến trúc Roma ở ngã ba sông (2026),Điểm du lịch nổi tiếng,Tiền Giang,Trung bình (Vệ tinh)
468_ga-dot-o-thum-tri-ton-an-giang.md,Gà đốt Ô Thum – Món ngon ở “Tuyệt tình cốc” An Giang (2026),Đặc sản địa phương,An Giang,Cao (Pillar)
469_chua-dat-set-soc-trang.md,Chùa Đất Sét – Check-in chùa nhiều “kỷ lục” ở Sóc Trăng (2026),Điểm du lịch nổi tiếng,Sóc Trăng,Trung bình (Vệ tinh)
470_cay-thot-not-trai-tim-an-giang.md,Cây thốt nốt An Giang – “Thoát ế” với cây thốt nốt trái tim cực ảo,Điểm du lịch nổi tiếng,An Giang,Trung bình (Vệ tinh)
471_danh-sach-tour-con-dao-tu-sai-gon.md,Danh sách tour Côn Đảo từ Sài Gòn trọn gói không phát sinh,Tin tức,Sài Gòn,Thấp (Thông tin/Dịch vụ)
472_vuon-tieu-phu-quoc.md,Vườn tiêu Phú Quốc – Top 6 vườn tiêu lớn nhất đảo ngọc,Toplist,Phú Quốc,Trung bình (Vệ tinh)
473_ngoc-trai-phu-quoc.md,Ngọc Trai Phú Quốc – Quà tặng giá trị bậc nhất thế giới (2026),Đặc sản địa phương,Phú Quốc,Cao (Pillar)
474_dao-binh-ba-nha-trang.md,Đảo Bình Ba Nha Trang – Kinh nghiệm du lịch chi tiết nhất (2026),Điểm du lịch nổi tiếng,Nha Trang,Cao (Pillar)
475_hon-mong-tay-phu-quoc.md,Hòn Móng Tay – Check in địa điểm “siêu hot” Phú Quốc 2026,Điểm du lịch nổi tiếng,Phú Quốc,Trung bình (Vệ tinh)
476_dua-nuoc-mien-tay.md,Dừa nước miền Tây – Quả ngọt nơi đồng bằng dân giã (2026),Đặc sản địa phương,Khác,Cao (Pillar)
477_homestay-ben-tre.md,Homestay Bến Tre – Top 20 homestay đậm chất miệt vườn (2026),Homestay; Toplist,Bến Tre,Trung bình (Vệ tinh)
478_di-tau-cao-toc-bo-tui-5-diem-den-sieu-hot.md,Đi tàu cao tốc – Bỏ túi 5 điểm đến siêu hot tha hồ check in 2026,Tips du lịch hay,Khác,Trung bình (Vệ tinh)
479_nui-sam-chau-doc-an-giang.md,Núi Sam Châu Đốc An Giang – Hành hương về nơi thiêng (2026),Điểm du lịch nổi tiếng,An Giang,Trung bình (Vệ tinh)
480_kinh-nghiem-du-lich-vatican.md,Kinh nghiệm du lịch Vatican tự túc từ A đến Z (mới nhất 2026),Điểm du lịch nổi tiếng,Khác,Cao (Pillar)
481_kinh-nghiem-du-lich-bali.md,Kinh nghiệm du lịch Bali tự túc từ A-Z mới nhất (2026),Khám phá và trải nghiệm,Khác,Cao (Pillar)
482_thap-ba-ponagar-nha-trang.md,Tháp Bà Ponagar Nha Trang – Kiến trúc Chăm Pa cổ (2026),Điểm du lịch nổi tiếng,Nha Trang,Trung bình (Vệ tinh)
483_kinh-nghiem-du-lich-thai-lan-tu-tuc.md,Kinh nghiệm du lịch Thái Lan tự túc chi tiết nhất cho bạn (2026),Khám phá và trải nghiệm,Khác,Cao (Pillar)
484_ga-an-thoi-phu-quoc.md,Ga An Thới – Check in “Đấu Trường La Mã” phiên bản Việt 2026,Điểm du lịch nổi tiếng,Khác,Trung bình (Vệ tinh)
485_kinh-nghiem-du-lich-nhat-ban-tu-tuc.md,Du lịch Nhật Bản Tự Túc – Hướng dẫn du lịch xứ sở hoa anh đào (2026),Khám phá và trải nghiệm,Khác,Cao (Pillar)
486_pattaya-thai-lan.md,Pattaya Thái Lan – Kinh nghiệm du lịch Pattaya mới nhất,Khám phá và trải nghiệm,Khác,Cao (Pillar)
487_thach-dong-ha-tien.md,Thạch Động Hà Tiên – Truyền thuyết động Thạch Sanh bí ẩn (2026),Điểm du lịch nổi tiếng,Khác,Trung bình (Vệ tinh)
488_kinh-nghiem-du-lich-malaysia-tu-tuc.md,Kinh nghiệm du lịch Malaysia tự túc từ A đến Z (2026),Khám phá và trải nghiệm,Khác,Cao (Pillar)
489_thac-datanla-da-lat.md,Thác Datanla Đà Lạt – Ăn chơi quên lối về tại thác Datanla (2026),Điểm du lịch nổi tiếng,Đà Lạt,Trung bình (Vệ tinh)
490_que-garden-da-lat.md,QUE Garden Đà Lạt – “Tiểu Nhật Bản” đẹp không góc chết (2026),Điểm du lịch nổi tiếng,Đà Lạt,Trung bình (Vệ tinh)
491_chua-koh-kas-cong-troi-tri-ton-an-giang.md,Chùa Koh Kas – Cổng trời cổ giữa khoảng trời An Giang (2026),Điểm du lịch nổi tiếng,An Giang,Trung bình (Vệ tinh)
492_lang-chai-ham-ninh-phu-quoc.md,Làng chài Hàm Ninh – Làng chài nổi tiếng nhất Phú Quốc (2026),Điểm du lịch nổi tiếng,Phú Quốc,Trung bình (Vệ tinh)
493_kinh-nghiem-du-lich-trang-an-ninh-binh.md,Kinh nghiệm du lịch Tràng An Ninh Bình chi tiết từ A-Z,Điểm du lịch nổi tiếng,Ninh Bình,Cao (Pillar)
494_kinh-nghiem-du-lich-bhutan.md,Du lịch Bhutan – Tất tần tật kinh nghiệm du lịch Bhutan tự túc,Khám phá và trải nghiệm,Khác,Cao (Pillar)
495_vuon-trai-cay-ba-cong.md,Vườn trái cây Ba Cống – Vườn trái cây đẹp nhất Cần Thơ,Điểm du lịch nổi tiếng,Cần Thơ,Trung bình (Vệ tinh)
496_dac-san-hon-son.md,Đặc sản Hòn Sơn – Top 9 món ăn được yêu thích nhất 2026,Toplist; Đặc sản địa phương,Khác,Cao (Pillar)
497_ho-tay-ha-noi.md,Hồ Tây Hà Nội – Trải nghiệm du lịch “Thủ đô” thú vị,Điểm du lịch nổi tiếng,Hà Nội,Trung bình (Vệ tinh)
498_bun-quay-phu-quoc.md,Bún quậy Phú Quốc – Đặc sản nổi tiếng trứ danh đảo ngọc (2026),Đặc sản địa phương,Phú Quốc,Cao (Pillar)
499_chua-ngoc-hoang-o-sai-gon.md,Chùa Ngọc Hoàng – Vãn cảnh ngôi chùa linh thiêng Sài Gòn,Điểm du lịch nổi tiếng,Sài Gòn,Trung bình (Vệ tinh)
500_tam-coc-ninh-binh.md,Tam Cốc Ninh Bình – Kinh nghiệm du lịch tự túc từ A-Z (2026),Điểm du lịch nổi tiếng,Ninh Bình,Cao (Pillar)
501_ho-dau-tieng-tay-ninh.md,Hồ Dầu Tiếng Tây Ninh – Hồ thủy lợi lớn nhất Đông Nam Á,Điểm du lịch nổi tiếng,Khác,Trung bình (Vệ tinh)
502_kinh-nghiem-du-lich-thuy-si.md,Kinh nghiệm du lịch Thụy Sĩ – Thiên đường du lịch Châu Âu,Khám phá và trải nghiệm,Khác,Cao (Pillar)
503_toa-thanh-tay-ninh-dao-cao-dai.md,Tòa Thánh Tây Ninh – “Kì quan kiến trúc” tôn giáo Cao Đài,Điểm du lịch nổi tiếng,Khác,Trung bình (Vệ tinh)
504_chua-giac-hoa-bac-lieu.md,Chùa Giác Hoa – Viếng ngôi chùa kiến trúc đẹp tại Bạc Liêu (2026),Điểm du lịch nổi tiếng,Bạc Liêu,Trung bình (Vệ tinh)
505_thung-lung-tinh-yeu-da-lat.md,Thung lũng tình yêu – Check in điểm hẹn hò trứ danh ở Đà Lạt,Điểm du lịch nổi tiếng,Đà Lạt,Trung bình (Vệ tinh)
506_bien-binh-dai-ben-tre.md,Biển Bình Đại Bến Tre – Vùng biển yên bình tại miền Tây (2026),Điểm du lịch nổi tiếng,Bến Tre,Trung bình (Vệ tinh)
507_chua-van-phuoc-ben-tre.md,Chùa Vạn Phước Bến Tre – Ngôi chùa đẹp tựa tiên cảnh (2026),Điểm du lịch nổi tiếng,Bến Tre,Trung bình (Vệ tinh)
508_cu-lao-tan-loc.md,Cù lao Tân Lộc – Khám phá “đảo Đài Loan” độc lạ miền Tây (2026),Điểm du lịch nổi tiếng,Khác,Trung bình (Vệ tinh)
509_chua-phuoc-thanh-an-giang.md,Chùa Phước Thành – Tượng Phật Tổ A Di Đà lớn nhất Việt Nam,Điểm du lịch nổi tiếng,Khác,Trung bình (Vệ tinh)
510_kinh-nghiem-du-lich-y.md,Kinh nghiệm du lịch Ý tự túc từ A đến Z – Khám phá Italia tuyệt đẹp,Khám phá và trải nghiệm,Khác,Cao (Pillar)
511_ruou-sim-phu-quoc.md,Rượu sim Phú Quốc – Đặc sản trứ danh Phú Quốc (2026),Đặc sản địa phương,Phú Quốc,Cao (Pillar)
512_khu-du-lich-lang-be-ben-tre.md,Khu du lịch Làng bè Bến Tre – “Vi vu” cuối tuần cùng hội bạn thân,Điểm du lịch nổi tiếng,Bến Tre,Trung bình (Vệ tinh)
513_bai-dai-phu-quoc.md,Bãi Dài Phú Quốc – thiên đường biển nguyên sơ hút hồn du khách,Điểm du lịch nổi tiếng,Phú Quốc,Trung bình (Vệ tinh)
514_kinh-nghiem-du-lich-han-quoc-tu-tuc.md,"Kinh nghiệm du lịch Hàn Quốc tự túc – Đi đâu, ăn gì, chơi gì ở SEOUL?",Khám phá và trải nghiệm,Khác,Cao (Pillar)
515_dao-san-ho-coral-thai-lan.md,Đảo san hô Coral – Tham quan đảo san hô cực đẹp tại Pattaya Thái Lan,Điểm du lịch nổi tiếng,Khác,Trung bình (Vệ tinh)
516_ho-tuyen-lam-da-lat.md,Hồ Tuyền Lâm – Khám phá nét đặc trưng “nàng thơ” của Đà Lạt,Điểm du lịch nổi tiếng,Đà Lạt,Trung bình (Vệ tinh)
517_quang-truong-lam-vien-da-lat.md,Quảng trường Lâm Viên – Khám phá “trái tim” Đà Lạt ngàn hoa,Điểm du lịch nổi tiếng,Đà Lạt,Trung bình (Vệ tinh)
518_quan-pho-bo-ngon-o-can-tho.md,Top 15 quán phở bò ngon ở Cần Thơ – Đậm đà hương vị miền Tây,Review ẩm thực; Toplist,Cần Thơ,Cao (Pillar)
519_tau-cao-toc-hoa-binh-ship-su-lua-chon-hoan-hao.md,Tàu cao tốc Hòa Bình SHIP – Lựa chọn hoàn hảo cho chuyến đi,Vé tàu,Khác,Thấp (Thông tin/Dịch vụ)
520_pho-di-bo-bui-vien-sai-gon.md,Phố đi bộ Bùi Viện – Con đường không ngủ ở Sài Thành 2026,Điểm du lịch nổi tiếng,Khác,Trung bình (Vệ tinh)
521_kinh-nghiem-du-lich-duc.md,Kinh nghiệm du lịch Đức từ A đến Z – Nước Đức có gì chơi,Khám phá và trải nghiệm,Khác,Cao (Pillar)
522_chua-huynh-dao-chau-doc.md,Chùa Huỳnh Đạo Châu Đốc – Khám phá ngôi chùa tuyệt đẹp,Điểm du lịch nổi tiếng,Khác,Trung bình (Vệ tinh)
523_dao-diep-son-nha-trang.md,"Đảo Điệp Sơn Nha Trang – Bí kíp đi đảo tự túc, chi tiết nhất 2026",Điểm du lịch nổi tiếng,Nha Trang,Trung bình (Vệ tinh)
524_thien-vien-truc-lam-hau-giang.md,Thiền viện Trúc Lâm Hậu Giang – Điểm đến tâm linh ở miền Tây,Điểm du lịch nổi tiếng,Hậu Giang,Trung bình (Vệ tinh)
525_nha-mo-ba-chuc-an-giang.md,Nhà Mồ Ba Chúc – Chứng tích chiến tranh biên giới Tây Nam,Điểm du lịch nổi tiếng,Khác,Trung bình (Vệ tinh)
526_kombi-land-da-lat.md,Kombi Land Đà Lạt – Vương Quốc Xương Rồng cực hot (2026),Điểm du lịch nổi tiếng,Đà Lạt,Trung bình (Vệ tinh)
527_bang-gia-chum-tour-ghep-mien-tay-dip-le-2-9-2023.md,Chùm tour ghép miền Tây dịp lễ 2/9/2026 | Từ Cần Thơ và Sài Gòn,Toplist,"Cần Thơ, Sài Gòn",Trung bình (Vệ tinh)
528_cheo-sup-o-can-tho.md,Chèo SUP ở Cần Thơ – Môn thể thao sông nước hấp dẫn (2026),Khám phá và trải nghiệm,Cần Thơ,Cao (Pillar)
529_vuon-trai-cay-vinh-long.md,Vườn trái cây Vĩnh Long – “Bật mí” 4 địa điểm “hot” nhất Vĩnh Long,Điểm du lịch nổi tiếng,Vĩnh Long,Trung bình (Vệ tinh)
530_nha-tho-duc-ba-sai-gon.md,Nhà thờ Đức Bà Sài Gòn – Kiến trúc cổ giữa lòng đô thị,Điểm du lịch nổi tiếng,Sài Gòn,Trung bình (Vệ tinh)
531_nha-tho-tan-dinh.md,Nhà thờ Tân Định – Giáo xứ màu hồng đẹp nhất Sài Gòn (2026),Điểm du lịch nổi tiếng,Sài Gòn,Trung bình (Vệ tinh)
532_dam-sen-tam-da-quan-9.md,Đầm sen Tam Đa Quận 9 – Cảnh đẹp “hút hồn” ở Sài Gòn (2026),Điểm du lịch nổi tiếng,Sài Gòn,Trung bình (Vệ tinh)
533_ngay-hoi-lam-ho-chieu-mien-phi-can-tho.md,"Ngày hội làm hộ chiếu miễn phí tại Nụ Cười Mê Kông: làm passport nhanh chóng, uy tín",Tin tức,Khác,Thấp (Thông tin/Dịch vụ)
534_nen-di-hon-son-hay-nam-du-so-sanh-chi-tiet.md,Nên đi Hòn Sơn hay Nam Du? So sánh chi tiết & kinh nghiệm thực tế,Khám phá và trải nghiệm,Khác,Cao (Pillar)
535_chua-phat-hoc-2-soc-trang.md,Chùa Phật Học 2 – Ngôi chùa uy nghiêm tại Sóc Trăng (2026),Điểm du lịch nổi tiếng,Sóc Trăng,Trung bình (Vệ tinh)
536_vung-tau-an-gi-ngon.md,Vũng Tàu ăn gì ngon? Top 15+ món ăn bạn phải thử (2026),Toplist; Đặc sản địa phương,Vũng Tàu,Cao (Pillar)
537_con-phung-ben-tre.md,Cồn Phụng Bến Tre – Khám phá “Cù lao Đạo dừa” 2026,Điểm du lịch nổi tiếng,Bến Tre,Trung bình (Vệ tinh)
538_nha-hat-lon-ha-noi.md,Nhà hát lớn Hà Nội – Công trình 100 năm tại lòng thủ đô,Điểm du lịch nổi tiếng,Hà Nội,Trung bình (Vệ tinh)
539_dac-san-tra-vinh.md,Đặc sản Trà Vinh – Thưởng thức Top 18 món ăn hấp dẫn nhất Trà Vinh,Toplist; Đặc sản địa phương,Trà Vinh,Cao (Pillar)
540_thac-pongour-da-lat.md,Thác Pongour – Choáng ngợp trước vẻ kỳ vĩ của thác 7 tầng,Điểm du lịch nổi tiếng,Khác,Trung bình (Vệ tinh)
541_nha-tho-con-ga-da-lat.md,Nhà thờ Con Gà – Khám phá vẻ đẹp cổ kính giữa lòng Đà Lạt,Điểm du lịch nổi tiếng,Khác,Trung bình (Vệ tinh)
542_chua-ve-chai-da-lat.md,Chùa Ve Chai – Ngôi chùa gây ấn tượng không chỉ bởi cái tên,Điểm du lịch nổi tiếng,Khác,Trung bình (Vệ tinh)
543_bien-sam-son-thanh-hoa.md,Kinh nghiệm du lịch Biển Sầm Sơn Thanh Hoá từ A-Z năm 2026,Điểm du lịch nổi tiếng,Khác,Cao (Pillar)
544_combo-phu-quoc-3-ngay-2-dem.md,"Combo Phú Quốc 3 ngày 2 đêm từ Cần Thơ tháng 7, 8, 9",Combo du lịch,"Cần Thơ, Phú Quốc",Trung bình (Vệ tinh)
545_kinh-nghiem-du-lich-hue.md,Kinh nghiệm du lịch Huế – Trở về xứ Huế “mộng mơ” 2026,Khám phá và trải nghiệm,Khác,Cao (Pillar)
546_vuon-quoc-gia-con-dao.md,Vườn quốc gia Côn Đảo – Kinh nghiệm khám phá hay nhất,Điểm du lịch nổi tiếng,Khác,Trung bình (Vệ tinh)
547_chua-mot-cot-ha-noi.md,Chùa Một Cột – “Kiệt tác” kiến trúc đầy ấn tượng ở Hà Nội (2026),Điểm du lịch nổi tiếng,Hà Nội,Trung bình (Vệ tinh)
548_bien-mui-nai-ha-tien-kien-giang.md,Mũi Nai Hà Tiên – Điểm đến lý tưởng tại Kiên Giang (2026),Điểm du lịch nổi tiếng,Kiên Giang,Trung bình (Vệ tinh)
549_nhung-quan-cafe-dep-o-can-tho.md,Top 32 quán cafe đẹp ở Cần Thơ – Check in sống ảo cực chất,Toplist Cần Thơ,Cần Thơ,Trung bình (Vệ tinh)
550_chung-chi-esg-va-sdgs-huong-dan-a-z-doanh-nghiep.md,Chứng chỉ ESG và SDGs: Hướng dẫn A-Z cho doanh nghiệp bền vững,Phát triển bền vững,Khác,Cao (Pillar)
551_buu-dien-thanh-pho-ho-chi-minh.md,Bưu điện Thành phố Hồ Chí Minh – điểm đến hấp dẫn (2026),Điểm du lịch nổi tiếng,Khác,Trung bình (Vệ tinh)
552_ho-guom-ha-noi.md,Hồ Gươm Hà Nội – Vẻ đẹp cổ kính giữa lòng thủ đô 2026,Điểm du lịch nổi tiếng,Hà Nội,Trung bình (Vệ tinh)
553_nu-cuoi-me-kong-dap-xe-lan-toa-nu-cuoi-xanh.md,Nụ Cười Mê Kông đồng hành cùng WINK đạp xe lan tỏa nụ cười xanh,Phát triển bền vững; Tin tức,Khác,Cao (Pillar)
554_thien-vien-truc-lam-da-lat.md,Thiền viện Trúc lâm Đà Lạt – Chốn tiên cảnh bình yên,Điểm du lịch nổi tiếng,Đà Lạt,Trung bình (Vệ tinh)
555_quay-so-lien-tay-nhan-ngay-qua-xin.md,Quay số liền tay – Nhận ngay quà xịn,Tin tức,Khác,Thấp (Thông tin/Dịch vụ)
556_dac-san-soc-trang.md,Đặc sản Sóc Trăng – Top 15 món nhất định phải thử (2026),Toplist; Đặc sản địa phương,Sóc Trăng,Cao (Pillar)
557_dac-san-tay-ninh.md,Đặc sản Tây Ninh – Top món ăn “độc lạ” nhất định phải thử,Đặc sản địa phương,Khác,Cao (Pillar)
558_quan-ca-phe-dep-o-da-lat.md,Top 40+ quán cà phê đẹp ở Đà Lạt “hút hồn” du khách (2026),Toplist,Đà Lạt,Trung bình (Vệ tinh)
559_thung-lung-muong-hoa-sapa.md,Thung lũng Mường Hoa Sapa – Thiên đường nơi hạ giới (2026),Điểm du lịch nổi tiếng,Sapa,Trung bình (Vệ tinh)
560_truong-gia-gioi-trung-quoc.md,Trương Gia Giới Trung Quốc – Lễ vật thiên nhiên ban tặng,Điểm du lịch nổi tiếng,Khác,Trung bình (Vệ tinh)
561_phuong-hoang-co-tran.md,Phượng Hoàng cổ trấn – Lạc bước vào cổ trang Trung Quốc,Điểm du lịch nổi tiếng,Khác,Trung bình (Vệ tinh)
562_banh-tet-la-cam-can-tho.md,Bánh tét lá cẩm – Đặc sản “trứ danh” nổi tiếng tại Cần Thơ (2026),Đặc sản địa phương,Cần Thơ,Cao (Pillar)
563_ben-bach-dang-sai-gon.md,Bến Bạch Đằng Sài Gòn – Nơi hò hẹn lãng mạn nhất,Điểm du lịch nổi tiếng,Sài Gòn,Trung bình (Vệ tinh)
564_pho-hang-ma-ha-noi.md,Phố Hàng Mã: Thiên đường đồ trang trí đầy màu sắc của đất Hà Thành,Điểm du lịch nổi tiếng,Khác,Trung bình (Vệ tinh)
565_cong-troi-bali-da-lat.md,Cổng trời Bali Đà Lạt – Thiên đường sống ảo “chất” như tại Indo,Điểm du lịch nổi tiếng,Đà Lạt,Trung bình (Vệ tinh)
566_khu-du-lich-gao-giong-dong-thap.md,Khu du lịch Gáo Giồng Đồng Tháp – Rừng tràm nguyên sinh,Điểm du lịch nổi tiếng,Đồng Tháp,Trung bình (Vệ tinh)
567_toa-nha-bitexco-sai-gon.md,Tòa nhà Bitexco – Độc đáo sân bay trực thăng “lơ lửng” Sài Gòn,Điểm du lịch nổi tiếng,Sài Gòn,Trung bình (Vệ tinh)
568_bai-sau-vung-tau.md,Bãi Sau Vũng Tàu – Địa điểm Check-in du lịch nổi tiếng,Điểm du lịch nổi tiếng,Vũng Tàu,Trung bình (Vệ tinh)
569_toa-nha-landmark-81.md,Tòa nhà Landmark 81 – Chinh phục đỉnh cao tại Sài Gòn 2026,Điểm du lịch nổi tiếng,Sài Gòn,Trung bình (Vệ tinh)
570_hon-tre-kien-giang.md,Hòn Tre Kiên Giang – Cẩm nang du lịch Hòn Tre từ A đến Z (2026),Điểm du lịch nổi tiếng,Kiên Giang,Trung bình (Vệ tinh)
571_esim-du-lich-uu-dai-he-2025.md,eSIM: Giải pháp kết nối thông minh cho mọi tín đồ du lịch – Ưu đãi Hè 2026 từ Nụ Cười Mê Kông,Dịch vụ,Khác,Trung bình (Vệ tinh)
572_dinh-fansipan.md,Chinh phục đỉnh Fansipan – Nóc nhà Đông Dương huyền thoại,Điểm du lịch nổi tiếng,Khác,Trung bình (Vệ tinh)
573_bien-tan-thanh-go-cong-tien-giang.md,Biển Tân Thành Gò Công – Thiên đường cho “tín đồ” mê hải sản,Điểm du lịch nổi tiếng,Khác,Trung bình (Vệ tinh)
574_chua-linh-an-da-lat.md,Chùa Linh Ẩn – Chiêm ngưỡng tượng Quan âm cao nhất Đà Lạt,Điểm du lịch nổi tiếng,Đà Lạt,Trung bình (Vệ tinh)
575_khu-du-lich-la-phong-da-lat.md,Khu du lịch lá phong Đà Lạt: Nơi giao thoa văn hóa Việt Nhật,Điểm du lịch nổi tiếng,Đà Lạt,Trung bình (Vệ tinh)
576_dac-san-tien-giang.md,Đặc sản Tiền Giang – Bỏ túi top 28 món ngon phải thử (2026),Toplist; Đặc sản địa phương,Tiền Giang,Cao (Pillar)
577_cau-kinh-rong-may-sapa.md,Cầu Kính Rồng Mây Sapa – Chiêm Ngưỡng Vẻ Đẹp Tây Bắc (2026),Điểm du lịch nổi tiếng,Sapa,Trung bình (Vệ tinh)
578_bai-truoc-vung-tau.md,Bãi Trước Vũng Tàu – Check-in bãi biển đẹp ngút ngàn,Điểm du lịch nổi tiếng,Vũng Tàu,Trung bình (Vệ tinh)
579_mui-nghinh-phong-vung-tau.md,Mũi Nghinh Phong Vũng Tàu – Điểm check-in đẹp “ngất ngây”,Điểm du lịch nổi tiếng,Vũng Tàu,Trung bình (Vệ tinh)
580_thanh-nha-ho-thanh-hoa.md,Thành Nhà Hồ – Tham quan di tích lịch sử nổi tiếng Thanh Hoá,Điểm du lịch nổi tiếng,Khác,Trung bình (Vệ tinh)
581_vuon-hong-nha-tom-da-lat.md,Vườn hồng nhà Tom – “Thiên đường sống ảo” tại Đà Lạt (2026),Điểm du lịch nổi tiếng,Đà Lạt,Trung bình (Vệ tinh)
582_lang-nam-da-lat.md,Làng Nấm Đà Lạt – Thiên Đường Ẩm Thực Và Trải Nghiệm Độc Đáo,Điểm du lịch nổi tiếng,Đà Lạt,Trung bình (Vệ tinh)
583_khu-du-lich-fresh-garden-da-lat.md,Fresh Garden Đà Lạt – Điểm check in hot Đà Lạt không nên bỏ qua,Điểm du lịch nổi tiếng,Đà Lạt,Trung bình (Vệ tinh)
584_cu-lao-cham.md,Cù Lao Chàm – Khu dự trữ sinh quyển” giữa biển khơi,Điểm du lịch nổi tiếng,Khác,Trung bình (Vệ tinh)
585_kinh-nghiem-du-lich-vung-tau.md,Du lịch Vũng Tàu có gì vui? Check-in 10 điểm đến “hot” nhất,Điểm du lịch nổi tiếng,Vũng Tàu,Trung bình (Vệ tinh)
586_khu-du-lich-ho-may-vung-tau.md,Khu du lịch Hồ Mây – Check-in địa điểm ăn chơi ở Vũng Tàu,Điểm du lịch nổi tiếng,Vũng Tàu,Trung bình (Vệ tinh)
587_hem-tran-phu-vung-tau.md,Các hẻm Trần Phú Vũng Tàu – Con hẻm “ngàn like” của giới trẻ,Điểm du lịch nổi tiếng,Vũng Tàu,Trung bình (Vệ tinh)
588_doi-con-heo-vung-tau.md,Đồi con heo Vũng Tàu – Địa điểm check-in nổi tiếng thành phố biển,Điểm du lịch nổi tiếng,Vũng Tàu,Trung bình (Vệ tinh)
589_bach-dinh-vung-tau.md,Bạch Dinh Vũng Tàu – Check-in ngôi biệt thự mang đậm kiến trúc Pháp,Điểm du lịch nổi tiếng,Vũng Tàu,Trung bình (Vệ tinh)
590_lang-cham-chau-giang-an-giang.md,Làng Chăm Châu Giang – Khám phá cộng đồng Hồi giáo An Giang,Điểm du lịch nổi tiếng,An Giang,Trung bình (Vệ tinh)
591_khu-du-lich-lung-cot-cau.md,"Khám phá Lung Cột Cầu – Vườn trái cây, tát mương bắt cá, vui chơi miệt vườn",Điểm du lịch nổi tiếng,Khác,Trung bình (Vệ tinh)
592_cho-dem-da-lat.md,Chợ đêm Đà Lạt có gì? Chợ đêm thành phố ngàn hoa,Điểm du lịch nổi tiếng,Đà Lạt,Trung bình (Vệ tinh)
593_bien-thanh-phu-con-bung-ben-tre.md,Biển Thạnh Phú – Trải nghiệm du lịch Cồn Bửng Bến Tre (2026),Điểm du lịch nổi tiếng,Bến Tre,Trung bình (Vệ tinh)
594_banh-uot-long-ga-da-lat.md,Bánh ướt lòng gà Đà Lạt – Top 10 quán ngon khó cưỡng (2026),Review ẩm thực; Toplist,Đà Lạt,Cao (Pillar)
595_khu-di-tich-nguyen-sinh-sac.md,Khu di tích Nguyễn Sinh Sắc Đồng Tháp – Tưởng nhớ cụ Phó bảng,Điểm du lịch nổi tiếng,Đồng Tháp,Trung bình (Vệ tinh)
596_ta-nang-phan-dung.md,Tà Năng Phan Dũng – Check-in cung đường Trekking đẹp nhất Việt Nam,Điểm du lịch nổi tiếng,Khác,Trung bình (Vệ tinh)
597_samten-hills-da-lat.md,Samten Hills Đà Lạt – Đại Bảo Tháp Kinh Luân lớn nhất thế giới,Điểm du lịch nổi tiếng,Đà Lạt,Trung bình (Vệ tinh)
598_secret-garden-da-lat.md,Secret Garden – Thiên đường “sống ảo” nổi tiếng tại Đà Lạt,Điểm du lịch nổi tiếng,Đà Lạt,Trung bình (Vệ tinh)
599_chua-go-ken-tay-ninh.md,Chùa Gò Kén Tây Ninh – Độc đáo ngôi chùa thiêng trăm tuổi,Điểm du lịch nổi tiếng,Khác,Trung bình (Vệ tinh)
600_dinh-ban-co-da-nang.md,Đỉnh Bàn Cờ – Chinh phục “nóc nhà” Đà Nẵng (2026),Điểm du lịch nổi tiếng,Đà Nẵng,Trung bình (Vệ tinh)
601_kinh-nghiem-du-lich-mui-ne-phan-thiet.md,Du lịch Mũi Né Phan Thiết – Kinh nghiệm du lịch từ A-Z,Khám phá và trải nghiệm,Khác,Cao (Pillar)
602_cong-vien-hoang-van-thu.md,Công viên Hoàng Văn Thụ – “Lá phổi xanh” của Sài Gòn,Điểm du lịch nổi tiếng,Sài Gòn,Trung bình (Vệ tinh)
603_hon-da-bac-ca-mau.md,Hòn Đá Bạc – Khám phá “Hòn ngọc” đẹp mê mẩn ở Cà Mau,Điểm du lịch nổi tiếng,Cà Mau,Trung bình (Vệ tinh)
604_trien-khai-hoa-don-dien-tu-tu-may-tinh-tien.md,Thông báo chính thức về việc áp dụng hoá đơn điện tử khởi tạo từ máy tính tiền,Thông báo,Khác,Thấp (Thông tin/Dịch vụ)
605_grand-world-phu-quoc.md,"Grand World Phú Quốc: Không gian giải trí, lễ hội và ẩm thực tuyệt vời",Điểm du lịch nổi tiếng,Phú Quốc,Trung bình (Vệ tinh)
606_lang-co-dong-hoa-hiep.md,Làng cổ Đông Hòa Hiệp – Sức hút ngôi làng cổ “trăm tuổi” Tiền Giang,Điểm du lịch nổi tiếng,Tiền Giang,Trung bình (Vệ tinh)
607_khu-du-lich-mui-ca-mau.md,Khu du lịch Mũi Cà Mau – Trải nghiệm độc đáo ở điểm cực Nam,Khám phá và trải nghiệm; Điểm du lịch nổi tiếng,Cà Mau,Cao (Pillar)
608_hon-bay-canh-con-dao-diem-den-hoang-so-hap-dan.md,Hòn Bảy Cạnh một tuyệt tác thiên nhiên kỳ vĩ của Côn Đảo (2026),Điểm du lịch nổi tiếng,Khác,Trung bình (Vệ tinh)
609_dam-gio-ben-con.md,Đám giỗ bên cồn – Trải nghiệm văn hóa độc đáo miền Tây (2026),Văn hóa và lễ hội,Khác,Cao (Pillar)
610_tong-hop-tour-du-lich-he.md,Hè Vui Kết Nối – Trọn Đời Khắc Ghi: Tour du lịch hè hấp dẫn từ Nụ Cười Mê Kông,Tin tức,Khác,Thấp (Thông tin/Dịch vụ)
611_ke-hoach-chuan-ve-chi-phi-du-lich-con-dao.md,Kế hoạch ngân sách chuẩn về chi phí du lịch Côn Đảo,Tips du lịch hay,Khác,Trung bình (Vệ tinh)
612_vita-awards-vinh-danh-nu-cuoi-me-kong.md,VITA AWARDS 2026 vinh danh Nụ Cười Mê Kông với Tour Đám Giỗ Bên Cồn,Phát triển bền vững; Tin tức,Khác,Cao (Pillar)
613_dia-trung-hai-phu-quoc.md,Check-in ‘trời Âu’ Thị trấn Địa Trung Hải Phú Quốc giữa lòng đảo ngọc,Điểm du lịch nổi tiếng,Phú Quốc,Trung bình (Vệ tinh)
614_cac-cong-ty-du-lich-can-tho.md,Top 20 các công ty du lịch Cần Thơ uy tín năm 2026,Toplist Cần Thơ,Cần Thơ,Trung bình (Vệ tinh)
615_cong-ty-to-chuc-su-kien-o-can-tho.md,Top 6 Công Ty tổ chức sự kiện ở Cần Thơ chuyên nghiệp 2026,Toplist Cần Thơ,Cần Thơ,Trung bình (Vệ tinh)
616_khu-du-lich-lung-ngoc-hoang-hau-giang.md,Lung Ngọc Hoàng – Khám phá “lá phổi xanh” miền Tây (2026),Điểm du lịch nổi tiếng,Khác,Trung bình (Vệ tinh)
617_ve-tau-nam-du-lai-son.md,Vé tàu Nam Du Lại Sơn 2026 – Vi vu thả ga,Vé tàu,Khác,Thấp (Thông tin/Dịch vụ)
618_chinh-sach-xuat-hoa-don-vat-tai-nu-cuoi-me-kong.md,Cập nhật chính sách xuất hóa đơn VAT tại Nụ Cười Mê Kông,Thông báo,Khác,Thấp (Thông tin/Dịch vụ)
619_du-an-bao-ve-moi-truong-con-son-can-tho.md,Dự Án Bảo Vệ Môi Trường Cồn Sơn Cần Thơ | Nụ Cười Mê Kông Tài Trợ,Phát triển bền vững; Tin tức,Cần Thơ,Cao (Pillar)
620_kiss-the-stars-phu-quoc.md,Kiss The Stars Phú Quốc: Trải nghiệm show diễn đa phương tiện đẳng cấp thế giới,Văn hóa và lễ hội,Phú Quốc,Cao (Pillar)
621_dac-san-quy-nhon.md,Đặc sản Quy Nhơn – Top 21 món ngon Quy Nhơn khiến du khách mê mẩn,Review ẩm thực; Toplist; Đặc sản địa phương,Quy Nhơn,Cao (Pillar)
622_tour-doan-rieng-thiet-ke-theo-yeu-cau.md,Tour thiết kế riêng – trải nghiệm du lịch độc nhất theo yêu cầu,Tour thiết kế riêng,Khác,Trung bình (Vệ tinh)
623_company-trip-tour-chuyen-biet-cho-doanh-nghiep.md,Tour company trip – Thiết kế riêng cho văn hóa doanh nghiệp,Tour thiết kế riêng,Khác,Trung bình (Vệ tinh)
624_tour-mice-du-lich-hoi-nghi-cho-doanh-nghiep.md,Tour MICE doanh nghiệp: Dịch vụ hội nghị kết hợp du lịch trải nghiệm,Tour thiết kế riêng,Khác,Trung bình (Vệ tinh)
625_du-lich-xanh-xu-huong-du-lich-ben-vung-tuong-lai.md,"Du lịch xanh: xu hướng, điểm đến và lựa chọn bền vững cho tương lai",Phát triển bền vững,Khác,Cao (Pillar)
626_dac-san-an-giang.md,37 món đặc sản An Giang ngon khó cưỡng bạn nhất định phải thử 2026,Toplist; Đặc sản địa phương,An Giang,Cao (Pillar)
627_kinh-nghiem-du-lich-ha-noi.md,Du lịch Hà Nội – Kinh nghiệm khám phá thủ đô mới mẻ,Tips du lịch hay,Hà Nội,Trung bình (Vệ tinh)
628_dia-diem-chup-hinh-dep-o-sai-gon.md,Top 25 địa điểm chụp hình đẹp ở Sài Gòn mới nhất năm 2026,Toplist,Sài Gòn,Trung bình (Vệ tinh)
629_dac-san-sai-gon.md,Khám phá 30+ đặc sản Sài Gòn nên thử trong năm 2026,Toplist; Đặc sản địa phương,Sài Gòn,Cao (Pillar)
630_khuyen-mai-tour-mien-tay-tet-2025.md,Khuyến Mãi Tour Miền Tây Tết 2026: đi 4 tính tiền 3 siêu tiết kiệm,Tin tức,Khác,Thấp (Thông tin/Dịch vụ)
631_khu-du-lich-suoi-tien.md,Check-in khu du lịch Suối Tiên Sài Gòn – Khu giải trí cho mọi lứa tuổi,Điểm du lịch nổi tiếng,Sài Gòn,Trung bình (Vệ tinh)
632_hai-dang-ke-ga.md,Khám phá Hải đăng Kê Gà – Biểu tượng lâu đời nhất Việt Nam,Điểm du lịch nổi tiếng,Khác,Trung bình (Vệ tinh)
633_mui-ca-map-con-dao.md,Chia sẻ kinh nghiệm du lịch Mũi Cá Mập Côn Đảo mới nhất 2026,Điểm du lịch nổi tiếng,Khác,Cao (Pillar)
634_kinh-nghiem-du-lich-do-son-hai-phong.md,Cẩm nang du lịch Đồ Sơn Hải Phòng: Kinh nghiệm chi tiết từ A-Z,Tips du lịch hay,Khác,Trung bình (Vệ tinh)
635_buffet-can-tho.md,"Top 18 buffet Cần Thơ siêu hot – Ăn ngon, không lo về giá",Review ẩm thực; Đặc sản địa phương,Cần Thơ,Cao (Pillar)
636_cho-chau-doc-an-giang.md,Chợ Châu Đốc – Kinh nghiệm mua sắm tại An Giang mới nhất 2026,Điểm du lịch nổi tiếng,An Giang,Trung bình (Vệ tinh)
637_con-quy-ben-tre.md,Cồn Quy Bến Tre – Thiên đường du lịch sinh thái giữa lòng miền Tây,Điểm du lịch nổi tiếng,Bến Tre,Trung bình (Vệ tinh)
638_khu-du-lich-lavender-da-lat.md,Khu du lịch Lavender Đà Lạt – Đắm chìm trong vẻ đẹp mộng mơ,Điểm du lịch nổi tiếng,Đà Lạt,Trung bình (Vệ tinh)
639_danh-sach-tour-mien-tay-tu-sai-gon.md,Danh sách tour miền Tây từ Sài Gòn trọn gói – Giá siêu tiết kiệm,Toplist,Sài Gòn,Trung bình (Vệ tinh)
640_cap-treo-da-lat.md,Khám phá hệ thống cáp treo Đà Lạt – Trải nghiệm “hot” được săn đón nhất,Khám phá và trải nghiệm,Đà Lạt,Cao (Pillar)
641_kinh-nghiem-du-lich-con-dao.md,Tổng hợp thông tin về kinh nghiệm du lịch Côn Đảo (2026),Khám phá và trải nghiệm,Khác,Cao (Pillar)
642_lang-chu-tich-ho-chi-minh.md,Lăng chủ tịch Hồ Chí Minh – Kinh nghiệm tham quan mới lạ,Điểm du lịch nổi tiếng,Khác,Trung bình (Vệ tinh)
643_kinh-nghiem-du-lich-sapa.md,Kinh nghiệm du lịch Sapa tự túc chi tiết nhất (2026),Khám phá và trải nghiệm,Sapa,Cao (Pillar)
644_chua-ta-pa-an-giang.md,Chùa Tà Pạ – Độc đáo ngôi chùa trên không tại An Giang (2026),Điểm du lịch nổi tiếng,An Giang,Trung bình (Vệ tinh)
645_kinh-nghiem-du-lich-phap.md,Kinh nghiệm du lịch Pháp – Vùng đất lãng mạn giữa trời Âu (2026),Khám phá và trải nghiệm,Khác,Cao (Pillar)
646_nui-chua-chan-gia-lao-dong-nai.md,Núi Chứa Chan – Địa điểm trekking cực hot ở Đồng Nai,Điểm du lịch nổi tiếng,Khác,Trung bình (Vệ tinh)
647_dia-diem-du-lich-da-nang.md,Du lịch Đà Nẵng – Top 50 điểm check-in không thể bỏ qua 2026,Toplist; Điểm du lịch nổi tiếng,Đà Nẵng,Trung bình (Vệ tinh)
648_khu-bao-ton-dat-ngap-nuoc-lang-sen.md,Khu bảo tồn đất ngập nước Láng Sen – Trở về mùa nước nổi,Điểm du lịch nổi tiếng,Khác,Trung bình (Vệ tinh)
649_kinh-nghiem-du-lich-uc.md,Kinh nghiệm du lịch Úc từ A – Z – Khám phá vùng đất Kangroo,Khám phá và trải nghiệm,Khác,Cao (Pillar)
650_cu-lao-an-binh.md,Cù Lao An Bình – Miệt vườn sông nước Vĩnh Long (2026),Điểm du lịch nổi tiếng,Vĩnh Long,Trung bình (Vệ tinh)
651_tau-cao-toc-greenlines-dp-gia-hop-ly-chat-luong.md,"Tàu cao tốc Greenlines DP: Giá cả hợp lý, chất lượng tuyệt vời",Vé tàu,Khác,Thấp (Thông tin/Dịch vụ)
652_chua-hoang-phap.md,Chùa Hoằng Pháp – Nơi thu hút Phật tử đến tu học nhất Sài Gòn,Điểm du lịch nổi tiếng,Sài Gòn,Trung bình (Vệ tinh)
653_kinh-nghiem-du-lich-hong-kong.md,Du lịch Hồng Kông – Kinh nghiệm du lịch Hồng Kông chi tiết nhất,Khám phá và trải nghiệm,Khác,Cao (Pillar)
654_kinh-nghiem-du-lich-kien-giang.md,Kinh nghiệm du lịch Kiên Giang – Top 7 điểm đến hấp dẫn (2026),Khám phá và trải nghiệm; Toplist,Kiên Giang,Cao (Pillar)
655_nha-tu-phu-quoc.md,Nhà tù Phú Quốc: Di tích lịch sử bi hùng của dân tộc,Điểm du lịch nổi tiếng,Phú Quốc,Trung bình (Vệ tinh)
656_bao-tang-chung-tich-chien-tranh.md,Bảo tàng chứng tích Chiến Tranh – Minh chứng cho những cuộc chiến,Điểm du lịch nổi tiếng,Khác,Trung bình (Vệ tinh)
657_cho-ben-thanh-sai-gon.md,Chợ Bến Thành – Biểu tượng ẩm thực & văn hóa Sài Gòn,Điểm du lịch nổi tiếng,Sài Gòn,Trung bình (Vệ tinh)
658_dac-san-hau-giang.md,Đặc sản Hậu Giang – Top 17 món ăn cực ngon níu chân du khách gần xa,Review ẩm thực; Đặc sản địa phương,Hậu Giang,Cao (Pillar)
659_cach-chong-say-xe-hieu-qua.md,Top 16 cách chống say xe mang lại hiệu quả tức thì 2026,Tips du lịch hay; Toplist,Khác,Trung bình (Vệ tinh)
660_kinh-nghiem-du-lich-binh-dinh.md,Kinh nghiệm du lịch Bình Định – Về thăm quê “Xứ Nẫu” (2026),Khám phá và trải nghiệm,Khác,Cao (Pillar)
661_tau-cao-toc-superdong-nhung-diem-nhan-dang-chu-y.md,Tàu cao tốc Superdong – Những điểm nhấn đáng chú ý (2026),Vé tàu,Khác,Thấp (Thông tin/Dịch vụ)
662_kinh-nghiem-du-lich-dai-loan-tu-tuc.md,Du lịch Đài Loan Tự Túc – Kinh nghiệm khi du lịch Đài Loan,Khám phá và trải nghiệm,Khác,Cao (Pillar)
663_quan-an-ngon-sai-gon.md,Quán ăn ngon Sài Gòn – Review 30+ địa chỉ nổi tiếng năm 2026,Review ẩm thực,Sài Gòn,Cao (Pillar)
664_khu-di-tich-lich-su-lam-kinh-thanh-hoa.md,Di tích lịch sử Lam Kinh – Di tích lịch sử kéo dài trăm năm (2026),Điểm du lịch nổi tiếng,Khác,Trung bình (Vệ tinh)
665_khu-du-lich-xeo-quyt.md,Khu du lịch Xẻo Quýt: Vẻ đẹp sinh thái và ký ức chiến khu,Điểm du lịch nổi tiếng,Khác,Trung bình (Vệ tinh)
666_suoi-ca-than-thanh-hoa.md,Suối cá thần – Khám phá câu chuyện kì bí tại suối cá thần,Điểm du lịch nổi tiếng,Khác,Trung bình (Vệ tinh)
667_kinh-nghiem-du-lich-ha-lan-tu-tuc.md,Kinh nghiệm du lịch Hà Lan – Địa điểm du lịch hot nhất (2026),Khám phá và trải nghiệm,Khác,Cao (Pillar)
668_kinh-nghiem-du-lich-lao.md,Du lịch Lào tự túc – Kinh nghiệm khám phá “đất nước triệu voi”,Khám phá và trải nghiệm,Khác,Cao (Pillar)
669_khu-du-lich-ho-tram-vung-tau.md,Hồ Tràm Vũng Tàu – Thiên đường hải sản và chụp ảnh check-in,Điểm du lịch nổi tiếng,Vũng Tàu,Trung bình (Vệ tinh)
670_kinh-nghiem-du-lich-bi.md,Kinh nghiệm du lịch Bỉ – Khám phá “vương quốc socola” cực hot,Khám phá và trải nghiệm,Khác,Cao (Pillar)
671_ban-cat-cat-sapa.md,Bản Cát Cát Sapa – Ngôi làng đẹp nhất miền Tây Bắc (2026),Điểm du lịch nổi tiếng,Sapa,Trung bình (Vệ tinh)
672_chua-la-sen-dong-thap.md,Chùa Lá Sen Đồng Tháp- Check-in Lá Sen Khổng Lồ,Điểm du lịch nổi tiếng,Đồng Tháp,Trung bình (Vệ tinh)
673_dia-diem-du-lich-viet-nam.md,Top các địa điểm du lịch Việt Nam nổi tiếng nhất không thể bỏ lỡ,Toplist,Khác,Trung bình (Vệ tinh)
674_chua-soc-trang.md,Top 8 ngôi chùa Sóc Trăng có kiến trúc ấn tượng nhất 2026,Toplist; Điểm du lịch nổi tiếng,Sóc Trăng,Trung bình (Vệ tinh)
675_ma-thien-lanh-tay-ninh.md,Ma Thiên Lãnh Tây Ninh – Điểm trekking đầy ma mị 2026,Điểm du lịch nổi tiếng,Khác,Trung bình (Vệ tinh)
676_dac-san-phu-yen.md,Đặc sản Phú Yên – Top 25 món ăn nhất định phải thử,Toplist; Đặc sản địa phương,Khác,Cao (Pillar)
677_cau-ham-rong-thanh-hoa.md,Cầu Hàm Rồng – Chứng tích lịch sử quan trọng Thanh Hoá (2026),Điểm du lịch nổi tiếng,Khác,Trung bình (Vệ tinh)
678_kinh-nghiem-du-lich-ha-giang.md,Du lịch Hà Giang – Choáng ngộp với 14 điểm đến nổi tiếng (2026),Điểm du lịch nổi tiếng,Khác,Trung bình (Vệ tinh)
679_kinh-nghiem-du-lich-nha-trang.md,"Kinh nghiệm du lịch Nha Trang: Ăn gì, chơi gì, ở đâu? (2026)",Khám phá và trải nghiệm,Nha Trang,Cao (Pillar)
680_kinh-nghiem-du-lich-yen-tu.md,Yên Tử Quảng Ninh – Trải nghiệm “đất thiêng” tiên cảnh (2026),Điểm du lịch nổi tiếng,Khác,Trung bình (Vệ tinh)
681_khu-du-lich-sinh-thai-phuoc-my-thanh-dong-thap.md,Khu du lịch sinh thái Mỹ Phước Thành với đồng sen “mê hồn” 2026,Điểm du lịch nổi tiếng,Khác,Trung bình (Vệ tinh)
682_chua-kim-tien-an-giang.md,Chùa Kim Tiên An Giang – Vãng cảnh chốn bồng lai “Bảy Núi”,Điểm du lịch nổi tiếng,An Giang,Trung bình (Vệ tinh)
683_kinh-nghiem-du-lich-ha-tien.md,Du lịch Hà Tiên Kiên Giang – Top 8 điểm đến hấp dẫn nhất 2026,Toplist; Điểm du lịch nổi tiếng,Kiên Giang,Trung bình (Vệ tinh)
684_tuyet-tinh-coc-hai-phong.md,Tuyệt Tình Cốc – Tuyệt cảnh “sống ảo” tại Hải Phòng (2026),Điểm du lịch nổi tiếng,Khác,Trung bình (Vệ tinh)
685_du-lich-tay-ninh-co-gi-choi.md,Top 20 Du lịch Tây Ninh – không nên bỏ lỡ 2026,Toplist; Điểm du lịch nổi tiếng,Khác,Trung bình (Vệ tinh)
686_dia-diem-du-lich-thanh-hoa.md,Top các địa điểm du lịch Thanh Hóa mới nhất 2026,Điểm du lịch nổi tiếng,Khác,Trung bình (Vệ tinh)
687_cho-dong-ba-hue.md,Chợ Đông Ba (Huế) có gì mà khiến du khách ‘mê mẩn’ suốt 100 năm qua?,Điểm du lịch nổi tiếng,Khác,Trung bình (Vệ tinh)
688_cong-vien-giai-tri-kittyd-minnied-dai-hoc-vo-truong-toan.md,Khám phá công viên giải trí Kittyd & Minnied – ĐH Võ Trường Toản,Điểm du lịch nổi tiếng,Khác,Trung bình (Vệ tinh)
689_doi-cuu-vung-tau.md,Đồi cừu Vũng Tàu – Địa điểm check in đẹp từng centimet,Điểm du lịch nổi tiếng,Vũng Tàu,Trung bình (Vệ tinh)
690_chua-vinh-nghiem.md,Chùa Vĩnh Nghiêm – Điểm du lịch tâm linh nổi tiếng Sài Gòn,Điểm du lịch nổi tiếng,Sài Gòn,Trung bình (Vệ tinh)
691_ban-dao-son-tra-da-nang.md,Bán Đảo Sơn Trà – Hướng dẫn du lịch Bán đảo Sơn Trà (2026),Điểm du lịch nổi tiếng,Khác,Trung bình (Vệ tinh)
692_chua-ba-den-tay-ninh.md,Chùa Bà Đen Tây Ninh – Du lịch tâm linh nổi tiếng nhất Việt Nam,Điểm du lịch nổi tiếng,Khác,Trung bình (Vệ tinh)
693_nha-up-nguoc-sa-dec-dong-thap.md,Nhà úp ngược Sa Đéc – Ngôi nhà độc nhất vô nhị miền Tây,Điểm du lịch nổi tiếng,Khác,Trung bình (Vệ tinh)
694_cac-le-hoi-o-mien-nam.md,Khám phá Top 11 lễ hội ở miền Nam (2026),Văn hóa và lễ hội,Khác,Cao (Pillar)
695_dac-san-nam-du.md,Top 15 món đặc sản Nam Du hấp dẫn (2026),Đặc sản địa phương,Khác,Cao (Pillar)
696_nha-co-cai-cuong.md,Nhà cổ Cai Cường – Nhà cổ đẹp nhất cù lao An Bình (2026),Điểm du lịch nổi tiếng,Khác,Trung bình (Vệ tinh)
697_bao-tang-lich-su-viet-nam.md,Bảo tàng Lịch sử Việt Nam – Khoảnh khắc lịch sử thiêng liêng,Điểm du lịch nổi tiếng,Khác,Trung bình (Vệ tinh)
698_lau-ga-la-e-da-lat.md,Lẩu gà lá é Đà Lạt – Top 10 quán lẩu ngon nức tiếng (2026),Review ẩm thực; Toplist,Đà Lạt,Cao (Pillar)
699_ham-thu-thiem.md,"Hầm Thủ Thiêm – Điểm hẹn check in, ăn uống cuối tuần Sài Gòn",Điểm du lịch nổi tiếng,Sài Gòn,Trung bình (Vệ tinh)
700_pho-co-hoi-an.md,Check-in Phố cổ Hội An – Vẻ đẹp lắng đọng theo thời gian,Điểm du lịch nổi tiếng,Khác,Trung bình (Vệ tinh)
701_pho-ha-noi.md,Phở Hà Nội – Top 16 quán phở gia truyền cực ngon 2026,Review ẩm thực; Toplist,Hà Nội,Cao (Pillar)
702_khu-du-lich-dai-nam.md,Khu du lịch Đại Nam – Khu giải trí tích hợp đỉnh cao,Điểm du lịch nổi tiếng,Khác,Trung bình (Vệ tinh)
703_dac-san-con-dao.md,Top 14 món ăn đặc sản Côn Đảo không thể bỏ lỡ,Đặc sản địa phương,Khác,Cao (Pillar)
704_chua-xiem-can-bac-lieu.md,Chùa Xiêm Cán – Khám phá ngôi chùa đẹp nhất Bạc Liêu,Điểm du lịch nổi tiếng,Bạc Liêu,Trung bình (Vệ tinh)
705_tong-hop-tour-mien-tay-2-ngay-1-dem-dang-di-nhat.md,Top 6 tour miền Tây 2 ngày 1 đêm nổi bật 2026,Toplist,Khác,Trung bình (Vệ tinh)
706_tong-hop-tour-du-lich-mien-tay-dang-trai-nghiem.md,Top 7 tour du lịch miền Tây đáng trải nghiệm,Toplist,Khác,Trung bình (Vệ tinh)
707_con-thoi-son-tien-giang.md,Cồn Thới Sơn Tiền Giang – Check-in miệt vườn miền Tây,Điểm du lịch nổi tiếng,Tiền Giang,Trung bình (Vệ tinh)
708_tong-hop-tour-can-tho-hap-dan.md,Tổng hợp các tour Cần Thơ hấp dẫn 2026,Toplist,Cần Thơ,Trung bình (Vệ tinh)
709_tong-hop-tour-du-lich-an-giang-tai-nu-cuoi-me-kong.md,Tổng hợp 4 tour du lịch An Giang nổi bật tại Nụ Cười Mê Kông,Toplist,An Giang,Trung bình (Vệ tinh)
710_tour-du-lich-ca-mau-hot-tai-nu-cuoi-me-kong.md,Tổng hợp các tour du lịch Cà Mau hot tại Nụ Cười Mê Kông,Toplist,Cà Mau,Trung bình (Vệ tinh)
711_kinh-nghiem-du-lich-dubai-tu-tuc.md,Kinh nghiệm du lịch Dubai tự túc mới nhất 2026,Khám phá và trải nghiệm,Khác,Cao (Pillar)
712_dac-san-nha-trang.md,Top 22 đặc sản Nha Trang “không thể chối từ” 2026,Toplist; Đặc sản địa phương,Nha Trang,Cao (Pillar)
713_canh-dong-muoi-bac-lieu.md,Cánh đồng muối Bạc Liêu – Địa điểm check-in “hot rần rần”,Điểm du lịch nổi tiếng,Bạc Liêu,Trung bình (Vệ tinh)
714_cho-noi-nga-nam-soc-trang.md,Chợ nổi Ngã Năm – Ngắm trọn vẻ đẹp văn hóa Việt 2026,Điểm du lịch nổi tiếng,Khác,Trung bình (Vệ tinh)
715_combo-con-dao-2-ngay-1-dem-may-bay.md,Combo Côn Đảo 2 ngày 1 đêm – Di chuyển máy bay từ Cần Thơ,Combo du lịch,Cần Thơ,Trung bình (Vệ tinh)
716_nha-tho-domaine-de-marie.md,Nhà thờ Domaine De Marie – Châu Âu thu nhỏ giữa Đà Lạt,Điểm du lịch nổi tiếng,Đà Lạt,Trung bình (Vệ tinh)
717_chua-chen-kieu.md,Chùa Chén Kiểu Sóc Trăng – “Độc đáo” ngôi chùa kiến trúc bằng “chén”,Điểm du lịch nổi tiếng,Sóc Trăng,Trung bình (Vệ tinh)
718_bao-tang-can-tho.md,"Bảo Tàng Cần Thơ: Lịch Sử, Văn Hóa & Trải Nghiệm 2026",Điểm du lịch nổi tiếng,Cần Thơ,Trung bình (Vệ tinh)
719_chua-quan-am-da-lat.md,Chùa Quan Âm Đà Lạt – Ngôi chùa nổi tiếng ở Đà Lạt (2026),Điểm du lịch nổi tiếng,Đà Lạt,Trung bình (Vệ tinh)
720_tu-vien-bat-nha-bao-loc.md,Tu viện Bát Nhã Bảo Lộc – Thiền viện đẹp nhất tại Lâm Đồng?,Điểm du lịch nổi tiếng,Khác,Trung bình (Vệ tinh)
721_ngon-hai-dang-vung-tau.md,Ngọn hải đăng Vũng Tàu – Khám phá nét đẹp hoang sơ ở Vũng Tàu,Điểm du lịch nổi tiếng,Vũng Tàu,Trung bình (Vệ tinh)
722_dac-san-ca-mau.md,Top 28 đặc Sản Cà Mau nhất định phải thử 2026,Toplist; Đặc sản địa phương,Cà Mau,Cao (Pillar)
723_chua-nam-nha-can-tho.md,Chùa Nam Nhã Cần Thơ: Dấu Ấn Văn Hóa & Tâm Linh 2026,Điểm du lịch nổi tiếng,Cần Thơ,Trung bình (Vệ tinh)
724_dinh-binh-thuy-can-tho.md,Đình Bình Thủy – Biểu tượng văn hóa miền Tây Nam Bộ 2026,Điểm du lịch nổi tiếng,Khác,Trung bình (Vệ tinh)
725_cau-tinh-yeu-can-tho.md,Cầu đi bộ Ninh Kiều: Biểu Tượng & Kinh nghiệm du lịch 2026,Điểm du lịch nổi tiếng,Khác,Cao (Pillar)
726_cau-can-tho.md,"Cầu Cần Thơ: Lịch Sử, Thông Tin, Kinh Nghiệm Du Lịch 2026",Khám phá và trải nghiệm,Cần Thơ,Cao (Pillar)
727_ve-tau-rach-gia-hon-son.md,Vé tàu Rạch Giá Hòn Sơn – Giá vé mới nhất từ các hãng tàu,Vé tàu,Khác,Thấp (Thông tin/Dịch vụ)
728_vi-sao-phai-mua-tour-nuoc-ngoai-tai-nu-cuoi-me-kong.md,Vì sao phải mua tour du lịch nước ngoài tại Nụ Cười Mê Kông?,Tin tức,Khác,Thấp (Thông tin/Dịch vụ)
729_cho-dem-can-tho.md,Chợ Đêm Ninh Kiều Cần Thơ: Thiên đường ẩm thực & Mua sắm 2026,Điểm du lịch nổi tiếng,Cần Thơ,Trung bình (Vệ tinh)
730_top-tour-dai-le-30-4-1-5.md,Top tour Đại Lễ 30/4-1/5: Vui Lễ Chơi Xa – Ưu Đãi Bao La,Tin tức; Toplist,Khác,Thấp (Thông tin/Dịch vụ)
731_khuyen-mai-tour-le-30-4-1-5.md,Vui Lễ chơi xa – Ưu đãi bao la cho dịp lễ 30/4-1/5,Khuyến mãi - Mã giảm giá,Khác,Thấp (Thông tin/Dịch vụ)
732_kinh-nghiem-du-lich-phu-quoc.md,Kinh nghiệm du lịch Phú Quốc – Check-in “đảo ngọc” xinh đẹp,Khám phá và trải nghiệm,Phú Quốc,Cao (Pillar)
733_chua-phat-hoc.md,Chùa Phật Học – Ngôi chùa linh thiêng ở Cần Thơ,Điểm du lịch nổi tiếng,Cần Thơ,Trung bình (Vệ tinh)
734_chua-ong-can-tho.md,"Chùa Ông Cần Thơ: Lịch Sử, Kiến Trúc & Kinh Nghiệm Du Lịch",Điểm du lịch nổi tiếng,Cần Thơ,Cao (Pillar)
735_chua-kien-an-cung.md,Chùa Kiến An Cung Sa Đéc Đồng Tháp cổ kính và linh thiêng,Điểm du lịch nổi tiếng,Đồng Tháp,Trung bình (Vệ tinh)
736_kinh-nghiem-du-lich-hon-son-kien-giang.md,Hòn Sơn – Check-in “Maldives thu nhỏ” cực đẹp miền Tây (2026),Điểm du lịch nổi tiếng,Khác,Trung bình (Vệ tinh)
737_vuon-quoc-gia-u-minh-ha.md,Vườn quốc gia U Minh Hạ – Check-in cung đường xuyên rừng,Khám phá và trải nghiệm,Khác,Cao (Pillar)
738_bien-ba-dong-tra-vinh.md,Biển Ba Động Trà Vinh – Kinh nghiệm du lịch thực tế hấp dẫn,Điểm du lịch nổi tiếng,Trà Vinh,Cao (Pillar)
739_cach-chup-anh-dep-bang-dien-thoai.md,Mẹo 13 cách chụp ảnh đẹp bằng điện thoại hiệu quả nhất (2026),Tips du lịch hay,Khác,Trung bình (Vệ tinh)
740_khu-di-tich-gian-gua-can-tho.md,Khu di tích lịch sử Giàn Gừa – Khám phá cây giàn gừa khổng lồ,Điểm du lịch nổi tiếng,Khác,Trung bình (Vệ tinh)
741_dac-san-mien-tay.md,Đặc sản miền Tây – Top 28 món ăn ngon nhất định phải thử (2026),Review ẩm thực; Về miền Tây; Đặc sản địa phương,Khác,Cao (Pillar)
742_cho-noi-phong-dien-can-tho.md,Chợ nổi Phong Điền: Nét văn hóa sông nước đặc sắc của Cần Thơ,Điểm du lịch nổi tiếng,Cần Thơ,Trung bình (Vệ tinh)
743_chien-dich-csr-cho-noi-cai-rang-don-tet-tren-song.md,Chiến dịch CSR Chợ nổi Cái Răng: “Đón Tết trên sông” 2026,Phát triển bền vững; Tin tức,Khác,Cao (Pillar)
744_cho-noi-mien-tay.md,Chợ nổi Miền Tây – Top 8 ngôi chợ nổi nức tiếng “vùng đất 9 rồng”,Điểm du lịch nổi tiếng,Khác,Trung bình (Vệ tinh)
745_cho-tinh-bien.md,Chợ Tịnh Biên Châu Đốc An Giang | Có bán đặc sản gì,Đặc sản địa phương; Điểm du lịch nổi tiếng,An Giang,Cao (Pillar)
746_chua-khmer-can-tho-munir-ansay.md,Chùa Munir Ansay – Ngôi chùa Khmer đẹp nhất Cần Thơ,Điểm du lịch nổi tiếng,Cần Thơ,Trung bình (Vệ tinh)
747_kinh-nghiem-du-lich-ben-tre.md,Du lịch Bến Tre – Khám phá “Vương quốc dừa” ở miền Tây (2026),Khám phá và trải nghiệm,Bến Tre,Cao (Pillar)
748_nui-ket-an-giang.md,Núi Két An Giang – Khám phá Thất Sơn huyền bí An Giang (2026),Điểm du lịch nổi tiếng,An Giang,Trung bình (Vệ tinh)
749_co-gi-trong-tau-cao-toc-mai-linh-express.md,Tàu cao tốc Mai Linh Express: Trải nghiệm 5 sao tuyến Cần Thơ – Côn Đảo,Vé tàu,Cần Thơ,Thấp (Thông tin/Dịch vụ)
750_ve-tau-ha-tien-tien-hai.md,"Vé tàu Hà Tiên Tiên Hải: Lịch tàu, giá vé đi Đảo Hải Tặc năm 2026",Dịch vụ; Vé tàu,Khác,Thấp (Thông tin/Dịch vụ)
751_vuon-quyt-hong-lai-vung.md,Vườn quýt hồng Lai Vung Đồng Tháp – Địa điểm cực đẹp mùa Tết,Điểm du lịch nổi tiếng,Đồng Tháp,Trung bình (Vệ tinh)
752_chua-thien-mu-hue.md,Chùa Thiên Mụ ở Huế – Khám phá “linh hồn” của đất Cố đô 2026,Điểm du lịch nổi tiếng,Khác,Trung bình (Vệ tinh)
753_dac-san-can-tho.md,Top 22 đặc sản Cần Thơ – Các món ăn ngon nhất Cần Thơ (2026),Review ẩm thực; Đặc sản địa phương,Cần Thơ,Cao (Pillar)
754_bung-binh-thien.md,Búng Bình Thiên – Khám phá “hồ nước ngọt trời ban” tại An Giang,Điểm du lịch nổi tiếng,An Giang,Trung bình (Vệ tinh)
755_cu-lao-may-vinh-long.md,Cù lao Mây – Khám phá miệt vườn sông nước Vĩnh Long (2026),Điểm du lịch nổi tiếng,Vĩnh Long,Trung bình (Vệ tinh)
756_cu-lao-tan-phong.md,Cù lao Tân Phong – Điểm đến lý tưởng du lịch Tiền Giang,Điểm du lịch nổi tiếng,Tiền Giang,Trung bình (Vệ tinh)
757_con-chim-tra-vinh.md,Cồn Chim – Du lịch cộng đồng “Ốc đảo xanh” của Trà Vinh 2026,Điểm du lịch nổi tiếng,Trà Vinh,Trung bình (Vệ tinh)
758_eo-gio-ky-co-quy-nhon.md,Eo Gió Kỳ Co Quy Nhơn – Địa điểm check-in cực “ảo” 2026,Điểm du lịch nổi tiếng,Quy Nhơn,Trung bình (Vệ tinh)
759_me-nam-hai-bac-lieu.md,Mẹ Nam Hải Bạc Liêu – Bí ẩn về Quan Âm Phật Đài (2026),Điểm du lịch nổi tiếng,Bạc Liêu,Trung bình (Vệ tinh)
760_cho-noi-cai-be.md,Chợ nổi Cái Bè Tiền Giang – Kinh nghiệm du lịch từ A đến Z (2026),Điểm du lịch nổi tiếng,Tiền Giang,Cao (Pillar)
761_chua-phat-ngoc-xa-loi-vinh-long.md,Chùa Phật Ngọc Xá Lợi – Ngôi chùa “hot” nhất Vĩnh Long (2026),Điểm du lịch nổi tiếng,Vĩnh Long,Trung bình (Vệ tinh)
762_nui-cam-an-giang.md,Núi Cấm An Giang – Bí ẩn vùng đất “Thất Sơn” huyền bí (2026),Điểm du lịch nổi tiếng,An Giang,Trung bình (Vệ tinh)
763_chua-lau-tinh-bien-an-giang.md,Khám phá chùa Lầu – Vẻ đẹp độc đáo của “Tiểu Nhật Bản”,Điểm du lịch nổi tiếng,Khác,Trung bình (Vệ tinh)
764_ho-ta-pa-an-giang.md,Hồ Tà Pạ – Vẻ đẹp “Tuyệt Tình Cốc” ở An Giang (2026),Điểm du lịch nổi tiếng,An Giang,Trung bình (Vệ tinh)
765_khu-du-lich-ong-de.md,Khám phá khu du lịch Ông Đề-Ăn chơi thả ga đậm chất miền Tây,Điểm du lịch nổi tiếng,Khác,Trung bình (Vệ tinh)
766_chua-banh-xeo-an-giang.md,Chùa Bánh Xèo An Giang – Viếng Thiền viện Đông Lai (2026),Điểm du lịch nổi tiếng,An Giang,Trung bình (Vệ tinh)
767_lang-noi-chau-doc-an-giang.md,Làng nổi Châu Đốc An Giang – Ngôi làng độc đáo ở miền Tây,Điểm du lịch nổi tiếng,An Giang,Trung bình (Vệ tinh)
768_can-nha-dat-vang-can-tho.md,Căn nhà dát vàng ở Cần Thơ – “Cung điện” độc đáo tại Tây Đô,Điểm du lịch nổi tiếng,Cần Thơ,Trung bình (Vệ tinh)
769_cho-noi-nga-bay-hau-giang.md,Chợ nổi Ngã Bảy – “Chợ nổi Phụng Hiệp” ở Hậu Giang,Điểm du lịch nổi tiếng,Hậu Giang,Trung bình (Vệ tinh)
770_tet-an-yen.md,Nụ Cười Mê Kông – Tết An Yên,Tin tức,Khác,Thấp (Thông tin/Dịch vụ)
771_dao-hai-tac-kien-giang.md,Đảo Hải Tặc Kiên Giang – Cùng phượt “đảo Robinson”,Điểm du lịch nổi tiếng,Kiên Giang,Trung bình (Vệ tinh)
772_quan-an-vat-can-tho.md,Top 23 các quán ăn vặt ngon rẻ – Các món ăn vặt ngon ở Cần Thơ,Review ẩm thực; Toplist Cần Thơ; Đặc sản địa phương,Cần Thơ,Cao (Pillar)
773_thien-vien-truc-lam-chanh-giac-tien-giang.md,Thiền Viện Trúc Lâm Chánh Giác – Khám phá “Tiểu Ấn Độ” Tiền Giang,Điểm du lịch nổi tiếng,Tiền Giang,Trung bình (Vệ tinh)
774_doi-tuc-dup-an-giang.md,Đồi Tức Dụp – Khám phá “đồi 2 triệu đô la” tại An Giang,Điểm du lịch nổi tiếng,An Giang,Trung bình (Vệ tinh)
775_kinh-nghiem-du-lich-sai-gon.md,Kinh nghiệm du lịch Sài Gòn từ A đến Z – Khám phá Hòn Ngọc Viễn Đông,Khám phá và trải nghiệm,Sài Gòn,Cao (Pillar)
776_kinh-nghiem-du-lich-bac-lieu.md,Du lịch Bạc Liêu – Kinh nghiệm du lịch Bạc Liêu từ A đến Z,Khám phá và trải nghiệm,Bạc Liêu,Cao (Pillar)
777_thien-vien-truc-lam-soc-trang.md,Thiền viện Trúc Lâm Sóc Trăng – Điểm đến tâm linh 2026,Điểm du lịch nổi tiếng,Sóc Trăng,Trung bình (Vệ tinh)
778_khu-du-lich-can-gio.md,Cần Giờ có gì vui – Kinh nghiệm du lịch Cần Giờ từ A đến Z,Khám phá và trải nghiệm,Khác,Cao (Pillar)
779_dong-sen-thap-muoi.md,Đồng Sen Tháp Mười – Lạc vào xứ sở “sen hồng” miền Tây (2026),Điểm du lịch nổi tiếng,Khác,Trung bình (Vệ tinh)
780_khu-du-lich-van-huong-mai.md,Khu du lịch Vạn Hương Mai – Điểm vui chơi hấp dẫn tại An Giang,Điểm du lịch nổi tiếng,An Giang,Trung bình (Vệ tinh)
781_vuon-quoc-gia-u-minh-thuong.md,Vườn quốc gia U Minh Thượng – Thiên nhiên hoang dã Miền Tây,Điểm du lịch nổi tiếng,Khác,Trung bình (Vệ tinh)
782_ma-thien-lanh-hon-son.md,Khám phá Ma Thiên Lãnh – Chinh phục ngọn núi bí ẩn ở Hòn Sơn,Điểm du lịch nổi tiếng,Khác,Trung bình (Vệ tinh)
783_vuon-hoa-da-lat-dep.md,Top 24 vườn hoa Đà Lạt cực đẹp – Tha hồ check-in sống ảo,Khám phá và trải nghiệm; Toplist,Đà Lạt,Cao (Pillar)
784_quan-dao-ba-lua-kien-giang.md,Quần đảo Bà Lụa – Khám phá Ba Hòn Đầm nổi tiếng tại Kiên Giang,Khám phá và trải nghiệm,Kiên Giang,Cao (Pillar)
785_hoi-cho-du-lich-quoc-te-can-tho-2019.md,Hội chợ du lịch quốc tế Cần Thơ | Những điều thú vị ở VITM 2019,Tin tức; Văn hóa và lễ hội,Cần Thơ,Cao (Pillar)
786_nui-co-to-an-giang.md,Núi Cô Tô – Săn mây trên đỉnh núi cực đẹp ở An Giang (2026),Điểm du lịch nổi tiếng,An Giang,Trung bình (Vệ tinh)
787_cho-dem-phu-quoc.md,Chợ đêm Phú Quốc – “Thiên đường ẩm thực” ở Phú Quốc (2026),Điểm du lịch nổi tiếng,Phú Quốc,Trung bình (Vệ tinh)
788_hon-thom-phu-quoc.md,Hòn Thơm Phú Quốc – Thiên đường nghỉ dưỡng hấp dẫn 2026,Điểm du lịch nổi tiếng,Phú Quốc,Trung bình (Vệ tinh)
